course_id,title,num_inst,status,priority,added_utc,drafted_utc,pushed_utc,notes
ENC1101C,ENGLISH COMPOSITION I,71,pushed,929,2026-05-03T12:47:43Z,2026-05-03T13:08:06Z,2026-05-03T14:28:35Z,Top priority - high-volume gen-ed
NUR3145,PHARMACOLOGY,22,pushed,930,2026-08-31T00:09:01Z,2026-08-31T01:24:18Z,2026-08-31T09:07:09Z,Daytona State College project
PMT0076C,Advanced Welder 2,22,pushed,930,2026-08-31T00:09:01Z,2026-08-31T01:24:18Z,2026-08-31T09:07:09Z,Daytona State College project
RTE1418C,PRINCIPLES OF RADIOGRAPHIC EXPOSURE I,22,pushed,930,2026-08-31T00:09:01Z,2026-08-31T01:26:21Z,2026-08-31T09:07:09Z,Daytona State College project
CJK0421,CONDUCTED ELECTRICAL WEAPON/DART-FIRING STUN GUN,21,pushed,931,2026-08-31T00:09:01Z,2026-08-31T01:24:18Z,2026-08-31T09:07:09Z,Daytona State College project
FIN3403,FINANCIAL MANAGEMENT,21,pushed,931,2026-08-31T00:09:01Z,2026-08-31T01:26:21Z,2026-08-31T09:07:10Z,Daytona State College project
HIM1000C,INTRODUCTION TO HEALTH INFORMATION MANAGEMENT,21,pushed,931,2026-08-31T00:09:01Z,2026-08-31T09:25:10Z,2026-08-31T09:40:44Z,Daytona State College project
MUT1242C,SIGHT SINGING AND EAR TRAINING II,21,pushed,931,2026-08-31T00:09:01Z,2026-08-31T09:22:20Z,2026-08-31T09:40:44Z,Daytona State College project
MUT2246C,AURAL THEORY III,21,pushed,931,2026-08-31T00:09:01Z,2026-08-31T09:22:20Z,2026-08-31T09:40:45Z,Daytona State College project
PLA1003,INTRODUCTION TO PARALEGAL STUDIES,21,pushed,931,2026-08-31T00:09:01Z,2026-08-31T09:25:10Z,2026-08-31T09:40:45Z,Daytona State College project
PLA2800,FAMILY LAW,21,pushed,931,2026-08-31T00:09:01Z,2026-08-31T09:25:10Z,2026-08-31T09:40:45Z,Daytona State College project
RET2714C,PEDIATRIC AND NEONATAL RESPIRATORY CARE,21,pushed,931,2026-08-31T00:09:01Z,2026-08-31T09:46:04Z,2026-08-31T11:27:52Z,Daytona State College project
CJK0002,INTRODUCTION TO LAW ENFORCEMENT,20,pushed,932,2026-08-31T00:09:01Z,2026-08-31T09:43:35Z,2026-08-31T11:27:53Z,Daytona State College project
CJK0016,COMMUNICATION,20,pushed,932,2026-08-31T00:09:01Z,2026-08-31T09:43:35Z,2026-08-31T11:27:53Z,Daytona State College project
CJK0018,LEGAL,20,pushed,932,2026-08-31T00:09:01Z,2026-08-31T09:46:04Z,2026-08-31T11:27:53Z,Daytona State College project
CJK0019,INTERVIEWING AND REPORT WRITING,20,pushed,932,2026-08-31T00:09:01Z,2026-08-31T09:46:04Z,2026-08-31T11:27:53Z,Daytona State College project
CJK0021,SERVING YOUR COMMUNITY,20,pushed,932,2026-08-31T00:09:01Z,2026-08-31T11:30:26Z,2026-08-31T12:03:35Z,Daytona State College project
CJK0063,FUNDAMENTALS OF PATROL,20,pushed,932,2026-08-31T00:09:01Z,2026-08-31T11:30:26Z,2026-08-31T12:03:35Z,Daytona State College project
CJK0072,CRIMES AGAINST PERSONS,20,pushed,932,2026-08-31T00:09:01Z,2026-08-31T11:32:40Z,2026-08-31T12:03:35Z,Daytona State College project
CJK0073C,CRIMES INVOLVING PROPERTY AND SOCIETY,20,pushed,932,2026-08-31T00:09:01Z,2026-08-31T11:32:40Z,2026-08-31T12:03:35Z,Daytona State College project
CJK0079,CRIME SCENE FOLLOW-UP INVESTIGATIONS,20,pushed,932,2026-08-31T00:09:01Z,2026-08-31T11:32:40Z,2026-08-31T12:03:35Z,Daytona State College project
CJK0400C,TRAFFIC INCIDENTS,20,pushed,932,2026-08-31T00:09:01Z,2026-08-31T12:05:48Z,2026-08-31T12:17:37Z,Daytona State College project
CJK0401,TRAFFIC STOPS,20,pushed,932,2026-08-31T00:09:01Z,2026-08-31T12:05:48Z,2026-08-31T12:17:37Z,Daytona State College project
CJK0402,TRAFFIC CRASH INVESTIGATIONS,20,pushed,932,2026-08-31T00:09:01Z,2026-08-31T12:08:20Z,2026-08-31T12:17:37Z,Daytona State College project
CJK0403,DUI TRAFFIC STOPS,20,pushed,932,2026-08-31T00:09:01Z,2026-08-31T12:08:20Z,2026-08-31T12:17:37Z,Daytona State College project
FFP2521C,CONSTRUCTION DOCUMENTS AND PLANS REVIEW,20,pushed,932,2026-08-31T00:09:01Z,2026-08-31T12:08:20Z,2026-08-31T12:17:38Z,Daytona State College project
FFP2720,COMPANY OFFICER,20,pushed,932,2026-08-31T00:09:01Z,2026-08-31T12:23:33Z,2026-08-31T12:49:25Z,Daytona State College project
MAN4504,OPERATIONAL DECISION MAKING,20,pushed,932,2026-08-31T00:09:01Z,2026-08-31T12:23:33Z,2026-08-31T12:49:25Z,Daytona State College project
MUT2247C,SIGHT SINGING AND EAR TRAINING IV,20,pushed,932,2026-08-31T00:09:01Z,2026-08-31T12:20:34Z,2026-08-31T12:49:25Z,Daytona State College project
RTE1000C,INTRODUCTION TO RADIOLOGIC TECHNOLOGY,20,pushed,932,2026-08-31T00:09:01Z,2026-08-31T12:20:34Z,2026-08-31T12:49:26Z,Daytona State College project
TSL3080,ESOL ISSUES AND STRATEGIES I,20,pushed,932,2026-08-31T00:09:01Z,2026-08-31T12:23:33Z,2026-08-31T12:49:26Z,Daytona State College project
BUL3130,LEGAL AND ETHICAL ENVIRONMENT OF BUSINESS,19,pushed,933,2026-08-31T00:09:01Z,2026-08-31T12:55:30Z,2026-08-31T12:56:57Z,Daytona State College project
DEH1800C,DENTAL HYGIENE I,19,pushed,933,2026-08-31T00:09:01Z,2026-08-31T12:52:43Z,2026-08-31T12:56:57Z,Daytona State College project
DES1200C,DENTAL RADIOLOGY,19,pushed,933,2026-08-31T00:09:01Z,2026-08-31T12:52:43Z,2026-08-31T12:56:57Z,Daytona State College project
EEX2010,INTRODUCTION TO SPECIAL EDUCATION,19,pushed,933,2026-08-31T00:09:01Z,2026-08-31T12:55:30Z,2026-08-31T12:56:57Z,Daytona State College project
FFP2811,FIREFIGHTING TACTICS AND STRATEGIES II,19,pushed,933,2026-08-31T00:09:01Z,2026-08-31T12:55:30Z,2026-08-31T12:56:57Z,Daytona State College project
LIS2004,RESEARCH STRATEGIES FOR COLLEGE STUDENTS,19,pushed,933,2026-08-31T00:09:01Z,2026-08-31T13:02:34Z,2026-08-31T13:04:58Z,Daytona State College project
NUR3065C,HEALTH ASSESSMENT,19,pushed,933,2026-08-31T00:09:01Z,2026-08-31T13:02:34Z,2026-08-31T13:04:58Z,Daytona State College project
ACG3024,ACCOUNTING FOR NON-FINANCIAL MAJORS,18,pushed,934,2026-08-31T00:09:01Z,2026-08-31T13:02:34Z,2026-08-31T13:04:58Z,Daytona State College project
CJC1000,INTRODUCTION TO CORRECTIONS,18,pushed,934,2026-08-31T00:09:01Z,2026-08-31T12:59:50Z,2026-08-31T13:04:58Z,Daytona State College project
CJK0111,INTERVIEWING AND REPORT WRITING IN CORRECTIONS,18,pushed,934,2026-08-31T00:09:01Z,2026-08-31T12:59:50Z,2026-08-31T13:04:58Z,Daytona State College project
CJK0301,INTRODUCTION TO CORRECTIONS,18,pushed,934,2026-08-31T00:09:01Z,2026-08-31T13:07:00Z,2026-08-31T13:11:22Z,Daytona State College project
CJK0306,COMMUNICATION FOR CORRECTIONAL OFFICERS,18,pushed,934,2026-08-31T00:09:01Z,2026-08-31T13:07:00Z,2026-08-31T13:11:22Z,Daytona State College project
CJK0321,INTAKE AND RELEASE,18,pushed,934,2026-08-31T00:09:01Z,2026-08-31T13:09:17Z,2026-08-31T13:11:22Z,Daytona State College project
CJK0324,SUPERVISION IN A CORRECTIONAL FACILITY,18,pushed,934,2026-08-31T00:09:01Z,2026-08-31T13:09:17Z,2026-08-31T13:11:22Z,Daytona State College project
CJK0327,SHIFT MANAGEMENT AND SAFETY,18,pushed,934,2026-08-31T00:09:01Z,2026-08-31T13:09:17Z,2026-08-31T13:11:23Z,Daytona State College project
CJK0336,INCIDENTS AND EMERGENCIES IN CORRECTIONAL FACILITIES,18,pushed,934,2026-08-31T00:09:01Z,2026-08-31T13:13:53Z,2026-08-31T13:32:01Z,Daytona State College project
CJK0355,LEGAL FOR CORRECTIONAL OFFICERS,18,pushed,934,2026-08-31T00:09:01Z,2026-08-31T13:13:53Z,2026-08-31T13:32:02Z,Daytona State College project
HIM2012,HEALTH LAW CONCEPTS AND PRACTICES,18,pushed,934,2026-08-31T00:09:01Z,2026-08-31T13:16:36Z,2026-08-31T13:32:02Z,Daytona State College project
RED4519C,DIAGNOSTIC AND INSTRUCTIONAL INTERVENTIONS IN READING,18,pushed,934,2026-08-31T00:09:01Z,2026-08-31T13:16:36Z,2026-08-31T13:32:02Z,Daytona State College project
RET1485C,CARDIOPULMONARY ANATOMY AND PHYSIOLOGY,18,pushed,934,2026-08-31T00:09:01Z,2026-08-31T13:16:36Z,2026-08-31T13:32:02Z,Daytona State College project
RTE2061,RADIOGRAPHIC SEMINAR,18,pushed,934,2026-08-31T00:09:01Z,2026-08-31T13:37:23Z,2026-08-31T13:37:58Z,Daytona State College project
RTE2385C,RADIATION BIOLOGY,18,pushed,934,2026-08-31T00:09:01Z,2026-08-31T13:37:23Z,2026-08-31T13:37:58Z,Daytona State College project
CCJ1010,INTRODUCTION TO CRIMINOLOGY,17,pushed,935,2026-08-31T00:09:01Z,2026-08-31T13:37:23Z,2026-08-31T13:37:58Z,Daytona State College project
CJK0326,SUPERVISING CORRECTIONAL POPULATIONS,17,pushed,935,2026-08-31T00:09:01Z,2026-08-31T13:34:29Z,2026-08-31T13:37:58Z,Daytona State College project
DEH1800L,DENTAL HYGIENE CLINIC I,17,pushed,935,2026-08-31T00:09:01Z,2026-08-31T13:34:42Z,2026-08-31T13:37:58Z,Daytona State College project
DEH2300,PHARMACOLOGY,17,pushed,935,2026-08-31T00:09:01Z,2026-08-31T13:41:00Z,2026-08-31T13:50:01Z,Daytona State College project
DEH2804L,DENTAL HYGIENE CLINIC III,17,pushed,935,2026-08-31T00:09:01Z,2026-08-31T13:41:00Z,2026-08-31T13:50:02Z,Daytona State College project
DIM0102C,Diesel Electrical and Electronics Technician,17,pushed,935,2026-08-31T00:09:01Z,2026-08-31T13:43:52Z,2026-08-31T13:50:02Z,Daytona State College project
DIM0104C,Diesel Engine Technician,17,pushed,935,2026-08-31T00:09:01Z,2026-08-31T13:43:52Z,2026-08-31T13:50:02Z,Daytona State College project
HEV0870,Child Care Worker 1,17,pushed,935,2026-08-31T00:09:01Z,2026-08-31T13:43:52Z,2026-08-31T13:50:02Z,Daytona State College project
HEV0871,Child Care Worker 2,17,pushed,935,2026-08-31T00:09:01Z,2026-08-31T13:53:25Z,2026-08-31T14:06:11Z,Daytona State College project
HEV0872,Teacher Aide (Preschool),17,pushed,935,2026-08-31T00:09:01Z,2026-08-31T13:53:25Z,2026-08-31T14:06:11Z,Daytona State College project
HEV0873,Teacher (Preschool),17,pushed,935,2026-08-31T00:09:01Z,2026-08-31T13:53:25Z,2026-08-31T14:06:11Z,Daytona State College project
MAN4330,COMPENSATION MANAGEMENT,17,pushed,935,2026-08-31T00:09:01Z,2026-08-31T13:56:12Z,2026-08-31T14:06:11Z,Daytona State College project
MAS3105,LINEAR ALGEBRA,17,pushed,935,2026-08-31T00:09:01Z,2026-08-31T13:56:12Z,2026-08-31T14:06:12Z,Daytona State College project
NUR4837C,HEALTH CARE POLICY AND ECONOMICS,17,pushed,935,2026-08-31T00:09:01Z,2026-08-31T13:56:12Z,2026-08-31T14:06:12Z,Daytona State College project
PLA2114,LEGAL RESEARCH AND WRITING II,17,pushed,935,2026-08-31T00:09:01Z,2026-08-31T13:58:20Z,2026-08-31T14:06:12Z,Daytona State College project
RTE2782C,RADIOGRAPHIC PATHOLOGY,17,pushed,935,2026-08-31T00:09:01Z,2026-08-31T13:58:20Z,2026-08-31T14:06:12Z,Daytona State College project
TSL4081,TESOL ISSUES AND PRACTICES,17,pushed,935,2026-08-31T00:09:01Z,2026-08-31T14:14:41Z,2026-08-31T14:18:09Z,Daytona State College project
CJK0077,Criminal Investigations,16,pushed,936,2026-08-31T00:09:01Z,2026-08-31T14:14:41Z,2026-08-31T14:18:09Z,Daytona State College project
DEH1802C,DENTAL HYGIENE II,16,pushed,936,2026-08-31T00:09:01Z,2026-08-31T14:10:22Z,2026-08-31T14:18:09Z,Daytona State College project
DEH2804C,CLINICAL DENTAL HYGIENE III,16,pushed,936,2026-08-31T00:09:01Z,2026-08-31T14:10:22Z,2026-08-31T14:18:10Z,Daytona State College project
DEH2806L,DENTAL HYGIENE CLINIC IV,16,pushed,936,2026-08-31T00:09:01Z,2026-08-31T14:10:22Z,2026-08-31T14:18:10Z,Daytona State College project
DIG2000C,INTRODUCTION TO DIGITAL MEDIA,16,pushed,936,2026-08-31T00:09:01Z,2026-08-31T14:14:41Z,2026-08-31T14:18:10Z,Daytona State College project
DIM0101C,Diesel Engine Mechanic/Technician Helper,16,pushed,936,2026-08-31T00:09:01Z,2026-08-31T14:14:41Z,2026-08-31T14:18:10Z,Daytona State College project
DIM0105C,Diesel Brakes Technician,16,pushed,936,2026-08-31T00:09:01Z,2026-08-31T14:14:41Z,2026-08-31T14:18:10Z,Daytona State College project
HLP1081C,TOTAL WELLNESS,16,pushed,936,2026-08-31T00:09:01Z,2026-08-31T14:23:28Z,2026-08-31T14:31:38Z,Daytona State College project
MAN4583,PROJECT MANAGEMENT,16,pushed,936,2026-08-31T00:09:01Z,2026-08-31T14:27:10Z,2026-08-31T14:31:38Z,Daytona State College project
MAT0022C,DEVELOPMENTAL MATHEMATICS COMBINED,16,pushed,936,2026-08-31T00:09:01Z,2026-08-31T14:23:28Z,2026-08-31T14:31:38Z,Daytona State College project
NUR3826,LEGAL AND ETHICAL ASPECTS OF NURSING,16,pushed,936,2026-08-31T00:09:01Z,2026-08-31T14:27:10Z,2026-08-31T14:31:38Z,Daytona State College project
PLA1104,Legal Research,16,pushed,936,2026-08-31T00:21:04Z,2026-08-31T14:27:10Z,2026-08-31T14:31:38Z,"Daytona State College project - in catalog, inventory missing DSC"
WOH2022,WORLD HISTORY SINCE 1500,16,pushed,936,2026-08-31T00:09:01Z,2026-08-31T14:23:28Z,2026-08-31T14:31:39Z,Daytona State College project
ART2400C,PRINTMAKING I,15,pushed,937,2026-08-31T00:09:01Z,2026-08-31T14:27:10Z,2026-08-31T14:31:39Z,Daytona State College project
CGS2100C,COMPUTER APPLICATIONS,15,pushed,937,2026-08-31T00:09:01Z,2026-08-31T14:23:28Z,2026-08-31T14:31:39Z,Daytona State College project
CJK0064,Fundamentals of Patrol,15,pushed,937,2026-08-31T00:09:01Z,2026-08-31T14:36:33Z,2026-08-31T14:59:38Z,Daytona State College project
CJK0065,Calls for Service,15,pushed,937,2026-08-31T00:09:01Z,2026-08-31T14:36:33Z,2026-08-31T14:59:38Z,Daytona State College project
CJK0088,Traffic Crash Investigations,15,pushed,937,2026-08-31T00:09:01Z,2026-08-31T14:36:33Z,2026-08-31T14:59:38Z,Daytona State College project
CJK0092,Critical Incidents,15,pushed,937,2026-08-31T00:09:01Z,2026-08-31T14:36:33Z,2026-08-31T14:59:39Z,Daytona State College project
DEH1802L,DENTAL HYGIENE CLINIC II,15,pushed,937,2026-08-31T00:09:01Z,2026-08-31T14:40:04Z,2026-08-31T14:59:39Z,Daytona State College project
DES1100C,DENTAL MATERIALS,15,pushed,937,2026-08-31T00:09:01Z,2026-08-31T14:40:04Z,2026-08-31T14:59:39Z,Daytona State College project
EDP2002,EDUCATIONAL PSYCHOLOGY,15,pushed,937,2026-08-31T00:09:01Z,2026-08-31T14:40:04Z,2026-08-31T14:59:39Z,Daytona State College project
FFP2770,ETHICAL AND LEGAL ISSUES FOR THE FIRE SERVICE,15,pushed,937,2026-08-31T00:09:01Z,2026-08-31T14:40:04Z,2026-08-31T14:59:39Z,Daytona State College project
HFT2750C,THE EVENT INDUSTRY,15,pushed,937,2026-08-31T00:09:01Z,2026-08-31T15:09:44Z,2026-08-31T15:11:44Z,Daytona State College project
MAN4162,CUSTOMER RELATIONS FOR MANAGERS,15,pushed,937,2026-08-31T00:09:01Z,2026-08-31T15:09:44Z,2026-08-31T15:11:44Z,Daytona State College project
MSL3201C,LEADERSHIP AND PROBLEM SOLVING,15,pushed,937,2026-08-31T00:09:01Z,2026-08-31T15:09:44Z,2026-08-31T15:11:44Z,Daytona State College project
PET2622C,CARE AND PREVENTION OF ATHLETIC INJURIES,15,pushed,937,2026-08-31T00:09:01Z,2026-08-31T15:09:44Z,2026-08-31T15:11:44Z,Daytona State College project
PGY2801C,DIGITAL PHOTOGRAPHY I,15,pushed,937,2026-08-31T00:09:01Z,2026-08-31T15:09:44Z,2026-08-31T15:11:44Z,Daytona State College project
PLA2600,WILLS - TRUSTS - AND ESTATES,15,pushed,937,2026-08-31T00:09:01Z,2026-08-31T15:09:44Z,2026-08-31T15:11:44Z,Daytona State College project
PLA2610,REAL ESTATE LAW,15,pushed,937,2026-08-31T00:09:01Z,2026-08-31T15:09:44Z,2026-08-31T15:11:45Z,Daytona State College project
PSY1012,GENERAL PSYCHOLOGY,15,pushed,937,2026-08-31T00:09:01Z,2026-08-31T15:09:44Z,2026-08-31T15:11:45Z,Daytona State College project
RTE2563C,ADVANCED MEDICAL IMAGING,15,pushed,937,2026-08-31T00:09:01Z,2026-08-31T15:30:08Z,2026-08-31T15:35:40Z,Daytona State College project
BCN1251C,CONSTRUCTION DRAWING,14,pushed,938,2026-08-31T00:09:01Z,2026-08-31T15:30:08Z,2026-08-31T15:35:40Z,Daytona State College project
CJJ2002,JUVENILE DELINQUENCY,14,pushed,938,2026-08-31T00:09:01Z,2026-08-31T15:30:08Z,2026-08-31T15:35:41Z,Daytona State College project
CJK0013,Law Enforcement Interactions in a Diverse Community,14,pushed,938,2026-08-31T00:21:04Z,2026-08-31T15:30:08Z,2026-08-31T15:35:41Z,"Daytona State College project - in catalog, inventory missing DSC"
DEH2806C,CLINICAL DENTAL HYGIENE IV,14,pushed,938,2026-08-31T00:09:01Z,2026-08-31T15:30:08Z,2026-08-31T15:35:41Z,Daytona State College project
EDF4430,CLASSROOM ASSESSMENT,14,pushed,938,2026-08-31T00:09:01Z,2026-08-31T15:30:08Z,2026-08-31T15:35:41Z,Daytona State College project
ENC0027C,DEVELOPMENTAL READING AND WRITING II,14,pushed,938,2026-08-31T00:09:01Z,2026-08-31T15:30:28Z,2026-08-31T15:35:41Z,Daytona State College project
FFP1510,CODES AND STANDARDS,14,pushed,938,2026-08-31T00:09:01Z,2026-08-31T15:30:08Z,2026-08-31T15:35:42Z,Daytona State College project
GEB4891,STRATEGIC MANAGEMENT AND DECISION MAKING,14,pushed,938,2026-08-31T00:09:01Z,2026-08-31T15:53:46Z,2026-08-31T15:56:08Z,Daytona State College project
HSC0003C,Basic Healthcare Worker,62,pushed,938,2026-05-03T12:47:43Z,2026-05-03T13:08:13Z,2026-05-03T14:28:35Z,Top priority - high-volume gen-ed
HUS1001,INTRODUCTION TO HUMAN SERVICES,14,pushed,938,2026-08-31T00:09:01Z,2026-08-31T15:53:46Z,2026-08-31T15:56:09Z,Daytona State College project
ITA1120C,BEGINNING ITALIAN I,14,pushed,938,2026-08-31T00:09:01Z,2026-08-31T15:53:46Z,2026-08-31T15:56:09Z,Daytona State College project
ITA1121C,BEGINNING ITALIAN II,14,pushed,938,2026-08-31T00:09:01Z,2026-08-31T15:53:46Z,2026-08-31T15:56:09Z,Daytona State College project
MMC1000,INTRODUCTION TO MASS COMMUNICATION,14,pushed,938,2026-08-31T00:09:01Z,2026-08-31T15:53:46Z,2026-08-31T15:56:09Z,Daytona State College project
MSL3202C,LEADERSHIP AND ETHICS,14,pushed,938,2026-08-31T00:09:01Z,2026-08-31T15:53:46Z,2026-08-31T15:56:09Z,Daytona State College project
MSL4302C,LEADERSHIP IN A COMPLEX WORLD,14,pushed,938,2026-08-31T00:09:01Z,2026-08-31T15:53:46Z,2026-08-31T15:56:10Z,Daytona State College project
NUR1020C,FUNDAMENTALS OF NURSING,14,pushed,938,2026-08-31T00:09:01Z,2026-08-31T15:53:56Z,2026-08-31T15:56:10Z,Daytona State College project
PHY1054C,GENERAL PHYSICS II,14,pushed,938,2026-08-31T00:09:01Z,2026-08-31T16:08:30Z,2026-08-31T16:10:50Z,Daytona State College project
RTE1513L,RADIOGRAPHIC PROCEDURES II LAB,14,pushed,938,2026-08-31T00:09:01Z,2026-08-31T16:08:30Z,2026-08-31T16:10:50Z,Daytona State College project
SBM2000,SMALL BUSINESS MANAGEMENT,14,pushed,938,2026-08-31T00:09:01Z,2026-08-31T16:08:30Z,2026-08-31T16:10:50Z,Daytona State College project
SCE3310,TEACHING SCIENCE IN THE ELEMENTARY SCHOOL,14,pushed,938,2026-08-31T00:09:01Z,2026-08-31T16:08:30Z,2026-08-31T16:10:50Z,Daytona State College project
THE1000,THEATRE APPRECIATION,14,pushed,938,2026-08-31T00:09:01Z,2026-08-31T16:08:41Z,2026-08-31T16:10:51Z,Daytona State College project
TPP2300C,DIRECTING I,14,pushed,938,2026-08-31T00:09:01Z,2026-08-31T16:08:31Z,2026-08-31T16:10:51Z,Daytona State College project
WOH2012,WORLD HISTORY TO 1500,14,pushed,938,2026-08-31T00:09:01Z,2026-08-31T16:08:30Z,2026-08-31T16:10:51Z,Daytona State College project
ACG4401C,ACCOUNTING INFORMATION SYSTEMS,13,pushed,939,2026-08-31T00:09:01Z,2026-08-31T16:08:30Z,2026-08-31T16:10:51Z,Daytona State College project
ACG4501,GOVERNMENTAL AND NONPROFIT ACCOUNTING,13,pushed,939,2026-08-31T00:09:01Z,2026-08-31T16:26:54Z,2026-08-31T16:38:36Z,Daytona State College project
AFR1101C,HERITAGE AND VALUES I,13,pushed,939,2026-08-31T00:09:01Z,2026-08-31T16:27:07Z,2026-08-31T16:38:36Z,Daytona State College project
AFR2130C,TEAM AND LEADERSHIP FUNDAMENTALS I,13,pushed,939,2026-08-31T00:09:01Z,2026-08-31T16:26:54Z,2026-08-31T16:38:36Z,Daytona State College project
BSC1085C,ANATOMY AND PHYSIOLOGY I,13,pushed,939,2026-08-31T00:09:01Z,2026-08-31T16:27:07Z,2026-08-31T16:38:36Z,Daytona State College project
DAA2610C,DANCE COMPOSITION,13,pushed,939,2026-08-31T00:09:01Z,2026-08-31T16:26:54Z,2026-08-31T16:38:36Z,Daytona State College project
DEH2400,GENERAL AND ORAL PATHOLOGY,13,pushed,939,2026-08-31T00:09:01Z,2026-08-31T16:26:54Z,2026-08-31T16:38:37Z,Daytona State College project
DEH2702C,COMMUNITY DENTAL HEALTH,13,pushed,939,2026-08-31T00:09:01Z,2026-08-31T16:26:54Z,2026-08-31T16:38:37Z,Daytona State College project
FFP0030C,FIREFIGHTER I,13,pushed,939,2026-08-31T00:09:01Z,2026-08-31T16:27:07Z,2026-08-31T16:38:37Z,Daytona State College project
FIN1100,PERSONAL FINANCE,13,pushed,939,2026-08-31T00:09:01Z,2026-08-31T17:39:55Z,2026-08-31T17:46:53Z,Daytona State College project
HIM2253C,CPT CODING,13,pushed,939,2026-08-31T00:09:01Z,2026-08-31T16:49:17Z,2026-08-31T17:46:53Z,Daytona State College project
HSC1000C,INTRODUCTION TO HEALTH CARE,13,pushed,939,2026-08-31T00:09:01Z,2026-08-31T16:49:17Z,2026-08-31T17:46:53Z,Daytona State College project
MAN4320,HUMAN RESOURCE RECRUITMENT AND SELECTION,13,pushed,939,2026-08-31T00:09:01Z,2026-08-31T16:49:17Z,2026-08-31T17:46:53Z,Daytona State College project
MAN4402,EMPLOYMENT LAW,13,pushed,939,2026-08-31T00:09:01Z,2026-08-31T17:39:35Z,2026-08-31T17:46:53Z,Daytona State College project
MSL4301C,LEADERSHIP AND MANAGEMENT,13,pushed,939,2026-08-31T00:09:01Z,2026-08-31T16:49:17Z,2026-08-31T17:46:53Z,Daytona State College project
OST1100C,KEYBOARDING AND DOCUMENT PROCESSING,13,pushed,939,2026-08-31T00:09:01Z,2026-08-31T16:49:17Z,2026-08-31T17:46:54Z,Daytona State College project
PHY1053C,GENERAL PHYSICS I,13,pushed,939,2026-08-31T00:09:01Z,2026-08-31T16:49:17Z,2026-08-31T17:46:54Z,Daytona State College project
SPN2221C,INTERMEDIATE SPANISH II,13,pushed,939,2026-08-31T00:09:01Z,2026-08-31T18:07:59Z,2026-08-31T18:10:53Z,Daytona State College project
ASL2160C,AMERICAN SIGN LANGUAGE III,12,pushed,940,2026-08-31T00:09:01Z,2026-08-31T18:07:59Z,2026-08-31T18:10:53Z,Daytona State College project
BCH3023C,BIOCHEMISTRY,12,pushed,940,2026-08-31T00:09:01Z,2026-08-31T18:07:59Z,2026-08-31T18:10:54Z,Daytona State College project
BSC1020C,HUMAN BIOLOGY,12,pushed,940,2026-08-31T00:09:01Z,2026-08-31T18:07:59Z,2026-08-31T18:10:54Z,Daytona State College project
BUL2242,BUSINESS LAW II,12,pushed,940,2026-08-31T00:09:01Z,2026-08-31T18:08:00Z,2026-08-31T18:10:54Z,Daytona State College project
DAN2100,DANCE APPRECIATION,12,pushed,940,2026-08-31T00:09:01Z,2026-08-31T18:08:00Z,2026-08-31T18:10:54Z,Daytona State College project
ENC1102,ENGLISH COMPOSITION II,60,pushed,940,2026-05-03T12:47:43Z,2026-05-03T13:08:19Z,2026-05-03T14:28:35Z,Top priority - high-volume gen-ed
FFP0031C,FIREFIGHTER II,12,pushed,940,2026-08-31T00:09:01Z,2026-08-31T18:07:59Z,2026-08-31T18:10:54Z,Daytona State College project
FFP1810C,FIRE FIGHTING TACTICS AND STRATEGY I,12,pushed,940,2026-08-31T00:09:01Z,2026-08-31T18:08:16Z,2026-08-31T18:10:54Z,Daytona State College project
FFP2111,FIRE CHEMISTRY,12,pushed,940,2026-08-31T00:09:01Z,2026-08-31T18:28:18Z,2026-08-31T18:28:32Z,Daytona State College project
GIS2040C,INTRODUCTION TO GEOGRAPHIC INFORMATION SYSTEMS,12,pushed,940,2026-08-31T00:09:01Z,2026-08-31T18:28:18Z,2026-08-31T18:28:32Z,Daytona State College project
HFT2500,HOSPITALITY AND TOURISM MARKETING,12,pushed,940,2026-08-31T00:09:01Z,2026-08-31T18:28:18Z,2026-08-31T18:28:32Z,Daytona State College project
HSA4383,QUALITY IMPROVEMENT IN HEALTHCARE,12,pushed,940,2026-08-31T00:09:01Z,2026-08-31T18:28:18Z,2026-08-31T18:28:32Z,Daytona State College project
MAN4120,LEADERSHIP CHALLENGES AND SUPERVISION,12,pushed,940,2026-08-31T00:09:01Z,2026-08-31T18:28:18Z,2026-08-31T18:28:32Z,Daytona State College project
MAN4520,QUALITY MANAGEMENT,12,pushed,940,2026-08-31T00:09:01Z,2026-08-31T18:28:18Z,2026-08-31T18:28:33Z,Daytona State College project
NUR4169C,EVIDENCE BASED PRACTICE: NURSING RESEARCH,12,pushed,940,2026-08-31T00:09:01Z,2026-08-31T18:28:29Z,2026-08-31T18:28:33Z,Daytona State College project
PHY3101C,MODERN PHYSICS,12,pushed,940,2026-08-31T00:09:01Z,2026-08-31T18:28:18Z,2026-08-31T18:28:33Z,Daytona State College project
PLA2763,LAW OFFICE MANAGEMENT,12,pushed,940,2026-08-31T00:09:01Z,2026-08-31T18:42:14Z,2026-08-31T18:42:31Z,Daytona State College project
PSC1121C,PHYSICAL SCIENCE,12,pushed,940,2026-08-31T00:09:01Z,2026-08-31T18:42:29Z,2026-08-31T18:42:31Z,Daytona State College project
RTE1111C,INTRODUCTION TO RADIOGRAPHIC PATIENT CARE,12,pushed,940,2026-08-31T00:09:01Z,2026-08-31T18:42:29Z,2026-08-31T18:42:31Z,Daytona State College project
RTE1503L,RADIOGRAPHIC PROCEDURES I LAB,12,pushed,940,2026-08-31T00:09:01Z,2026-08-31T18:42:14Z,2026-08-31T18:42:31Z,Daytona State College project
RTE1523C,RADIOGRAPHIC PROCEDURES III,12,pushed,940,2026-08-31T00:09:01Z,2026-08-31T18:42:14Z,2026-08-31T18:42:31Z,Daytona State College project
SON2171C,VASCULAR SONOGRAPHY,12,pushed,940,2026-08-31T00:09:01Z,2026-08-31T18:42:14Z,2026-08-31T18:42:32Z,Daytona State College project
SSE3312,TEACHING SOCIAL STUDIES,12,pushed,940,2026-08-31T00:09:01Z,2026-08-31T18:42:14Z,2026-08-31T18:42:32Z,Daytona State College project
STS1302C,INTRODUCTION TO SURGICAL TECHNOLOGY,12,pushed,940,2026-08-31T00:09:01Z,2026-08-31T18:42:29Z,2026-08-31T18:42:32Z,Daytona State College project
STS2324C,SURGICAL PROCEDURES II,12,pushed,940,2026-08-31T00:09:01Z,2026-08-31T18:56:03Z,2026-08-31T18:56:05Z,Daytona State College project
TPP1110,ACTING I,12,pushed,940,2026-08-31T00:09:01Z,2026-08-31T18:55:49Z,2026-08-31T18:56:05Z,Daytona State College project
CCJ2930,Cybercrime,12,skipped,940,2026-08-31T00:21:04Z,,,"Shell number (x930). FGCU lists CCJ2930 as Special Topics - current and emerging issues in CJ/criminology. The Cybercrime title is a DSC section title, not a settled statewide course. Skip per shell-number policy."
BSC1086C,ANATOMY & PHYSIOLOGY II,11,pushed,941,2026-08-31T00:09:01Z,2026-08-31T18:55:48Z,2026-08-31T18:56:05Z,Daytona State College project
CHM3120L,ANALYTICAL CHEMISTRY LAB,11,pushed,941,2026-08-31T00:09:01Z,2026-08-31T18:55:49Z,2026-08-31T18:56:05Z,Daytona State College project
CRW2100,FICTION WRITING,11,pushed,941,2026-08-31T00:09:01Z,2026-08-31T18:56:03Z,2026-08-31T18:56:06Z,Daytona State College project
CTS2321C,LINUX SYSTEM ADMINISTRATION,11,pushed,941,2026-08-31T00:09:01Z,2026-08-31T18:55:49Z,2026-08-31T18:56:06Z,Daytona State College project
DAA1500C,JAZZ DANCE,11,pushed,941,2026-08-31T00:09:01Z,2026-08-31T18:55:49Z,2026-08-31T18:56:06Z,Daytona State College project
DEH1002C,DENTAL HYGIENE I,11,pushed,941,2026-08-31T00:09:01Z,2026-08-31T18:55:48Z,2026-08-31T18:56:06Z,Daytona State College project
EAP1520C,READING 5,11,pushed,941,2026-08-31T00:09:01Z,2026-08-31T19:10:10Z,2026-08-31T19:10:30Z,Daytona State College project
EEC2401,HOME AND COMMUNITY,11,pushed,941,2026-08-31T00:09:01Z,2026-08-31T19:10:10Z,2026-08-31T19:10:31Z,Daytona State College project
EEX4070,TEACHING EXCEPTIONAL STUDENTS,11,pushed,941,2026-08-31T00:09:01Z,2026-08-31T19:10:09Z,2026-08-31T19:10:31Z,Daytona State College project
EEX4221,ASSESSMENT OF EXCEPTIONAL EDUCATION STUDENTS,11,pushed,941,2026-08-31T00:09:01Z,2026-08-31T19:10:09Z,2026-08-31T19:10:31Z,Daytona State College project
EMS1431C,EMT HOSPITAL/FIELD EXPERIENCE,11,pushed,941,2026-08-31T00:09:01Z,2026-08-31T19:10:28Z,2026-08-31T19:10:31Z,Daytona State College project
GEB2430,BUSINESS ETHICS,11,pushed,941,2026-08-31T00:09:01Z,2026-08-31T19:10:10Z,2026-08-31T19:10:31Z,Daytona State College project
HSA4502,HEALTH CARE RISK MANAGEMENT,11,pushed,941,2026-08-31T00:09:01Z,2026-08-31T19:10:09Z,2026-08-31T19:10:32Z,Daytona State College project
ISM4011,INTRODUCTION TO MANAGEMENT INFORMATION SYSTEMS,11,pushed,941,2026-08-31T00:09:01Z,2026-08-31T19:10:09Z,2026-08-31T19:10:32Z,Daytona State College project
LAE3414,Children's Literature,11,pushed,941,2026-08-31T00:21:04Z,2026-08-31T19:25:12Z,2026-08-31T19:25:30Z,"Daytona State College project - in catalog, inventory missing DSC"
MHF4404,HISTORY OF MATHEMATICS,11,pushed,941,2026-08-31T00:09:01Z,2026-08-31T19:25:27Z,2026-08-31T19:25:30Z,Daytona State College project
NUR3655,NURSING IN A MULTICULTURAL SOCIETY,11,pushed,941,2026-08-31T00:09:01Z,2026-08-31T19:25:12Z,2026-08-31T19:25:30Z,Daytona State College project
PGY1800C,DIGITAL PHOTOGRAPHY,11,pushed,941,2026-08-31T00:09:01Z,2026-08-31T19:25:12Z,2026-08-31T19:25:30Z,Daytona State College project
RTE1457C,RADIOGRAPHIC IMAGING II,11,pushed,941,2026-08-31T00:09:01Z,2026-08-31T19:25:27Z,2026-08-31T19:25:31Z,Daytona State College project
SLS1122,STRATEGIES FOR STUDENT SUCCESS,11,pushed,941,2026-08-31T00:09:01Z,2026-08-31T19:25:12Z,2026-08-31T19:25:31Z,Daytona State College project
SON2122C,OB/GYN SONOGRAPHY II,11,pushed,941,2026-08-31T00:09:01Z,2026-08-31T19:25:12Z,2026-08-31T19:25:31Z,Daytona State College project
TPP2190C,THEATRE REHEARSAL AND PERFORMANCE,11,pushed,941,2026-08-31T00:09:01Z,2026-08-31T19:25:27Z,2026-08-31T19:25:31Z,Daytona State College project
ACG3341,COST ACCOUNTING,10,pushed,942,2026-08-31T00:09:01Z,2026-08-31T19:37:17Z,2026-08-31T19:37:34Z,Daytona State College project
ART2752C,WHEEL THROWING I,10,pushed,942,2026-08-31T00:09:01Z,2026-08-31T19:37:32Z,2026-08-31T19:37:34Z,Daytona State College project
COP2220C,C PROGRAMMING,10,pushed,942,2026-08-31T00:09:01Z,2026-08-31T19:37:17Z,2026-08-31T19:37:34Z,Daytona State College project
COP2700,INTRODUCTION TO DATABASE,10,pushed,942,2026-08-31T00:09:01Z,2026-08-31T19:37:17Z,2026-08-31T19:37:35Z,Daytona State College project
DIG2030C,DIGITAL VIDEO FUNDAMENTALS,10,pushed,942,2026-08-31T00:09:01Z,2026-08-31T19:37:32Z,2026-08-31T19:37:35Z,Daytona State College project
DIG2500C,FUNDAMENTALS OF INTERACTIVE DESIGN,10,pushed,942,2026-08-31T00:09:01Z,2026-08-31T19:37:17Z,2026-08-31T19:37:35Z,Daytona State College project
EAP1640C,WRITING VI,10,pushed,942,2026-08-31T00:09:01Z,2026-08-31T19:37:16Z,2026-08-31T19:37:35Z,Daytona State College project
EPI0030,MAXIMIZING STUDENT POTENTIAL IN THE SCHOOL CONTEXT,10,pushed,942,2026-08-31T00:09:01Z,2026-08-31T19:37:32Z,2026-08-31T19:37:35Z,Daytona State College project
FRE2220C,INTERMEDIATE FRENCH I,10,pushed,942,2026-08-31T00:09:01Z,2026-08-31T19:57:14Z,2026-08-31T19:57:37Z,Daytona State College project
HSA4170,HEALTHCARE FINANCIAL MANAGEMENT,10,pushed,942,2026-08-31T00:09:01Z,2026-08-31T19:57:34Z,2026-08-31T19:57:37Z,Daytona State College project
MAS4203,NUMBER THEORY,10,pushed,942,2026-08-31T00:09:01Z,2026-08-31T19:57:14Z,2026-08-31T19:57:37Z,Daytona State College project
MKA2021,SALESMANSHIP,10,pushed,942,2026-08-31T00:09:01Z,2026-08-31T19:57:34Z,2026-08-31T19:57:37Z,Daytona State College project
PRN0090C,Nurse Aide and Orderly,10,pushed,942,2026-08-31T00:09:01Z,2026-08-31T19:57:34Z,2026-08-31T19:57:38Z,Daytona State College project
RET1264C,PRINCIPLES OF MECHANICAL VENTILATION,10,pushed,942,2026-08-31T00:09:01Z,2026-08-31T19:57:34Z,2026-08-31T19:57:38Z,Daytona State College project
RTE1814L,RADIOGRAPHIC CLINICAL EDUCATION II,10,pushed,942,2026-08-31T00:09:01Z,2026-08-31T19:57:34Z,2026-08-31T19:57:38Z,Daytona State College project
SON1100C,PRACTICAL ASPECTS OF SONOGRAPHY,10,pushed,942,2026-08-31T00:09:01Z,2026-08-31T19:57:13Z,2026-08-31T19:57:38Z,Daytona State College project
SOP2002,SOCIAL PSYCHOLOGY,10,pushed,942,2026-08-31T00:09:01Z,2026-08-31T20:13:40Z,2026-08-31T20:14:05Z,Daytona State College project
ASL2150C,AMERICAN SIGN LANGUAGE II,9,pushed,943,2026-08-31T00:09:01Z,2026-08-31T20:13:40Z,2026-08-31T20:14:06Z,Daytona State College project
BCN1210C,CONSTRUCTION MATERIALS,9,pushed,943,2026-08-31T00:09:01Z,2026-08-31T20:13:41Z,2026-08-31T20:14:06Z,Daytona State College project
BOT1010C,BOTANY,9,pushed,943,2026-08-31T00:09:01Z,2026-08-31T20:13:48Z,2026-08-31T20:14:06Z,Daytona State College project
CHD1220,CHILD GROWTH AND DEVELOPMENT I,9,pushed,943,2026-08-31T00:09:01Z,2026-08-31T20:13:40Z,2026-08-31T20:14:06Z,Daytona State College project
COP4610,OPERATING SYSTEMS,9,pushed,943,2026-08-31T00:09:01Z,2026-08-31T20:13:40Z,2026-08-31T20:14:07Z,Daytona State College project
CTS2375C,CLOUD+,9,pushed,943,2026-08-31T00:09:01Z,2026-08-31T20:13:40Z,2026-08-31T20:14:07Z,Daytona State College project
DES1840,PREVENTIVE DENTISTRY,9,pushed,943,2026-08-31T00:09:01Z,2026-08-31T20:13:40Z,2026-08-31T20:14:07Z,Daytona State College project
EAP1500C,SPEECH/LISTENING LEVEL V,9,pushed,943,2026-08-31T00:09:01Z,2026-08-31T20:34:21Z,2026-08-31T20:35:10Z,Daytona State College project
EAP1620C,READING 6,9,pushed,943,2026-08-31T00:09:01Z,2026-08-31T20:34:21Z,2026-08-31T20:35:10Z,Daytona State College project
EEX4601,BEHAVIOR MANAGEMENT,9,pushed,943,2026-08-31T00:09:01Z,2026-08-31T20:34:36Z,2026-08-31T20:35:10Z,Daytona State College project
EMS2603C,PARAMEDIC I,9,pushed,943,2026-08-31T00:09:01Z,2026-08-31T20:34:36Z,2026-08-31T20:35:10Z,Daytona State College project
FIN2000,PRINCIPLES OF FINANCE,9,pushed,943,2026-08-31T00:09:01Z,2026-08-31T20:34:36Z,2026-08-31T20:35:10Z,Daytona State College project
GLY2100C,HISTORICAL GEOLOGY,9,pushed,943,2026-08-31T00:09:01Z,2026-08-31T20:34:36Z,2026-08-31T20:35:10Z,Daytona State College project
HFT1410,FRONT OFFICE MANAGEMENT,9,pushed,943,2026-08-31T00:09:01Z,2026-08-31T20:34:22Z,2026-08-31T20:35:10Z,Daytona State College project
MAN3353,MANAGEMENT THEORY AND PRACTICES,9,pushed,943,2026-08-31T00:09:01Z,2026-08-31T20:34:22Z,2026-08-31T20:35:11Z,Daytona State College project
PPE2001,PSYCHOLOGY OF PERSONALITY,9,pushed,943,2026-08-31T00:09:01Z,2026-08-31T23:59:46Z,2026-09-01T00:00:21Z,Daytona State College project
RED3309C,EARLY AND EMERGENT LITERACY K-2,9,pushed,943,2026-08-31T00:09:01Z,2026-08-31T23:59:46Z,2026-09-01T00:00:21Z,Daytona State College project
RTE1804L,RADIOGRAPHIC CLINICAL EDUCATION I,9,pushed,943,2026-08-31T00:09:01Z,2026-08-31T23:59:46Z,2026-09-01T00:00:21Z,Daytona State College project
RTE2844L,RADIOGRAPHIC CLINICAL EDUCATION V,9,pushed,943,2026-08-31T00:09:01Z,2026-08-31T23:59:46Z,2026-09-01T00:00:21Z,Daytona State College project
SON1000C,INTRODUCTION TO SONOGRAPHY,9,pushed,943,2026-08-31T00:09:01Z,2026-08-31T23:59:46Z,2026-09-01T00:00:22Z,Daytona State College project
SOP2772,HUMAN SEXUALITY,9,pushed,943,2026-08-31T00:09:01Z,2026-08-31T23:59:56Z,2026-09-01T00:00:22Z,Daytona State College project
TPA2200C,INTRODUCTION TO TECHNICAL THEATRE,9,pushed,943,2026-08-31T00:09:01Z,2026-08-31T23:59:56Z,2026-09-01T00:00:22Z,Daytona State College project
TPP1111,ACTING II,9,pushed,943,2026-08-31T00:09:01Z,2026-08-31T23:59:46Z,2026-09-01T00:00:22Z,Daytona State College project
ACG3101,INTERMEDIATE ACCOUNTING I,8,pushed,944,2026-08-31T00:09:01Z,2026-09-01T00:18:21Z,2026-09-01T00:18:41Z,Daytona State College project
ACG4632,AUDITING,8,pushed,944,2026-08-31T00:09:01Z,2026-09-01T00:18:21Z,2026-09-01T00:18:41Z,Daytona State College project
ACR0001C,HVAC/R FUNDAMENTALS,8,pushed,944,2026-08-31T00:09:01Z,2026-09-01T00:18:21Z,2026-09-01T00:18:41Z,Daytona State College project
APA1111C,INTRODUCTION TO ACCOUNTING,8,pushed,944,2026-08-31T00:09:01Z,2026-09-01T00:18:21Z,2026-09-01T00:18:42Z,Daytona State College project
ASL2140C,AMERICAN SIGN LANGUAGE I,8,pushed,944,2026-08-31T00:09:01Z,2026-09-01T00:18:21Z,2026-09-01T00:18:42Z,Daytona State College project
BCA0350,ELECTRICAL APPRENTICESHIP I,8,pushed,944,2026-08-31T00:09:01Z,2026-09-01T00:18:21Z,2026-09-01T00:18:42Z,Daytona State College project
CPO2001,COMPARATIVE POLITICS,8,pushed,944,2026-08-31T00:09:01Z,2026-09-01T00:18:21Z,2026-09-01T00:18:42Z,Daytona State College project
DAA1520C,TAP I,8,pushed,944,2026-08-31T00:09:01Z,2026-09-01T00:18:21Z,2026-09-01T00:18:42Z,Daytona State College project
DIG2251C,DIGITAL AUDIO I,8,pushed,944,2026-08-31T00:09:01Z,2026-09-01T00:37:17Z,2026-09-01T00:37:27Z,Daytona State College project
EMS2604C,PARAMEDIC II,8,pushed,944,2026-08-31T00:09:01Z,2026-09-01T00:37:17Z,2026-09-01T00:37:27Z,Daytona State College project
EMS2605C,PARAMEDIC III,8,pushed,944,2026-08-31T00:09:01Z,2026-09-01T00:37:17Z,2026-09-01T00:37:27Z,Daytona State College project
EUH2000,WESTERN CIVILIZATION I,8,pushed,944,2026-08-31T00:09:01Z,2026-09-01T00:37:17Z,2026-09-01T00:37:27Z,Daytona State College project
EUH2001,WESTERN CIVILIZATION II,8,pushed,944,2026-08-31T00:09:01Z,2026-09-01T00:37:17Z,2026-09-01T00:37:27Z,Daytona State College project
EVR2001,INTRODUCTION TO ENVIRONMENTAL SCIENCE,8,pushed,944,2026-08-31T00:09:01Z,2026-09-01T00:37:17Z,2026-09-01T00:37:28Z,Daytona State College project
FSS2284C,CATERING AND BANQUET MANAGEMENT,8,pushed,944,2026-08-31T00:09:01Z,2026-09-01T00:37:17Z,2026-09-01T00:37:28Z,Daytona State College project
HIM2652C,ELECTRONIC HEALTH RECORD,8,pushed,944,2026-08-31T00:09:01Z,2026-09-01T00:37:17Z,2026-09-01T00:37:28Z,Daytona State College project
MAE4326,HOW CHILDREN LEARN MATHEMATICS,8,pushed,944,2026-08-31T00:09:01Z,2026-09-01T09:25:49Z,2026-09-01T09:26:10Z,Daytona State College project
MET2010C,METEOROLOGY,8,pushed,944,2026-08-31T00:09:01Z,2026-09-01T09:25:49Z,2026-09-01T09:26:10Z,Daytona State College project
OST1110C,KEYBOARDING AND DOCUMENT PROCESSING II,8,pushed,944,2026-08-31T00:09:01Z,2026-09-01T09:25:49Z,2026-09-01T09:26:10Z,Daytona State College project
PHT1300,SURVEY OF PATHOLOGICAL DEFICITS,8,pushed,944,2026-08-31T00:09:01Z,2026-09-01T09:25:49Z,2026-09-01T09:26:10Z,Daytona State College project
PHT2810,CLINICAL EXPERIENCE II,8,pushed,944,2026-08-31T00:09:01Z,2026-09-01T09:25:49Z,2026-09-01T09:26:10Z,Daytona State College project
PHT2820,PTA CLINIC II,8,pushed,944,2026-08-31T00:09:01Z,2026-09-01T09:25:49Z,2026-09-01T09:26:11Z,Daytona State College project
RMI2212,PERSONAL AND BUSINESS PROPERTY INSURANCE,8,pushed,944,2026-08-31T00:09:01Z,2026-09-01T09:25:49Z,2026-09-01T09:26:11Z,Daytona State College project
SON2061,SEMINAR IN SONOGRAPHY,8,pushed,944,2026-08-31T00:09:01Z,2026-09-01T09:25:49Z,2026-09-01T09:26:11Z,Daytona State College project
STS2365C,PROFESSIONAL SKILLS FOR THE OR TEAM,8,pushed,944,2026-08-31T00:09:01Z,2026-09-01T09:42:16Z,2026-09-01T09:42:27Z,Daytona State College project
TPP2120C,IMPROVISATION FOR THE ACTOR,8,pushed,944,2026-08-31T00:09:01Z,2026-09-01T09:42:17Z,2026-09-01T09:42:27Z,Daytona State College project
AFR3220C,LEADING PEOPLE AND EFFECTIVE COMMUNICATION 1,7,pushed,945,2026-08-31T00:09:01Z,2026-09-01T09:42:16Z,2026-09-01T09:42:27Z,Daytona State College project
ART2540C,WATERCOLOR,7,pushed,945,2026-08-31T00:09:01Z,2026-09-01T09:42:17Z,2026-09-01T09:42:27Z,Daytona State College project
BCA0351,ELECTRICITY 2,7,pushed,945,2026-08-31T00:09:01Z,2026-09-01T09:42:16Z,2026-09-01T09:42:27Z,Daytona State College project
BCA0353,ELECTRICITY 4,7,pushed,945,2026-08-31T00:09:01Z,2026-09-01T09:42:16Z,2026-09-01T09:42:28Z,Daytona State College project
BCA0354,ELECTRICITY 5,7,pushed,945,2026-08-31T00:09:01Z,2026-09-01T09:42:16Z,2026-09-01T09:42:28Z,Daytona State College project
CGS2820C,HTML,7,pushed,945,2026-08-31T00:09:01Z,2026-09-01T09:42:17Z,2026-09-01T09:42:28Z,Daytona State College project
CTS2370C,VIRTUAL INFRASTRUCTURE: INSTALLATION AND CONFIGURATION,7,pushed,945,2026-08-31T00:09:01Z,2026-09-01T09:56:23Z,2026-09-01T09:56:42Z,Daytona State College project
DAA1104C,MODERN 1,7,pushed,945,2026-08-31T00:09:01Z,2026-09-01T09:56:23Z,2026-09-01T09:56:42Z,Daytona State College project
DAA1204C,BALLET I,7,pushed,945,2026-08-31T00:09:01Z,2026-09-01T09:56:23Z,2026-09-01T09:56:42Z,Daytona State College project
DEP2402,PSYCHOLOGY OF ADULTHOOD AND AGING,7,pushed,945,2026-08-31T00:09:01Z,2026-09-01T09:56:23Z,2026-09-01T09:56:42Z,Daytona State College project
EEC2523,LEADERSHIP AND MANAGEMENT OF CHILD CARE PROGRAMS,7,pushed,945,2026-08-31T00:09:01Z,2026-09-01T09:56:23Z,2026-09-01T09:56:42Z,Daytona State College project
EEC2527,LEGAL & FINANCIAL ISSUES IN CHILDCARE,7,pushed,945,2026-08-31T00:09:01Z,2026-09-01T09:56:23Z,2026-09-01T09:56:42Z,Daytona State College project
EMS2666,PARAMEDIC CLINICAL I,7,pushed,945,2026-08-31T00:09:01Z,2026-09-01T09:56:23Z,2026-09-01T09:56:43Z,Daytona State College project
FSS1240C,CLASSICAL CUISINE,7,pushed,945,2026-08-31T00:09:01Z,2026-09-01T09:56:23Z,2026-09-01T09:56:43Z,Daytona State College project
GEO2420,CULTURAL GEOGRAPHY,7,pushed,945,2026-08-31T00:09:01Z,2026-09-01T11:42:25Z,2026-09-01T11:42:52Z,Daytona State College project
HFT3700,TOURISM MANAGEMENT,7,pushed,945,2026-08-31T00:09:01Z,2026-09-01T11:42:25Z,2026-09-01T11:42:52Z,Daytona State College project
HIM1273C,BILLING AND REIMBURSEMENT METHODS,7,pushed,945,2026-08-31T00:09:01Z,2026-09-01T11:42:25Z,2026-09-01T11:42:52Z,Daytona State College project
HSA4340,PRINCIPLES OF HUMAN RESOURCES MANAGEMENT,7,pushed,945,2026-08-31T00:09:01Z,2026-09-01T11:42:25Z,2026-09-01T11:42:52Z,Daytona State College project
HUS2500,ETHICS IN HUMAN SERVICES,7,pushed,945,2026-08-31T00:09:01Z,2026-09-01T11:42:25Z,2026-09-01T11:42:52Z,Daytona State College project
JOU1100,BASIC REPORTING,7,pushed,945,2026-08-31T00:09:01Z,2026-09-01T11:42:25Z,2026-09-01T11:42:53Z,Daytona State College project
MAC1105C,COLLEGE ALGEBRA,55,pushed,945,2026-05-03T12:47:43Z,2026-05-03T13:08:26Z,2026-05-03T14:28:35Z,Top priority - high-volume gen-ed
MUM2600C,SOUND RECORDING 1,7,pushed,945,2026-08-31T00:09:01Z,2026-09-01T11:42:25Z,2026-09-01T11:42:53Z,Daytona State College project
MUT1122C,MUSIC THEORY AND MUSICIANSHIP II,7,pushed,945,2026-08-31T00:09:01Z,2026-09-01T11:42:25Z,2026-09-01T11:42:53Z,Daytona State College project
MUT2126C,MUSIC THEORY AND MUSICIANSHIP III,7,pushed,945,2026-08-31T00:09:01Z,2026-09-01T11:58:15Z,2026-09-01T11:58:23Z,Daytona State College project
MUT2127C,MUSIC THEORY AND MUSICIANSHIP IV,7,pushed,945,2026-08-31T00:09:01Z,2026-09-01T11:58:15Z,2026-09-01T11:58:23Z,Daytona State College project
OCB2000C,MARINE BIOLOGY,7,pushed,945,2026-08-31T00:09:01Z,2026-09-01T11:58:15Z,2026-09-01T11:58:23Z,Daytona State College project
OST2501C,OFFICE MANAGEMENT,7,pushed,945,2026-08-31T00:09:01Z,2026-09-01T11:58:15Z,2026-09-01T11:58:23Z,Daytona State College project
PHT2220C,THERAPEUTIC EXERCISE I,7,pushed,945,2026-08-31T00:09:01Z,2026-09-01T11:58:15Z,2026-09-01T11:58:24Z,Daytona State College project
PHY3513,HEAT AND THERMODYNAMICS,7,pushed,945,2026-08-31T00:09:01Z,2026-09-01T11:58:15Z,2026-09-01T11:58:24Z,Daytona State College project
PLA2303,CRIMINAL LITIGATION,7,pushed,945,2026-08-31T00:09:01Z,2026-09-01T11:58:15Z,2026-09-01T11:58:24Z,Daytona State College project
QMB1001,BUSINESS MATHEMATICS,7,pushed,945,2026-08-31T00:09:01Z,2026-09-01T11:58:15Z,2026-09-01T11:58:24Z,Daytona State College project
RED4844,READING PRACTICUM,7,pushed,945,2026-08-31T00:09:01Z,2026-09-01T12:13:05Z,2026-09-01T12:13:29Z,Daytona State College project
RET1026C,FUNDAMENTALS OF RESPIRATORY CARE,7,pushed,945,2026-08-31T00:09:01Z,2026-09-01T12:13:05Z,2026-09-01T12:13:29Z,Daytona State College project
RET2350,CARDIOPULMONARY PHARMACOLOGY,7,pushed,945,2026-08-31T00:09:01Z,2026-09-01T12:13:05Z,2026-09-01T12:13:29Z,Daytona State College project
RMI2110,PERSONAL INSURANCE PLANNING,7,pushed,945,2026-08-31T00:09:01Z,2026-09-01T12:13:05Z,2026-09-01T12:13:30Z,Daytona State College project
RTE1824L,RADIOGRAPHIC CLINICAL EDUCATION III,7,pushed,945,2026-08-31T00:09:01Z,2026-09-01T12:13:05Z,2026-09-01T12:13:30Z,Daytona State College project
RTE2834L,RADIOGRAPHIC CLINICAL EDUCATION IV,7,pushed,945,2026-08-31T00:09:01Z,2026-09-01T12:13:05Z,2026-09-01T12:13:30Z,Daytona State College project
SON1113C,SONOGRAPHIC CROSS-SECTIONAL ANATOMY,7,pushed,945,2026-08-31T00:09:01Z,2026-09-01T12:13:05Z,2026-09-01T12:13:30Z,Daytona State College project
SON2111C,ABDOMINAL SONOGRAPHY,7,pushed,945,2026-08-31T00:09:01Z,2026-09-01T12:13:05Z,2026-09-01T12:13:30Z,Daytona State College project
STS1307C,SURGICAL EQUIPMENT AND INSTRUMENTATION,7,pushed,945,2026-08-31T00:09:01Z,2026-09-01T12:32:46Z,2026-09-01T12:32:57Z,Daytona State College project
TPP2250,INTRODUCTION TO MUSICAL THEATRE,7,pushed,945,2026-08-31T00:09:01Z,2026-09-01T12:32:46Z,2026-09-01T12:32:57Z,Daytona State College project
ACG3113,INTERMEDIATE FINANCIAL ACCOUNTING II,6,pushed,946,2026-08-31T00:09:01Z,2026-09-01T12:32:46Z,2026-09-01T12:32:57Z,Daytona State College project
AFR2131C,TEAM AND LEADERSHIP FUNDAMENTALS II,6,pushed,946,2026-08-31T00:09:01Z,2026-09-01T12:32:46Z,2026-09-01T12:32:57Z,Daytona State College project
ART1500C,PAINTING I,6,pushed,946,2026-08-31T00:09:01Z,2026-09-01T12:32:46Z,2026-09-01T12:32:57Z,Daytona State College project
ART2754C,SCULPTURE 1,6,pushed,946,2026-08-31T00:09:01Z,2026-09-01T12:32:46Z,2026-09-01T12:32:57Z,Daytona State College project
ASL2200C,AMERICAN SIGN LANGUAGE 4,6,pushed,946,2026-08-31T00:09:01Z,2026-09-01T12:32:46Z,2026-09-01T12:32:57Z,Daytona State College project
BCA0356,ELECTRICITY 7,6,pushed,946,2026-08-31T00:09:01Z,2026-09-01T12:32:46Z,2026-09-01T12:32:58Z,Daytona State College project
BCA0357,ELECTRICITY 8,6,pushed,946,2026-08-31T00:09:01Z,2026-09-01T12:49:01Z,2026-09-01T12:49:30Z,Daytona State College project
BCA0451,PLUMBING 2,6,pushed,946,2026-08-31T00:09:01Z,2026-09-01T12:49:01Z,2026-09-01T12:49:30Z,Daytona State College project
BCA0452,PLUMBING 3,6,pushed,946,2026-08-31T00:09:01Z,2026-09-01T12:49:01Z,2026-09-01T12:49:30Z,Daytona State College project
BCA0454,PLUMBING 5,6,pushed,946,2026-08-31T00:09:01Z,2026-09-01T12:49:01Z,2026-09-01T12:49:30Z,Daytona State College project
BCA0455,PLUMBING 6,6,pushed,946,2026-08-31T00:09:01Z,2026-09-01T12:49:01Z,2026-09-01T12:49:30Z,Daytona State College project
BCN2560,RELATED SPECIALTY TRADES,6,pushed,946,2026-08-31T00:09:01Z,2026-09-01T12:49:01Z,2026-09-01T12:49:30Z,Daytona State College project
CAI4002,INTRODUCTION TO ARTIFICIAL INTELLIGENCE,6,pushed,946,2026-08-31T00:09:01Z,2026-09-01T12:49:01Z,2026-09-01T12:49:31Z,Daytona State College project
CCJ2650,NARCOTICS AND DANGEROUS SUBSTANCES,6,pushed,946,2026-08-31T00:09:01Z,2026-09-01T12:49:01Z,2026-09-01T12:49:31Z,Daytona State College project
CGS1570,COMPUTER APPLICATIONS,6,pushed,946,2026-08-31T00:09:01Z,2026-09-01T13:07:45Z,2026-09-01T13:08:05Z,Daytona State College project
CGS2821C,MULTIMEDIA SYSTEMS,6,pushed,946,2026-08-31T00:09:01Z,2026-09-01T13:07:45Z,2026-09-01T13:08:05Z,Daytona State College project
CIS4360,COMPUTER SECURITY,6,pushed,946,2026-08-31T00:09:01Z,2026-09-01T13:07:45Z,2026-09-01T13:08:05Z,Daytona State College project
COP4813,WEB APPLICATIONS PROGRAMMING,6,pushed,946,2026-08-31T00:09:01Z,2026-09-01T13:07:45Z,2026-09-01T13:08:05Z,Daytona State College project
CTS2302C,WINDOWS ACTIVE DIRECTORY,6,pushed,946,2026-08-31T00:09:01Z,2026-09-01T13:07:45Z,2026-09-01T13:08:05Z,Daytona State College project
DAA1000,INTRODUCTION TO DANCE,6,pushed,946,2026-08-31T00:09:01Z,2026-09-01T13:07:45Z,2026-09-01T13:08:06Z,Daytona State College project
DEA0801C,CLINICAL PRACTICE II,6,pushed,946,2026-08-31T00:09:01Z,2026-09-01T13:07:45Z,2026-09-01T13:08:06Z,Daytona State College project
DES0205C,DENTAL RADIOLOGY,6,pushed,946,2026-08-31T00:09:01Z,2026-09-01T13:07:45Z,2026-09-01T13:08:06Z,Daytona State College project
DES1010,HEAD AND NECK ANATOMY,6,pushed,946,2026-08-31T00:09:01Z,2026-09-01T13:36:05Z,2026-09-01T13:36:27Z,Daytona State College project
EAP1600,SPEECH/LISTENING LEVEL VI,6,pushed,946,2026-08-31T00:09:01Z,2026-09-01T13:36:05Z,2026-09-01T13:36:27Z,Daytona State College project
EDF4603,CRITICAL ISSUES IN CLASSROOM MANAGEMENT - ETHICS - LAW - AND SAFETY,6,pushed,946,2026-08-31T00:09:01Z,2026-09-01T13:36:05Z,2026-09-01T13:36:27Z,Daytona State College project
EEX4265,CURRICULUM AND INSTRUCTION FOR STUDENTS WITH DISABILITIES 6-12,6,pushed,946,2026-08-31T00:09:01Z,2026-09-01T13:36:05Z,2026-09-01T13:36:27Z,Daytona State College project
EMS2667,PARAMEDIC CLINICAL II,6,pushed,946,2026-08-31T00:09:01Z,2026-09-01T13:36:05Z,2026-09-01T13:36:27Z,Daytona State College project
FRE2221C,INTERMEDIATE FRENCH 2,6,pushed,946,2026-08-31T00:09:01Z,2026-09-01T13:36:05Z,2026-09-01T13:36:27Z,Daytona State College project
GRA2144C,WEB DESIGN,6,pushed,946,2026-08-31T00:09:01Z,2026-09-01T13:36:05Z,2026-09-01T13:36:28Z,Daytona State College project
HFT4253,HOTEL MANAGEMENT,6,pushed,946,2026-08-31T00:09:01Z,2026-09-01T13:36:05Z,2026-09-01T13:36:28Z,Daytona State College project
HIM1222C,BASIC ICD CODING,6,pushed,946,2026-08-31T00:09:01Z,2026-09-01T21:33:31Z,2026-09-01T21:33:57Z,Daytona State College project
MAN3593,LOGISTICS MANAGEMENT,6,pushed,946,2026-08-31T00:09:01Z,2026-09-01T21:33:31Z,2026-09-01T21:33:58Z,Daytona State College project
MAN4597,GLOBAL SUPPLY CHAIN MANAGEMENT,6,pushed,946,2026-08-31T00:09:01Z,2026-09-01T21:33:31Z,2026-09-01T21:33:58Z,Daytona State College project
MUM2601C,SOUND RECORDING 2,6,pushed,946,2026-08-31T00:09:01Z,2026-09-01T21:33:31Z,2026-09-01T21:33:58Z,Daytona State College project
PHY3221,CLASSICAL MECHANICS,6,pushed,946,2026-08-31T00:09:01Z,2026-09-01T21:33:31Z,2026-09-01T21:33:58Z,Daytona State College project
PHY4424,OPTICS,6,pushed,946,2026-08-31T00:09:01Z,2026-09-01T21:33:31Z,2026-09-01T21:33:58Z,Daytona State College project
PMT0121C,SHIELDED METAL ARC WELDING PRINCIPLES,6,pushed,946,2026-08-31T00:09:01Z,2026-09-01T21:33:31Z,2026-09-01T21:33:59Z,Daytona State College project
PMT0134C,GAS METAL ARC WELDING (GMAW),6,pushed,946,2026-08-31T00:09:01Z,2026-09-01T21:33:31Z,2026-09-01T21:33:59Z,Daytona State College project
RED4511,INTERMEDIATE LITERACY - READING AND THINKING,6,pushed,946,2026-08-31T00:09:01Z,2026-09-01T21:55:52Z,2026-09-01T21:56:06Z,Daytona State College project
RET1450C,BASIC PHYSIOLOGICAL MONITORING,6,pushed,946,2026-08-31T00:09:01Z,2026-09-01T21:55:52Z,2026-09-01T21:56:06Z,Daytona State College project
RET2877,CLINICAL RESPIRATORY CARE IV,6,pushed,946,2026-08-31T00:09:01Z,2026-09-01T21:55:52Z,2026-09-01T21:56:06Z,Daytona State College project
RTE2473C,QUALITY ASSURANCE,6,pushed,946,2026-08-31T00:09:01Z,2026-09-01T21:55:52Z,2026-09-01T21:56:07Z,Daytona State College project
RTE2854L,RADIOGRAPHY CLINIC V,6,pushed,946,2026-08-31T00:09:01Z,2026-09-01T21:55:52Z,2026-09-01T21:56:07Z,Daytona State College project
RTV2100C,WRITING FOR THE ELECTRONIC MEDIA,6,pushed,946,2026-08-31T00:09:01Z,2026-09-01T21:55:52Z,2026-09-01T21:56:07Z,Daytona State College project
SON2112C,ABDOMINAL SONOGRAPHY II,6,pushed,946,2026-08-31T00:09:01Z,2026-09-01T21:55:52Z,2026-09-01T21:56:07Z,Daytona State College project
SON2121C,OB/GYN SONOGRAPHY I,6,pushed,946,2026-08-31T00:09:01Z,2026-09-01T21:55:52Z,2026-09-01T21:56:07Z,Daytona State College project
AFR1111C,FIRST YEAR AIR FORCE ROTC (B),5,pushed,947,2026-08-31T00:09:01Z,2026-09-01T22:25:14Z,2026-09-01T22:26:17Z,Daytona State College project
BCA0457,PLUMBING 8,5,pushed,947,2026-08-31T00:09:01Z,2026-09-01T22:25:14Z,2026-09-01T22:26:17Z,Daytona State College project
CEN4010,SOFTWARE ENGINEERING,5,pushed,947,2026-08-31T00:09:01Z,2026-09-01T22:25:14Z,2026-09-01T22:26:17Z,Daytona State College project
CJK0255,CORRECTIONAL PROBATION FIREARMS,5,pushed,947,2026-08-31T00:09:01Z,2026-09-01T22:25:14Z,2026-09-01T22:26:29Z,Daytona State College project
CJK0272,COMMUNICATIONS,5,pushed,947,2026-08-31T00:09:01Z,2026-09-01T22:25:14Z,2026-09-01T22:26:18Z,Daytona State College project
CNT4007C,COMPUTER NETWORK FUNDAMENTALS,5,pushed,947,2026-08-31T00:09:01Z,2026-09-01T22:25:14Z,2026-09-01T22:26:18Z,Daytona State College project
CTS2450,INTRODUCTION TO BUSINESS INTELLIGENCE,5,pushed,947,2026-08-31T00:09:01Z,2026-09-01T22:25:14Z,2026-09-01T22:26:18Z,Daytona State College project
DAA2105,MODERN DANCE II,5,pushed,947,2026-08-31T00:09:01Z,2026-09-01T22:57:26Z,2026-09-01T22:57:56Z,Daytona State College project
DAA2205,BALLET II,5,pushed,947,2026-08-31T00:09:01Z,2026-09-01T22:57:26Z,2026-09-01T22:57:56Z,Daytona State College project
DEA0020C,PRE-CLINICAL PROCEDURES THEORY,5,pushed,947,2026-08-31T00:09:01Z,2026-09-01T22:57:26Z,2026-09-01T22:57:56Z,Daytona State College project
DES0501,DENTAL OFFICE MANAGEMENT,5,pushed,947,2026-08-31T00:09:01Z,2026-09-01T22:57:26Z,2026-09-01T22:57:57Z,Daytona State College project
DES1832L,EXPANDED FUNCTIONS,5,pushed,947,2026-08-31T00:09:01Z,2026-09-01T22:57:26Z,2026-09-01T22:57:57Z,Daytona State College project
EAP1660,GRAMMAR LEVEL VI,5,pushed,947,2026-08-31T00:09:01Z,2026-09-01T22:57:26Z,2026-09-01T22:57:57Z,Daytona State College project
ECO2023,PRINCIPLES OF MICROECONOMICS,53,pushed,947,2026-05-03T12:47:43Z,2026-05-03T13:08:33Z,2026-05-03T14:28:36Z,Top priority - high-volume gen-ed
EDE4223,"Integrated Art, Music and Movement",5,pushed,947,2026-08-31T00:21:04Z,2026-09-01T23:19:46Z,2026-09-01T23:19:48Z,"Daytona State College project - in catalog, inventory missing DSC"
EDG4323,PROFESSIONAL TEACHING PRACTICES,5,pushed,947,2026-08-31T00:09:01Z,2026-09-01T23:19:46Z,2026-09-01T23:20:04Z,Daytona State College project
FFP2540,PRIVATE FIRE PROTECTION SYSTEMS,5,pushed,947,2026-08-31T00:09:01Z,2026-09-01T23:13:59Z,2026-09-01T23:14:09Z,Daytona State College project
FSS1063C,BAKING,5,pushed,947,2026-08-31T00:09:01Z,2026-09-01T23:19:46Z,2026-09-01T23:19:48Z,Daytona State College project
FSS1202C,FOOD FUNDAMENTALS,5,pushed,947,2026-08-31T00:09:01Z,2026-09-01T23:19:46Z,2026-09-01T23:19:49Z,Daytona State College project
GEB1432,APPLIED ARTIFICIAL INTELLIGENCE (AI) IN BUSINESS,5,pushed,947,2026-08-31T00:09:01Z,2026-09-01T23:13:59Z,2026-09-01T23:14:09Z,Daytona State College project
GER2220,INTERMEDIATE GERMAN I,5,pushed,947,2026-08-31T00:09:01Z,2026-09-01T23:13:59Z,2026-09-01T23:14:09Z,Daytona State College project
HFT4277,CLUB MANAGEMENT,5,pushed,947,2026-08-31T00:09:01Z,2026-09-01T23:13:59Z,2026-09-01T23:14:09Z,Daytona State College project
HIM2283C,ADVANCED CODING,5,pushed,947,2026-08-31T00:09:01Z,2026-09-02T00:23:31Z,2026-09-02T00:24:08Z,Daytona State College project
HIM2442,CODER BILLER PHARMACOLOGY,5,pushed,947,2026-08-31T00:09:01Z,2026-09-02T00:23:31Z,2026-09-02T00:24:08Z,Daytona State College project
HIM2800,PROFESSIONAL PRACTICE EXPERIENCE I,5,pushed,947,2026-08-31T00:09:01Z,2026-09-02T00:35:12Z,2026-09-02T00:35:14Z,un-deferred: verified against DSC catalog
HUS1400,CHEMICAL DEPENDENCY,5,pushed,947,2026-08-31T00:09:01Z,2026-09-02T00:23:31Z,2026-09-02T00:24:09Z,Daytona State College project
IND2500,PROFESSIONAL PRACTICES,5,pushed,947,2026-08-31T00:09:01Z,2026-09-02T00:35:12Z,2026-09-02T00:35:14Z,un-deferred: verified against DSC catalog
ITA2220,INTERMEDIATE ITALIAN 1,5,pushed,947,2026-08-31T00:09:01Z,2026-09-02T00:23:31Z,2026-09-02T00:24:09Z,Daytona State College project
MAN4741,AGILE PROJECT MANAGEMENT,5,pushed,947,2026-08-31T00:09:01Z,2026-09-02T00:23:31Z,2026-09-02T00:24:09Z,Daytona State College project
MNA2345,PRINCIPLES OF SUPERVISION,5,pushed,947,2026-08-31T00:09:01Z,2026-09-02T00:54:22Z,2026-09-02T00:54:25Z,Daytona State College project
MSS0156,ANATOMY AND PHYSIOLOGY FOR MASSAGE THERAPY,5,pushed,947,2026-08-31T00:09:01Z,2026-09-02T00:58:25Z,2026-09-02T00:58:27Z,Daytona State College project
MUL2380,JAZZ AND POPULAR MUSIC,5,pushed,947,2026-08-31T00:09:01Z,2026-09-02T00:54:22Z,2026-09-02T00:54:25Z,Daytona State College project
MUM2700,INTRODUCTION TO MUSIC BUSINESS,5,pushed,947,2026-08-31T00:09:01Z,2026-09-02T00:54:22Z,2026-09-02T00:54:25Z,Daytona State College project
NUR3846,NURSING THEORY,5,pushed,947,2026-08-31T00:09:01Z,2026-09-02T00:58:25Z,2026-09-02T00:58:27Z,Daytona State College project
OTH1014C,FUNCTIONAL ANATOMY I,5,pushed,947,2026-08-31T00:09:01Z,2026-09-02T00:58:25Z,2026-09-02T00:58:27Z,Daytona State College project
OTH2420C,PHYSICAL REHABILITATION IN OCCUPATIONAL THERAPY,5,pushed,947,2026-08-31T00:09:01Z,2026-09-02T09:11:48Z,2026-09-02T09:35:21Z,Daytona State College project
PLA2201,LITIGATION PROCEDURES,5,pushed,947,2026-08-31T00:09:01Z,2026-09-02T09:17:01Z,2026-09-02T09:35:21Z,Daytona State College project
PLA2880,CONSTITUTIONAL LAW,5,pushed,947,2026-08-31T00:09:01Z,2026-09-02T09:17:01Z,2026-09-02T09:35:21Z,Daytona State College project
PMT0131C,GAS TUNGSTEN ARC WELDING PRINCIPLES,5,pushed,947,2026-08-31T00:09:01Z,2026-09-02T09:17:01Z,2026-09-02T09:35:21Z,Daytona State College project
RED3012,BASIC FOUNDATIONS OF READING,5,pushed,947,2026-08-31T00:09:01Z,2026-09-02T09:17:01Z,2026-09-02T09:35:21Z,Daytona State College project
RET1025C,PRINCIPLES OF RESPIRATORY CARE,5,pushed,947,2026-08-31T00:09:01Z,2026-09-02T09:20:33Z,2026-09-02T09:35:21Z,Daytona State College project
RET2244C,LIFE SUPPORT,5,pushed,947,2026-08-31T00:09:01Z,2026-09-02T09:20:33Z,2026-09-02T09:35:22Z,Daytona State College project
RET2876,CLINICAL PRACTICE III,5,pushed,947,2026-08-31T00:09:01Z,2026-09-02T09:20:33Z,2026-09-02T09:35:22Z,Daytona State College project
RMI2001,PRINCIPLES OF RISK MANAGEMENT,5,pushed,947,2026-08-31T00:09:01Z,2026-09-02T09:49:30Z,2026-09-02T09:54:46Z,Daytona State College project
RTE1111L,PATIENT CARE I LAB,5,pushed,947,2026-08-31T00:09:01Z,2026-09-02T09:49:30Z,2026-09-02T09:54:46Z,Daytona State College project
RTE2613,RADIOLOGIC PHYSICS,5,pushed,947,2026-08-31T00:09:01Z,2026-09-02T09:49:30Z,2026-09-02T09:54:47Z,Daytona State College project
RTE3765,ANATOMY FOR THE MEDICAL IMAGER,5,pushed,947,2026-08-31T00:09:01Z,2026-09-02T09:49:30Z,2026-09-02T09:54:47Z,Daytona State College project
RTV1510C,TELEVISION STUDIO PRODUCTION,5,pushed,947,2026-08-31T00:09:01Z,2026-09-02T09:54:39Z,2026-09-02T09:54:47Z,Daytona State College project
SLS1570,LEARNING WITH TECHNOLOGY,5,pushed,947,2026-08-31T00:09:01Z,2026-09-02T09:54:39Z,2026-09-02T09:54:47Z,Daytona State College project
SON1804L,CLINICAL 1,5,pushed,947,2026-08-31T00:09:01Z,2026-09-02T09:54:39Z,2026-09-02T09:54:47Z,Daytona State College project
STS1308,PERIOPERATIVE PATIENT CARE CONCEPTS,5,pushed,947,2026-08-31T00:09:01Z,2026-09-02T09:54:39Z,2026-09-02T09:54:47Z,Daytona State College project
ACR0061C,PSYCHROMETRICS,4,pushed,948,2026-08-31T00:09:01Z,2026-09-02T10:04:14Z,2026-09-02T10:08:55Z,Daytona State College project
CIS2350C,CYBERSECURITY ANALYSIS,4,pushed,948,2026-08-31T00:09:01Z,2026-09-02T10:04:14Z,2026-09-02T10:08:55Z,Daytona State College project
CNT2404C,INTRUSION DETECTION AND AUDITING,4,pushed,948,2026-08-31T00:09:01Z,2026-09-02T10:04:14Z,2026-09-02T10:08:55Z,Daytona State College project
DAA1504C,JAZZ DANCE I,4,pushed,948,2026-08-31T00:09:01Z,2026-09-02T10:04:14Z,2026-09-02T10:08:55Z,Daytona State College project
DEA0130,BIOMEDICAL SCIENCE,4,pushed,948,2026-08-31T00:09:01Z,2026-09-02T10:08:48Z,2026-09-02T10:08:56Z,Daytona State College project
DEA0850L,EXTERNSHIP I,4,pushed,948,2026-08-31T00:09:01Z,2026-09-02T10:08:48Z,2026-09-02T10:08:56Z,Daytona State College project
DES0844,DENTAL HEALTH EDUCATION,4,pushed,948,2026-08-31T00:09:01Z,2026-09-02T10:08:48Z,2026-09-02T10:09:41Z,Daytona State College project
ECO2013,PRINCIPLES OF MACROECONOMICS,52,pushed,948,2026-05-03T12:47:43Z,2026-05-03T17:54:34Z,2026-05-03T14:28:36Z,Top priority - high-volume gen-ed
EEX4242,TEACHING EXCEPTIONAL STUDENTS IN SECONDARY SETTINGS,4,pushed,948,2026-08-31T00:09:01Z,2026-09-02T10:08:48Z,2026-09-02T10:09:41Z,Daytona State College project
ETI4448C,APPLIED PROJECT MANAGEMENT,4,pushed,948,2026-08-31T00:09:01Z,2026-09-02T11:19:47Z,2026-09-02T11:25:20Z,Daytona State College project
EVR2861,INTRODUCTION TO ENVIRONMENTAL POLICY,4,pushed,948,2026-08-31T00:09:01Z,2026-09-02T11:19:47Z,2026-09-02T11:25:20Z,Daytona State College project
FFP2604,CAUSE AND ORIGIN,4,pushed,948,2026-08-31T00:09:01Z,2026-09-02T11:19:47Z,2026-09-02T11:25:21Z,Daytona State College project
GEO2000,INTRODUCTION TO GEOGRAPHY,4,pushed,948,2026-08-31T00:09:01Z,2026-09-02T11:19:47Z,2026-09-02T11:25:21Z,Daytona State College project
HFT2867C,WINE ESSENTIALS,4,pushed,948,2026-08-31T00:09:01Z,2026-09-02T11:24:57Z,2026-09-02T11:25:21Z,Daytona State College project
HFT4064,BAR AND BEVERAGE MANAGEMENT,4,pushed,948,2026-08-31T00:09:01Z,2026-09-02T11:24:57Z,2026-09-02T11:25:21Z,Daytona State College project
HSC4553,FUNDAMENTALS OF PATHOLOGY,4,pushed,948,2026-08-31T00:09:01Z,2026-09-02T11:24:57Z,2026-09-02T11:25:21Z,Daytona State College project
HUS1450,DUAL DIAGNOSIS,4,pushed,948,2026-08-31T00:09:01Z,2026-09-02T11:24:57Z,2026-09-02T11:25:21Z,Daytona State College project
HUS2540,BUILDING STRONGER FAMILIES AND COMMUNITIES,4,pushed,948,2026-08-31T00:09:01Z,2026-09-02T11:41:29Z,2026-09-02T11:46:14Z,Daytona State College project
IND2210C,RESIDENTIAL INTERIORS,4,pushed,948,2026-08-31T00:09:01Z,2026-09-02T11:41:29Z,2026-09-02T11:46:14Z,Daytona State College project
LIT2040,WORLD DRAMA,4,pushed,948,2026-08-31T00:09:01Z,2026-09-02T11:41:29Z,2026-09-02T11:46:14Z,Daytona State College project
MAN4584,PROJECT RISK MANAGEMENT,4,pushed,948,2026-08-31T00:09:01Z,2026-09-02T11:41:29Z,2026-09-02T11:46:15Z,Daytona State College project
MAS3301,ABSTRACT ALGEBRA,4,pushed,948,2026-08-31T00:09:01Z,2026-09-02T11:46:04Z,2026-09-02T11:46:15Z,Daytona State College project
MEA0231C,ANATOMY AND PHYSIOLOGY,4,pushed,948,2026-08-31T00:09:01Z,2026-09-02T11:46:04Z,2026-09-02T11:46:15Z,Daytona State College project
MEA0242C,INTRODUCTION TO PHARMACOLOGY,4,pushed,948,2026-08-31T00:09:01Z,2026-09-02T11:46:04Z,2026-09-02T11:46:15Z,Daytona State College project
MGF2106,COLLEGE MATH,4,pushed,948,2026-08-31T00:09:01Z,2026-09-02T11:46:04Z,2026-09-02T11:46:15Z,Daytona State College project
MSS0215,HISTORY AND STANDARDS FOR MASSAGE THERAPY,4,pushed,948,2026-08-31T00:09:01Z,2026-09-02T12:00:32Z,2026-09-02T12:05:05Z,Daytona State College project
MSS0803C,MASSAGE THERAPY CLINICAL PRACTICUM,4,pushed,948,2026-08-31T00:09:01Z,2026-09-02T12:00:32Z,2026-09-02T12:05:05Z,Daytona State College project
MTG4212,MODERN GEOMETRY,4,pushed,948,2026-08-31T00:09:01Z,2026-09-02T12:00:32Z,2026-09-02T12:05:05Z,Daytona State College project
MUC2301,INTRODUCTION TO ELECTRONIC MUSIC,4,pushed,948,2026-08-31T00:09:01Z,2026-09-02T12:00:32Z,2026-09-02T12:05:05Z,Daytona State College project
MUM2600L,SOUND RECORDING LAB,4,pushed,948,2026-08-31T00:09:01Z,2026-09-02T12:04:56Z,2026-09-02T12:05:05Z,Daytona State College project
MUM2601L,SOUND RECORDING 2 LAB,4,pushed,948,2026-08-31T00:09:01Z,2026-09-02T12:04:56Z,2026-09-02T12:05:06Z,Daytona State College project
MUM2640C,POST PRODUCTION SOUND,4,pushed,948,2026-08-31T00:09:01Z,2026-09-02T12:04:56Z,2026-09-02T12:05:06Z,Daytona State College project
OST1141,KEYBOARDING,4,pushed,948,2026-08-31T00:09:01Z,2026-09-02T12:04:56Z,2026-09-02T12:05:06Z,Daytona State College project
OST2461,MEDICAL OFFICE PROCEDURES,4,pushed,948,2026-08-31T00:09:01Z,2026-09-02T12:16:27Z,2026-09-02T12:21:13Z,Daytona State College project
OTH1001C,INTRODUCTION TO OCCUPATIONAL THERAPY,4,pushed,948,2026-08-31T00:09:01Z,2026-09-02T12:16:27Z,2026-09-02T12:21:13Z,Daytona State College project
OTH2840,FIELDWORK II,4,pushed,948,2026-08-31T00:09:01Z,2026-09-02T12:16:27Z,2026-09-02T12:21:13Z,Daytona State College project
PGY2210C,PROFESSIONAL STUDIO PORTRAITURE,4,pushed,948,2026-08-31T00:09:01Z,2026-09-02T12:16:27Z,2026-09-02T12:21:13Z,Daytona State College project
PGY2470C,PORTFOLIO DEVELOPMENT,4,pushed,948,2026-08-31T00:09:01Z,2026-09-02T12:21:04Z,2026-09-02T12:21:13Z,Daytona State College project
PLA2104,LEGAL RESEARCH,4,pushed,948,2026-08-31T00:09:01Z,2026-09-02T12:21:04Z,2026-09-02T12:21:13Z,Daytona State College project
PRN0120C,PRACTICAL NURSING II,4,pushed,948,2026-08-31T00:09:01Z,2026-09-02T12:21:04Z,2026-09-02T12:21:14Z,Daytona State College project
RET1295,CHEST MEDICINE,4,pushed,948,2026-08-31T00:09:01Z,2026-09-02T12:21:04Z,2026-09-02T12:21:14Z,Daytona State College project
RET3536,CARDIOPULMONARY REHABILITATION,4,pushed,948,2026-08-31T00:09:01Z,2026-09-02T12:28:16Z,2026-09-02T12:32:25Z,Daytona State College project
RTE2573C,SPECIAL IMAGING MODALITIES,4,pushed,948,2026-08-31T00:09:01Z,2026-09-02T12:28:16Z,2026-09-02T12:32:25Z,Daytona State College project
RTE3590,COMPUTED TOMOGRAPHY,4,pushed,948,2026-08-31T00:09:01Z,2026-09-02T12:28:16Z,2026-09-02T12:32:26Z,Daytona State College project
SON1141C,SMALL PARTS SONOGRAPHY,4,pushed,948,2026-08-31T00:09:01Z,2026-09-02T12:32:17Z,2026-09-02T12:32:26Z,Daytona State College project
SON1814L,CLINICAL 2,4,pushed,948,2026-08-31T00:09:01Z,2026-09-02T12:32:17Z,2026-09-02T12:32:26Z,Daytona State College project
SON2211C,MEDICAL SONOGRAPHIC PHYSICS,4,pushed,948,2026-08-31T00:09:01Z,2026-09-02T12:32:17Z,2026-09-02T12:32:26Z,Daytona State College project
SON2834L,CLINICAL 4,4,pushed,948,2026-08-31T00:09:01Z,2026-09-02T12:32:17Z,2026-09-02T12:32:26Z,Daytona State College project
STS1303,FUNDAMENTALS OF SURGICAL TECHNOLOGY,4,pushed,948,2026-08-31T00:09:01Z,2026-09-02T12:28:16Z,2026-09-02T12:32:26Z,Daytona State College project
STS1304L,OPERATING ROOM TECHNIQUES LABORATORY,4,pushed,948,2026-08-31T00:09:01Z,2026-09-02T12:40:32Z,2026-09-02T12:45:46Z,Daytona State College project
STS1327L,PRINCIPLES AND PRACTICES OF SURGICAL TECHNOLOGY LABORATORY,4,pushed,948,2026-08-31T00:09:01Z,2026-09-02T12:40:32Z,2026-09-02T12:45:46Z,Daytona State College project
STS2340,SURGICAL PHARMACOLOGY,4,pushed,948,2026-08-31T00:09:01Z,2026-09-02T12:40:32Z,2026-09-02T12:45:46Z,Daytona State College project
SWS2000C,INTRODUCTION TO SOIL SCIENCE,4,pushed,948,2026-08-31T00:09:01Z,2026-09-02T12:40:32Z,2026-09-02T12:45:46Z,Daytona State College project
TAX3001,FEDERAL INCOME TAX,4,pushed,948,2026-08-31T00:09:01Z,2026-09-02T12:45:38Z,2026-09-02T12:45:47Z,Daytona State College project
AMT1751C,AVIATION MAINTENANCE TECHNOLOGY GENERAL I,3,pushed,949,2026-08-31T00:09:01Z,2026-09-02T12:45:38Z,2026-09-02T12:45:47Z,Daytona State College project
AMT1752C,AVIATION MAINTENANCE TECHNOLOGY GENERAL II,3,pushed,949,2026-08-31T00:09:01Z,2026-09-02T12:45:38Z,2026-09-02T12:45:47Z,Daytona State College project
BOT3151C,LOCAL FLORA,3,pushed,949,2026-08-31T00:09:01Z,2026-09-02T12:45:38Z,2026-09-02T12:45:47Z,Daytona State College project
CAP2741C,DATA VISUALIZATION,3,pushed,949,2026-08-31T00:09:01Z,2026-09-02T13:05:37Z,2026-09-02T13:10:40Z,Daytona State College project
CAP3744,DATA ANALYTICS AND VISUALIZATION,3,pushed,949,2026-08-31T00:09:01Z,2026-09-02T13:05:37Z,2026-09-02T13:10:40Z,Daytona State College project
CCJ1080,INTRO TO FORENSIC STUDIES,3,pushed,949,2026-08-31T00:09:01Z,2026-09-02T13:05:37Z,2026-09-02T13:10:41Z,Daytona State College project
CCJ2647,ORGANIZED CRIME,3,pushed,949,2026-08-31T00:09:01Z,2026-09-02T13:05:37Z,2026-09-02T13:10:41Z,Daytona State College project
CHD1430,OBSERVING CHILDREN,3,pushed,949,2026-08-31T00:09:01Z,2026-09-02T13:10:30Z,2026-09-02T13:10:41Z,Daytona State College project
CIS4250,ETHICAL ISSUES IN IT,3,pushed,949,2026-08-31T00:09:01Z,2026-09-02T13:10:30Z,2026-09-02T13:10:41Z,Daytona State College project
CIS4510,IT PROJECT MANAGEMENT,3,pushed,949,2026-08-31T00:09:01Z,2026-09-02T13:10:30Z,2026-09-02T13:10:41Z,Daytona State College project
CJE1670C,CRIME SCENE PROCEDURES,3,pushed,949,2026-08-31T00:09:01Z,2026-09-02T13:10:30Z,2026-09-02T13:10:42Z,Daytona State College project
CJE2304,LINE SUPERVISION,3,pushed,949,2026-08-31T00:09:01Z,2026-09-02T13:28:36Z,2026-09-02T13:32:04Z,Daytona State College project
COP2001C,COMPUTER PROGRAMMING,3,pushed,949,2026-08-31T00:09:01Z,2026-09-02T13:28:36Z,2026-09-02T13:32:05Z,Daytona State College project
COP2071C,SQL FUNDAMENTALS,3,pushed,949,2026-08-31T00:09:01Z,2026-09-02T13:28:36Z,2026-09-02T13:32:05Z,Daytona State College project
COS0080L,SALON I,3,pushed,949,2026-08-31T00:09:01Z,2026-09-02T13:31:55Z,2026-09-02T13:32:05Z,Daytona State College project
COS0081L,SALON II,3,pushed,949,2026-08-31T00:09:01Z,2026-09-02T13:31:55Z,2026-09-02T13:32:05Z,Daytona State College project
COS0082L,SALON III,3,pushed,949,2026-08-31T00:09:01Z,2026-09-02T13:31:55Z,2026-09-02T13:32:05Z,Daytona State College project
CTS2303C,CONFIGURING ADVANCED SERVER,3,pushed,949,2026-08-31T00:09:01Z,2026-09-02T13:28:36Z,2026-09-02T13:32:05Z,Daytona State College project
CTS2358C,IDENTITY WITH WINDOWS SERVER,3,pushed,949,2026-08-31T00:09:01Z,2026-09-02T13:28:36Z,2026-09-02T13:32:05Z,Daytona State College project
DAA2501C,JAZZ II,3,pushed,949,2026-08-31T00:09:01Z,2026-09-02T14:16:38Z,2026-09-02T14:21:13Z,Daytona State College project
DAA2540,MUSICAL THEATRE DANCE,3,pushed,949,2026-08-31T00:09:01Z,2026-09-02T14:16:38Z,2026-09-02T14:21:13Z,Daytona State College project
DIG2203C,ADVANCED DIGITAL VIDEO,3,pushed,949,2026-08-31T00:09:01Z,2026-09-02T14:16:38Z,2026-09-02T14:21:13Z,Daytona State College project
DIM0810C,TRANSIT EQUIPMENT PREVENTIVE MAINTENANCE,3,pushed,949,2026-08-31T00:09:01Z,2026-09-02T14:21:03Z,2026-09-02T14:21:13Z,Daytona State College project
DIM0811C,TRANSIT BASIC ELECTRICAL SYSTEMS,3,pushed,949,2026-08-31T00:09:01Z,2026-09-02T14:21:03Z,2026-09-02T14:21:14Z,Daytona State College project
DIM0813C,TRANSIT DIESEL ENGINE PREVENTIVE MAINTENANCE,3,pushed,949,2026-08-31T00:09:01Z,2026-09-02T14:21:03Z,2026-09-02T14:21:14Z,Daytona State College project
DIM0814C,TRANSIT STEERING AND SUSPENSION,3,pushed,949,2026-08-31T00:09:01Z,2026-09-02T14:21:03Z,2026-09-02T14:21:14Z,Daytona State College project
DIM0820C,TRANSIT HYDRAULICS,3,pushed,949,2026-08-31T00:09:01Z,2026-09-02T14:21:03Z,2026-09-02T14:21:14Z,Daytona State College project
DIM0821C,TRANSIT DIESEL ELECTRICAL & DIESEL ENGINE ELECTRONICS,3,pushed,949,2026-08-31T00:09:01Z,2026-09-02T15:07:09Z,2026-09-02T15:07:20Z,Daytona State College project
DIM0822C,TRANSIT DRIVETRAIN TECHNICIAN,3,pushed,949,2026-08-31T00:09:01Z,2026-09-02T15:07:09Z,2026-09-02T15:07:20Z,Daytona State College project
DSC4725,REPSONSE AND RECOVERY,3,pushed,949,2026-08-31T00:09:01Z,2026-09-02T15:07:09Z,2026-09-02T15:07:20Z,Daytona State College project
EAP1501,ENGLISH PRONUNCIATION,3,pushed,949,2026-08-31T00:09:01Z,2026-09-02T15:07:09Z,2026-09-02T15:07:20Z,Daytona State College project
EAP1585C,HIGH-INTERMEDIATE WRITING AND GRAMMAR,3,pushed,949,2026-08-31T00:09:01Z,2026-09-02T15:07:09Z,2026-09-02T15:07:21Z,Daytona State College project
EAP1685,ADVANCED WRITING AND GRAMMAR,3,pushed,949,2026-08-31T00:09:01Z,2026-09-02T15:07:09Z,2026-09-02T15:07:21Z,Daytona State College project
EEX1600,BEHAVIOR MANAGEMENT,3,pushed,949,2026-08-31T00:09:01Z,2026-09-02T15:07:09Z,2026-09-02T15:07:21Z,Daytona State College project
EEX3280,CAREER/VOCATIONAL ASSESSMENT AND PLANNING,3,pushed,949,2026-08-31T00:09:01Z,2026-09-02T15:07:09Z,2026-09-02T15:07:21Z,Daytona State College project
ENC0055L,THE ENGLISH STUDIO,3,pushed,949,2026-08-31T00:09:01Z,2026-09-02T15:24:25Z,2026-09-02T15:24:35Z,Daytona State College project
ESI4312,OPERATIONS RESEARCH,3,pushed,949,2026-08-31T00:09:01Z,2026-09-02T15:24:25Z,2026-09-02T15:24:35Z,Daytona State College project
ETD2390C,REVIT I,3,pushed,949,2026-08-31T00:09:01Z,2026-09-02T15:24:25Z,2026-09-02T15:24:36Z,Daytona State College project
ETS3543C,PROGRAMMABLE LOGIC CONTROLLERS,3,pushed,949,2026-08-31T00:09:01Z,2026-09-02T15:24:25Z,2026-09-02T15:24:36Z,Daytona State College project
EVR2001L,ENVIRONMENTAL SCIENCE LAB,3,pushed,949,2026-08-31T00:09:01Z,2026-09-02T15:24:25Z,2026-09-02T15:24:36Z,Daytona State College project
EVR2630,HAZARDOUS MATERIALS RISK ANALYSIS,3,pushed,949,2026-08-31T00:09:01Z,2026-09-02T15:24:25Z,2026-09-02T15:24:36Z,Daytona State College project
EVS2005C,TREATMENT OF WATER AND WASTEWATER,3,pushed,949,2026-08-31T00:09:01Z,2026-09-02T15:24:25Z,2026-09-02T15:24:36Z,Daytona State College project
FFP2801,Introduction to Command,3,pushed,949,2026-08-31T00:21:04Z,2026-09-02T15:24:25Z,2026-09-02T15:24:36Z,"Daytona State College project - in catalog, inventory missing DSC"
FOS1201,SANITATION AND SAFETY MANAGEMENT,3,pushed,949,2026-08-31T00:09:01Z,2026-09-02T16:00:19Z,2026-09-02T16:00:32Z,Daytona State College project
GER2221,INTERMEDIATE GERMAN 2,3,pushed,949,2026-08-31T00:09:01Z,2026-09-02T16:00:19Z,2026-09-02T16:00:32Z,Daytona State College project
GRA2134C,INTERACTIVE DESIGN,3,pushed,949,2026-08-31T00:09:01Z,2026-09-02T16:00:19Z,2026-09-02T16:00:32Z,Daytona State College project
HFT1860,BEVERAGE MANAGEMENT,3,pushed,949,2026-08-31T00:09:01Z,2026-09-02T16:00:19Z,2026-09-02T16:00:32Z,Daytona State College project
HFT2276,RESORT MANAGEMENT,3,pushed,949,2026-08-31T00:09:01Z,2026-09-02T16:00:19Z,2026-09-02T16:00:32Z,Daytona State College project
HFT3373,EVENT DESIGN - PRODUCTION AND TECHNOLOGY,3,pushed,949,2026-08-31T00:09:01Z,2026-09-02T16:00:19Z,2026-09-02T16:00:33Z,Daytona State College project
HFT4809,FOOD SERVICE MANAGEMENT,3,pushed,949,2026-08-31T00:09:01Z,2026-09-02T16:00:19Z,2026-09-02T16:00:33Z,Daytona State College project
HIM2400C,ALTERNATIVE HEALTH CARE SETTINGS,3,pushed,949,2026-08-31T00:09:01Z,2026-09-02T16:00:19Z,2026-09-02T16:00:33Z,Daytona State College project
HSA3101,U.S. HEALTHCARE SYSTEMS,3,pushed,949,2026-08-31T00:09:01Z,2026-09-02T16:15:21Z,2026-09-02T16:15:35Z,Daytona State College project
HUM2740,HUMANITIES OVERSEAS STUDY,3,pushed,949,2026-08-31T00:09:01Z,2026-09-02T16:15:21Z,2026-09-02T16:15:36Z,Daytona State College project
HUN1203,CULINARY NUTRITION,3,pushed,949,2026-08-31T00:09:01Z,2026-09-02T16:15:21Z,2026-09-02T16:15:36Z,Daytona State College project
HUS1421,ASSESSMENT AND TREATMENT PLANNING IN ADDICTIONS,3,pushed,949,2026-08-31T00:09:01Z,2026-09-02T16:15:21Z,2026-09-02T16:15:36Z,Daytona State College project
HUS1423,GROUP COUNSELING IN SUBSTANCE ABUSE,3,pushed,949,2026-08-31T00:09:01Z,2026-09-02T16:15:21Z,2026-09-02T16:15:37Z,Daytona State College project
HUS2050,CASE MANAGEMENT,3,pushed,949,2026-08-31T00:09:01Z,2026-09-02T16:15:21Z,2026-09-02T16:15:37Z,Daytona State College project
IND1233C,STUDIO I,3,pushed,949,2026-08-31T00:09:01Z,2026-09-02T16:15:21Z,2026-09-02T16:15:37Z,Daytona State College project
IND1429C,TEXTILES,3,pushed,949,2026-08-31T00:09:01Z,2026-09-02T16:15:21Z,2026-09-02T16:15:37Z,Daytona State College project
ISM2000,INFORMATION SYSTEMS FUNDAMENTALS,3,pushed,949,2026-08-31T00:09:01Z,2026-09-02T16:28:45Z,2026-09-02T16:29:13Z,Daytona State College project
ITA2221,INTERMEDIATE ITALIAN LANGUAGE AND CULTURE II,3,pushed,949,2026-08-31T00:09:01Z,2026-09-02T16:28:45Z,2026-09-02T16:29:13Z,Daytona State College project
MAE2801,ELEMENTARY SCHOOL MATHEMATICS,3,pushed,949,2026-08-31T00:09:01Z,2026-09-02T16:28:45Z,2026-09-02T16:29:13Z,Daytona State College project
MAN3350,TRAINING AND DEVELOPMENT,3,pushed,949,2026-08-31T00:09:01Z,2026-09-02T16:28:45Z,2026-09-02T16:29:13Z,Daytona State College project
MEA0204C,MEDICAL ASSISTING CLINICAL,3,pushed,949,2026-08-31T00:09:01Z,2026-09-02T16:28:46Z,2026-09-02T16:29:14Z,Daytona State College project
MEA0230C,MEDICAL TERMINOLOGY,3,pushed,949,2026-08-31T00:09:01Z,2026-09-02T16:28:46Z,2026-09-02T16:29:14Z,Daytona State College project
MSS0803L,MASSAGE THERAPY CLINICAL PRACTICUM,3,pushed,949,2026-08-31T00:09:01Z,2026-09-02T16:28:46Z,2026-09-02T16:29:14Z,Daytona State College project
MUC2601,INTRODUCTION TO SONGWRITING,3,pushed,949,2026-08-31T00:09:01Z,2026-09-02T16:28:46Z,2026-09-02T16:29:14Z,Daytona State College project
MUM2609,STUDIO PRODUCTION,3,pushed,949,2026-08-31T00:09:01Z,2026-09-02T17:17:35Z,2026-09-02T17:17:48Z,Daytona State College project
MUM2630C,SOUND FOR MEDIA,3,pushed,949,2026-08-31T00:09:01Z,2026-09-02T17:17:35Z,2026-09-02T17:17:49Z,Daytona State College project
MUM2677,SOUND REINFORCEMENT II,3,pushed,949,2026-08-31T00:09:01Z,2026-09-02T17:17:35Z,2026-09-02T17:17:49Z,Daytona State College project
MUS1010L,RECITAL SEMINAR,3,pushed,949,2026-08-31T00:09:01Z,2026-09-02T17:17:35Z,2026-09-02T17:17:49Z,Daytona State College project
NUR2731C,NURSING IV,3,pushed,949,2026-08-31T00:09:01Z,2026-09-02T17:17:35Z,2026-09-02T17:17:50Z,Daytona State College project
OST2401,OFFICE PROCEDURES,3,pushed,949,2026-08-31T00:09:01Z,2026-09-02T17:17:35Z,2026-09-02T17:17:50Z,Daytona State College project
OST2431,LEGAL OFFICE PROCEDURES,3,pushed,949,2026-08-31T00:09:01Z,2026-09-02T17:17:35Z,2026-09-02T17:17:51Z,Daytona State College project
OTH1800,LEVEL I FIELDWORK,3,pushed,949,2026-08-31T00:09:01Z,2026-09-02T17:35:28Z,2026-09-02T17:35:42Z,Daytona State College project
OTH2841,LEVEL II FIELDWORK - PSYCHOSOCIAL,3,pushed,949,2026-08-31T00:09:01Z,2026-09-02T17:17:35Z,2026-09-02T17:17:52Z,Daytona State College project
PCB2033C,INTRODUCTION TO ECOLOGY,3,pushed,949,2026-08-31T00:09:01Z,2026-09-02T17:35:28Z,2026-09-02T17:35:42Z,Daytona State College project
PCB3060,GENETICS,3,pushed,949,2026-08-31T00:09:01Z,2026-09-02T17:35:28Z,2026-09-02T17:35:42Z,Daytona State College project
PET2084,PERSONAL HEALTH AND WELLNESS,3,pushed,949,2026-08-31T00:09:01Z,2026-09-02T17:35:28Z,2026-09-02T17:35:42Z,Daytona State College project
PGY1100C,BASIC PHOTOGRAPHY,3,pushed,949,2026-08-31T00:09:01Z,2026-09-02T17:35:28Z,2026-09-02T17:35:43Z,Daytona State College project
PGY2000,HISTORY OF PHOTOGRAPHY,3,pushed,949,2026-08-31T00:09:01Z,2026-09-02T17:35:28Z,2026-09-02T17:35:43Z,Daytona State College project
PGY2750C,INTRODUCTION TO VIDEO PRODUCTION,3,pushed,949,2026-08-31T00:09:01Z,2026-09-02T17:35:28Z,2026-09-02T17:35:43Z,Daytona State College project
PHT1128C,KINESIOLOGY FOR PTA,3,pushed,949,2026-08-31T00:09:01Z,2026-09-02T17:35:28Z,2026-09-02T17:35:43Z,Daytona State College project
PHT1251C,PATIENT CARE SKILLS,3,pushed,949,2026-08-31T00:09:01Z,2026-09-02T17:58:32Z,2026-09-02T17:58:45Z,Daytona State College project
PHT2211,THERAPEUTIC MODALITIES,3,pushed,949,2026-08-31T00:09:01Z,2026-09-02T17:58:32Z,2026-09-02T17:58:45Z,Daytona State College project
PHT2211L,THERAPEUTIC MODALITIES LABORATORY,3,pushed,949,2026-08-31T00:09:01Z,2026-09-02T17:58:32Z,2026-09-02T17:58:45Z,Daytona State College project
PHT2220L,THERAPEUTIC EXERCISE I LAB,3,pushed,949,2026-08-31T00:09:01Z,2026-09-02T17:58:32Z,2026-09-02T17:58:45Z,Daytona State College project
PLA2460,BANKRUPTCY LAW,3,pushed,949,2026-08-31T00:09:01Z,2026-09-02T17:58:32Z,2026-09-02T17:58:46Z,Daytona State College project
PMT0161C,PIPE WELDING,3,pushed,949,2026-08-31T00:09:01Z,2026-09-02T17:58:32Z,2026-09-02T17:58:46Z,Daytona State College project
PRN0004C,PRACTICAL NURSING I,3,pushed,949,2026-08-31T00:09:01Z,2026-09-02T17:58:32Z,2026-09-02T17:58:46Z,Daytona State College project
RET1265C,MECHANICAL VENTILATION,3,pushed,949,2026-08-31T00:09:01Z,2026-09-02T17:58:32Z,2026-09-02T17:58:46Z,Daytona State College project
RET1874,CLINICAL PRACTICE I,3,pushed,949,2026-08-31T00:09:01Z,2026-09-02T18:17:04Z,2026-09-02T18:17:21Z,Daytona State College project
RET1875,CLINICAL PRACTICE II,3,pushed,949,2026-08-31T00:09:01Z,2026-09-02T18:17:04Z,2026-09-02T18:17:21Z,Daytona State College project
RET2483,PATIENT ASSESSMENT AND INTERACTION,3,pushed,949,2026-08-31T00:09:01Z,2026-09-02T18:17:04Z,2026-09-02T18:17:22Z,Daytona State College project
RET4445,CARDIOPULMONARY DIAGNOSTICS,3,pushed,949,2026-08-31T00:09:01Z,2026-09-02T18:17:04Z,2026-09-02T18:17:22Z,Daytona State College project
RTE1001,MEDICAL TERMINOLOGY FOR RADIOGRAPHERS,3,pushed,949,2026-08-31T00:09:01Z,2026-09-02T18:17:04Z,2026-09-02T18:17:22Z,Daytona State College project
RTE3253,TEACHING IN THE HEALTH PROFESSION,3,pushed,949,2026-08-31T00:09:01Z,2026-09-02T18:17:04Z,2026-09-02T18:17:22Z,Daytona State College project
RTE4474,QUALITY MANAGEMENT,3,pushed,949,2026-08-31T00:09:01Z,2026-09-02T18:17:04Z,2026-09-02T18:17:22Z,Daytona State College project
RTV1000,FUNDAMENTALS OF BROADCASTING,3,pushed,949,2026-08-31T00:09:01Z,2026-09-02T18:17:04Z,2026-09-02T18:17:22Z,Daytona State College project
RTV2600C,RADIO AND TV ANNOUNCING,3,pushed,949,2026-08-31T00:09:01Z,2026-09-02T18:38:43Z,2026-09-02T18:39:03Z,Daytona State College project
SMT4301,STEM CLASSROOMS AND COMMUNITIES,3,pushed,949,2026-08-31T00:09:01Z,2026-09-02T18:38:43Z,2026-09-02T18:39:03Z,Daytona State College project
SON2824L,CLINICAL 3,3,pushed,949,2026-08-31T00:09:01Z,2026-09-02T18:38:43Z,2026-09-02T18:39:04Z,Daytona State College project
STA2023C,ELEMENTARY STATISTICS,51,pushed,949,2026-05-03T12:47:43Z,2026-05-03T17:54:34Z,2026-05-03T14:28:36Z,Top priority - high-volume gen-ed
STS2179,SURGICAL BIOMEDICAL FUNDAMENTALS,3,pushed,949,2026-08-31T00:09:01Z,2026-09-02T18:38:43Z,2026-09-02T18:39:04Z,Daytona State College project
SWS2007,THE WORLD OF WATER,3,pushed,949,2026-08-31T00:09:01Z,2026-09-02T18:38:43Z,2026-09-02T18:39:04Z,Daytona State College project
ACG3123,INTERMEDIATE ACCOUNTING III,2,pushed,950,2026-08-31T00:09:01Z,2026-09-02T18:38:43Z,2026-09-02T18:39:05Z,Daytona State College project
AFR3221,LEADING PEOPLE/EFFECTIVE COMMUNICATIONS I,2,pushed,950,2026-08-31T00:09:01Z,2026-09-02T18:56:33Z,2026-09-02T18:56:48Z,Daytona State College project
ARR0021,AUTOMOTIVE COLLISION ESTIMATING,2,pushed,950,2026-08-31T00:09:01Z,2026-09-02T18:56:33Z,2026-09-02T18:56:48Z,Daytona State College project
ART1501C,PAINTING II,2,pushed,950,2026-08-31T00:09:01Z,2026-09-02T18:38:43Z,2026-09-02T18:39:05Z,Daytona State College project
ART2753C,Wheel Throwing II and Lab,2,pushed,950,2026-08-31T00:21:04Z,2026-09-02T18:56:33Z,2026-09-02T18:56:48Z,"Daytona State College project - in catalog, inventory missing DSC"
ART2755C,CERAMICS III AND LAB,2,pushed,950,2026-08-31T00:09:01Z,2026-09-02T18:56:33Z,2026-09-02T18:56:48Z,Daytona State College project
BCN2049,SUSTAINABLE DESIGN & CONSTRUCTION,2,pushed,950,2026-08-31T00:09:01Z,2026-09-02T18:38:43Z,2026-09-02T18:39:05Z,Daytona State College project
BOT2150C,NATIVE PLANTS OF CENTRAL FLORIDA,2,pushed,950,2026-08-31T00:09:01Z,2026-09-03T20:29:16Z,2026-09-03T20:29:37Z,Daytona State College project
BSC0070,BODY STRUCTURE AND FUNCTION,2,pushed,950,2026-08-31T00:09:01Z,2026-09-02T18:56:33Z,2026-09-02T18:56:49Z,Daytona State College project
CAI1320C,INTRODUCTION TO PROMPT ENGINEERING,2,pushed,950,2026-08-31T00:09:01Z,2026-09-02T18:56:33Z,2026-09-02T18:56:49Z,Daytona State College project
CDA4101,COMPUTER ORGANIZATION AND DESIGN,2,pushed,950,2026-08-31T00:09:01Z,2026-09-02T18:56:33Z,2026-09-02T18:56:49Z,Daytona State College project
CEN2002C,SOFTWARE DESIGN AND DEVELOPMENT I,2,pushed,950,2026-08-31T00:09:01Z,2026-09-03T19:18:48Z,2026-09-03T19:19:39Z,Daytona State College project
CEN3722,HUMAN COMPUTER INTERFACES,2,pushed,950,2026-08-31T00:09:01Z,2026-09-02T18:56:33Z,2026-09-02T18:56:49Z,Daytona State College project
CET2154C,A+: COMPUTER OPERATING SYSTEMS,2,pushed,950,2026-08-31T00:09:01Z,2026-09-03T11:52:49Z,2026-09-03T11:53:04Z,Daytona State College project
CHD2320,EARLY CHILDHOOD CURRICULUM,2,pushed,950,2026-08-31T00:09:01Z,2026-09-02T19:38:50Z,2026-09-02T19:39:04Z,Daytona State College project
CHD2334,LANGUAGE ARTS FOR THE YOUNG CHILD,2,pushed,950,2026-08-31T00:09:01Z,2026-09-02T19:38:50Z,2026-09-02T19:39:05Z,Daytona State College project
CHD2801,CHILD DEVELOPMENT MANAGEMENT,2,pushed,950,2026-08-31T00:09:01Z,2026-09-02T19:38:50Z,2026-09-02T19:39:05Z,Daytona State College project
CHM3085,ENVIRONMENTAL CHEMISTRY,2,pushed,950,2026-08-31T00:09:01Z,2026-09-02T19:38:50Z,2026-09-02T19:39:05Z,Daytona State College project
CIS2121,CYBERSECURITY ANALYSIS,2,pushed,950,2026-08-31T00:09:01Z,2026-09-02T19:38:50Z,2026-09-02T19:39:05Z,Daytona State College project
CJL2072,CIVIL RIGHTS AND LIABILITY IN CRIMINAL JUSTICE,2,pushed,950,2026-08-31T00:09:01Z,2026-09-02T19:38:50Z,2026-09-02T19:39:05Z,Daytona State College project
CNT2402,PENETRATION TESTING,2,pushed,950,2026-08-31T00:09:01Z,2026-09-02T19:38:50Z,2026-09-02T19:39:06Z,Daytona State College project
CNT3104,INTRODUCTION TO TELECOMMUNICATIONS,2,pushed,950,2026-08-31T00:09:01Z,2026-09-02T19:38:50Z,2026-09-02T19:39:06Z,Daytona State College project
CNT4703C,VOICE AND DATA NETWORK DESIGN,2,pushed,950,2026-08-31T00:09:01Z,2026-09-03T19:18:48Z,2026-09-03T19:19:39Z,Daytona State College project
COP4834,WEB SYSTEMS II,2,pushed,950,2026-08-31T00:09:01Z,2026-09-02T20:20:20Z,2026-09-02T20:20:35Z,Daytona State College project
COS0083L,COSMETOLOGY IV,2,pushed,950,2026-08-31T00:09:01Z,2026-09-02T20:20:20Z,2026-09-02T20:20:35Z,Daytona State College project
COS0084L,COSMETOLOGY  V,2,pushed,950,2026-08-31T00:09:01Z,2026-09-02T20:20:20Z,2026-09-02T20:20:35Z,Daytona State College project
CTS1851C,CIW WEB FOUNDATIONS,2,pushed,950,2026-08-31T00:09:01Z,2026-09-03T18:06:17Z,2026-09-03T18:06:28Z,Daytona State College project
CTS2214,SOFTWARE APPLICATION FOR PROJECTS,2,pushed,950,2026-08-31T00:09:01Z,2026-09-02T20:20:20Z,2026-09-02T20:20:35Z,Daytona State College project
CTS2353C,CONFIGURING WINDOWS SERVER,2,pushed,950,2026-08-31T00:09:01Z,2026-09-03T18:06:17Z,2026-09-03T18:06:28Z,Daytona State College project
DEH1133,OROFACIAL ANATOMY AND PHYSIOLOGY,2,pushed,950,2026-08-31T00:09:01Z,2026-09-02T20:20:20Z,2026-09-02T20:20:35Z,Daytona State College project
DES1054,PAIN CONTROL AND ANESTHESIA,2,pushed,950,2026-08-31T00:09:01Z,2026-09-02T20:20:20Z,2026-09-02T20:20:36Z,Daytona State College project
DIG2151,WRITING FOR MEDIA,2,pushed,950,2026-08-31T00:09:01Z,2026-09-02T20:20:20Z,2026-09-02T20:20:36Z,Daytona State College project
DIG2510,APPLICATIONS IN FILM PRODUCTION TECHNOLOGY,2,pushed,950,2026-08-31T00:09:01Z,2026-09-02T20:20:20Z,2026-09-02T20:20:36Z,Daytona State College project
EET1021C,AC CIRCUITS,2,pushed,950,2026-08-31T00:09:01Z,2026-09-02T20:56:17Z,2026-09-02T20:56:25Z,Daytona State College project
EET3085C,ELECTRICITY AND ELECTRONICS,2,pushed,950,2026-08-31T00:09:01Z,2026-09-02T20:56:17Z,2026-09-02T20:56:25Z,Daytona State College project
EET3086C,CIRCUIT ANALYSIS II,2,pushed,950,2026-08-31T00:09:01Z,2026-09-02T20:56:17Z,2026-09-02T20:56:25Z,Daytona State College project
EET3716C,NETWORK ANALYSIS,2,pushed,950,2026-08-31T00:09:01Z,2026-09-02T20:56:17Z,2026-09-02T20:56:25Z,Daytona State College project
EET4732C,SIGNALS AND SYSTEMS,2,pushed,950,2026-08-31T00:09:01Z,2026-09-02T20:56:17Z,2026-09-02T20:56:25Z,Daytona State College project
EGS1000,INTO TO ENGINEERING TECHNOLOGY,2,pushed,950,2026-08-31T00:09:01Z,2026-09-02T20:56:17Z,2026-09-02T20:56:26Z,Daytona State College project
EME3434,INSTRUCTIONAL TECHNOLOGY IN MATHEMATICS AND SCIENCE,2,pushed,950,2026-08-31T00:09:01Z,2026-09-02T21:26:17Z,2026-09-02T21:26:30Z,Daytona State College project
ETC2207C,PLANNING AND ESTIMATING,2,pushed,950,2026-08-31T00:09:01Z,2026-09-02T20:56:17Z,2026-09-02T20:56:26Z,Daytona State College project
ETG3533C,APPLIED ENGINEERING STRENGTH OF MATERIALS,2,pushed,950,2026-08-31T00:09:01Z,2026-09-02T20:56:17Z,2026-09-02T20:56:26Z,Daytona State College project
ETP4240C,POWER SYSTEMS,2,pushed,950,2026-08-31T00:09:01Z,2026-09-03T18:51:56Z,2026-09-03T18:52:12Z,Daytona State College project
EVR2647,ENVIRONMENTAL SITE ASSESSMENT,2,pushed,950,2026-08-31T00:09:01Z,2026-09-02T21:26:17Z,2026-09-02T21:26:30Z,Daytona State College project
EVS2026C,CHEMISTRY AND BIOLOGY OF NATURAL WATERS,2,pushed,950,2026-08-31T00:09:01Z,2026-09-02T21:26:17Z,2026-09-02T21:26:31Z,Daytona State College project
FOS1142,PASTRY BASICS,2,pushed,950,2026-08-31T00:09:01Z,2026-09-02T21:26:17Z,2026-09-02T21:26:31Z,Daytona State College project
FOS2147,ADVANCED PASTRY TECHNIQUES,2,pushed,950,2026-08-31T00:09:01Z,2026-09-02T21:26:17Z,2026-09-02T21:26:31Z,Daytona State College project
FOS2161,SPECIALTY YEAST BREADS,2,pushed,950,2026-08-31T00:09:01Z,2026-09-02T21:26:17Z,2026-09-02T21:26:31Z,Daytona State College project
FSS1222C,KITCHEN MANAGEMENT,2,pushed,950,2026-08-31T00:09:01Z,2026-09-02T21:26:17Z,2026-09-02T21:26:32Z,Daytona State College project
FSS1242,INTERNATIONAL FOODS,2,pushed,950,2026-08-31T00:09:01Z,2026-09-02T21:26:17Z,2026-09-02T21:26:32Z,Daytona State College project
FSS1270C,INTRODUCTION TO BEVERAGE MANAGEMENT,2,pushed,950,2026-08-31T00:09:01Z,2026-09-04T01:05:14Z,2026-09-04T01:05:28Z,Daytona State College project
FSS1287,INTRODUCTION TO CRAFT BEER PRODUCTION,2,pushed,950,2026-08-31T00:09:01Z,2026-09-02T22:15:02Z,2026-09-02T22:15:14Z,Daytona State College project
GEB2351,INTERNATIONAL BUSINESS PRACTICE FIRM,2,pushed,950,2026-08-31T00:09:01Z,2026-09-02T22:15:02Z,2026-09-02T22:15:14Z,Daytona State College project
HCP0750C,BASIC CONCEPTS OF PHLEBOTOMY,2,pushed,950,2026-08-31T00:09:01Z,2026-09-02T22:15:02Z,2026-09-02T22:15:14Z,Daytona State College project
HFT2454,HOSPITALITY PURCHASING AND CONTROLS,2,pushed,950,2026-08-31T00:09:01Z,2026-09-02T22:15:02Z,2026-09-02T22:15:14Z,Daytona State College project
HIM2430,CONCEPTS OF DISEASE,2,pushed,950,2026-08-31T00:09:01Z,2026-09-02T22:15:02Z,2026-09-02T22:15:15Z,Daytona State College project
HSC0005,CAREER ENHANCEMENT HEALTH,2,pushed,950,2026-08-31T00:09:01Z,2026-09-02T22:15:02Z,2026-09-02T22:15:15Z,Daytona State College project
HSC1421,HEALTH AND SAFETY FOR THE YOUNG CHILD,2,pushed,950,2026-08-31T00:09:01Z,2026-09-02T22:15:02Z,2026-09-02T22:15:15Z,Daytona State College project
HUN1270,SPORTS NUTRITION,2,pushed,950,2026-08-31T00:09:01Z,2026-09-02T22:15:02Z,2026-09-02T22:15:15Z,Daytona State College project
IDH2028,HONORS COLLEGE CAPSTONE SEMINAR,2,pushed,950,2026-08-31T00:09:01Z,2026-09-02T22:48:23Z,2026-09-02T22:48:51Z,Daytona State College project
IND1300,GRAPHICS OF INTERIOR DESIGN I,2,pushed,950,2026-08-31T00:09:01Z,2026-09-02T22:48:23Z,2026-09-02T22:48:51Z,Daytona State College project
IND2220,INTERIOR DESIGN 4,2,pushed,950,2026-08-31T00:09:01Z,2026-09-02T22:48:23Z,2026-09-02T22:48:52Z,Daytona State College project
IND2410C,KITCHEN AND BATH DESIGN I,2,pushed,950,2026-08-31T00:09:01Z,2026-09-02T22:48:23Z,2026-09-02T22:48:52Z,Daytona State College project
ISS1301,INTRODUCTION TO SOCIAL RESEARCH,2,pushed,950,2026-08-31T00:09:01Z,2026-09-02T22:48:23Z,2026-09-02T22:48:52Z,Daytona State College project
MAE4803,MATHEMATICS CONTENT FOR ELEMENTARY GRADES,2,pushed,950,2026-08-31T00:09:01Z,2026-09-02T22:48:23Z,2026-09-02T22:48:52Z,Daytona State College project
MAN3570,PURCHASING AND MATERIALS MANAGEMENT,2,pushed,950,2026-08-31T00:09:01Z,2026-09-02T22:48:23Z,2026-09-02T22:48:53Z,Daytona State College project
MAN4535,BUSINESS PROCESS ANALYSIS,2,pushed,950,2026-08-31T00:09:01Z,2026-09-02T22:48:23Z,2026-09-02T22:48:53Z,Daytona State College project
MEA0256C,MEDICAL OFFICE PROCEDURES II,2,pushed,950,2026-08-31T00:09:01Z,2026-09-02T23:04:50Z,2026-09-02T23:05:05Z,Daytona State College project
MEA0310C,OCCUPATIONAL MEDICAL OFFICE PROCEDURES,2,pushed,950,2026-08-31T00:09:01Z,2026-09-02T23:04:50Z,2026-09-02T23:05:06Z,Daytona State College project
MEA0801,MEDICAL ASSISTING EXTERNSHIP,2,pushed,950,2026-08-31T00:09:01Z,2026-09-02T23:04:50Z,2026-09-02T23:05:06Z,Daytona State College project
MGF2130,MATHEMATICAL THINKING,2,pushed,950,2026-08-31T00:09:01Z,2026-09-02T23:04:50Z,2026-09-02T23:05:06Z,Daytona State College project
MSS0157,ANATOMY & PHYSIOLOGY FOR MASSAGE THERAPY II,2,pushed,950,2026-08-31T00:09:01Z,2026-09-02T23:04:50Z,2026-09-02T23:05:06Z,Daytona State College project
MSS0274,PATHOLOGY,2,pushed,950,2026-08-31T00:09:01Z,2026-09-02T23:04:50Z,2026-09-02T23:05:06Z,Daytona State College project
MSS0601,PROFESSIONAL AND PERSONAL DEVELOPMENT,2,pushed,950,2026-08-31T00:09:01Z,2026-09-02T23:04:50Z,2026-09-02T23:05:07Z,Daytona State College project
MSS0804,MASSAGE THEORY AND PRACTICUM II,2,pushed,950,2026-08-31T00:09:01Z,2026-09-02T23:04:50Z,2026-09-02T23:05:07Z,Daytona State College project
MSS0804L,MASSAGE THEORY AND PRACTICUM II LAB,2,pushed,950,2026-08-31T00:09:01Z,2026-09-02T23:25:20Z,2026-09-02T23:25:46Z,Daytona State College project
MUM1622,SOUND REINFORCEMENT,2,pushed,950,2026-08-31T00:09:01Z,2026-09-02T23:25:20Z,2026-09-02T23:25:47Z,Daytona State College project
MUM2607,SOUNDTRACK DEVELOPMENT,2,pushed,950,2026-08-31T00:09:01Z,2026-09-02T23:25:20Z,2026-09-02T23:25:47Z,Daytona State College project
MUM2611,LIVE RECORDING TECHNIQUES,2,pushed,950,2026-08-31T00:09:01Z,2026-09-02T23:25:20Z,2026-09-02T23:25:47Z,Daytona State College project
NUR1005C,LPN TRANSITION,2,pushed,950,2026-08-31T00:09:01Z,2026-09-02T23:25:20Z,2026-09-02T23:25:47Z,Daytona State College project
OCE1001L,INTRODUCTORY OCEANOGRAPHY LABORATORY,2,pushed,950,2026-08-31T00:09:01Z,2026-09-02T23:25:20Z,2026-09-02T23:25:47Z,Daytona State College project
OCE3014C,OCEANOGRAPHY,2,pushed,950,2026-08-31T00:09:01Z,2026-09-02T23:25:20Z,2026-09-02T23:25:48Z,Daytona State College project
OST1330,BUSINESS ENGLISH,2,pushed,950,2026-08-31T00:09:01Z,2026-09-02T23:25:20Z,2026-09-02T23:25:48Z,Daytona State College project
OST1435,LEGAL TERMINOLOGY,2,pushed,950,2026-08-31T00:09:01Z,2026-09-02T23:41:47Z,2026-09-02T23:42:01Z,Daytona State College project
OST2713C,MICROSOFT WORD I,2,pushed,950,2026-08-31T00:09:01Z,2026-09-03T19:18:48Z,2026-09-03T19:19:39Z,Daytona State College project
OTH1003C,HUMAN OCCUPATION ACROSS THE LIFESPAN,2,pushed,950,2026-08-31T00:09:01Z,2026-09-03T11:36:41Z,2026-09-03T11:37:11Z,Daytona State College project
OTH1114C,OCCUPATIONAL THERAPY SKILLS AND TECHNIQUES I,2,pushed,950,2026-08-31T00:09:01Z,2026-09-02T23:41:47Z,2026-09-02T23:42:02Z,Daytona State College project
OTH2261C,OCCUPATIONAL THERAPY SKILLS AND TECHNIQUES II,2,pushed,950,2026-08-31T00:09:01Z,2026-09-02T23:41:47Z,2026-09-02T23:42:02Z,Daytona State College project
OTH2520C,DEVELOPMENTAL ISSUES AND LAB,2,pushed,950,2026-08-31T00:09:01Z,2026-09-02T23:41:47Z,2026-09-02T23:42:02Z,Daytona State College project
PGY1101,PHOTOGRAPHY I,2,pushed,950,2026-08-31T00:09:01Z,2026-09-02T23:41:47Z,2026-09-02T23:42:02Z,Daytona State College project
PGY1201C,MEDIA LIGHTING TECHNIQUES,2,pushed,950,2026-08-31T00:09:01Z,2026-09-03T09:53:59Z,2026-09-03T09:54:12Z,Daytona State College project
PGY1802C,DIGITAL PHOTOGRAPHY,2,pushed,950,2026-08-31T00:09:01Z,2026-09-03T00:00:15Z,2026-09-03T00:00:33Z,Daytona State College project
PGY2270,FIELD SURVEY OF PROFESSIONAL PHOTOGRAPHY,2,pushed,950,2026-08-31T00:09:01Z,2026-09-02T23:41:47Z,2026-09-02T23:42:02Z,Daytona State College project
PGY2650,EDITORIAL PHOTOGRAPHY,2,pushed,950,2026-08-31T00:09:01Z,2026-09-02T23:41:47Z,2026-09-02T23:42:02Z,Daytona State College project
PGY2806C,ADVANCED DIGITAL PHOTOGRAPHY,2,pushed,950,2026-08-31T00:09:01Z,2026-09-03T00:00:15Z,2026-09-03T00:00:33Z,Daytona State College project
PHT1006C,ROLE OF PTA WITH LAB,2,pushed,950,2026-08-31T00:09:01Z,2026-09-04T00:14:39Z,2026-09-04T00:14:53Z,"Daytona State College project - PHT prefix completion blocked here (batch 92): not found in Seminole State, Polk State, Gulf Coast State, or NWFSC/Santa Fe catalogs (NWFSC 403, Santa Fe empty). 2 institutions per inventory; holder not yet identified. Do not infer credits from the PHT C-form family - PHT2221C is 3 cr while PHT1128C/PHT2220C are 4 cr."
PHT1251L,PATIENT CARE SKILLS LAB,2,pushed,950,2026-08-31T00:09:01Z,2026-09-02T23:41:47Z,2026-09-02T23:42:03Z,Daytona State College project
PHT2140,REHABILITATION PROCEDURES,2,pushed,950,2026-08-31T00:09:01Z,2026-09-03T00:00:15Z,2026-09-03T00:00:34Z,Daytona State College project
PHT2140L,REHABILITATION SKILLS FOR PTA,2,pushed,950,2026-08-31T00:09:01Z,2026-09-03T00:00:15Z,2026-09-03T00:00:34Z,Daytona State College project
PHT2221C,THERAPEUTIC EXERCISE II,2,pushed,950,2026-08-31T00:09:01Z,2026-09-03T03:30:45Z,2026-09-03T03:30:58Z,Daytona State College project
PHT2804,PTA CLINICAL PRACTICUM I,2,pushed,950,2026-08-31T00:09:01Z,2026-09-03T00:00:15Z,2026-09-03T00:00:34Z,Daytona State College project
PLA2872,ARTIFICIAL INTELLIGENCE AND THE LAW,2,pushed,950,2026-08-31T00:09:01Z,2026-09-03T00:00:15Z,2026-09-03T00:00:34Z,Daytona State College project
PMT0077C,ADVANCED WELDER 1A,2,pushed,950,2026-08-31T00:09:01Z,2026-09-03T00:00:15Z,2026-09-03T00:00:34Z,Daytona State College project
PMT0078C,ADVANCED WELDER 1B,2,pushed,950,2026-08-31T00:09:01Z,2026-09-03T00:00:15Z,2026-09-03T00:00:34Z,Daytona State College project
PMT0109C,INTRODUCTION TO WELDING II,2,pushed,950,2026-08-31T00:09:01Z,2026-09-03T12:31:44Z,2026-09-03T12:31:59Z,Daytona State College project
PMT0202C,FUNDAMENTALS OF MANUAL MACHINING,2,pushed,950,2026-08-31T00:09:01Z,2026-09-03T12:31:44Z,2026-09-03T12:31:59Z,Daytona State College project
PSB2442,THE PSYCHOLOGY OF ADDICTION,2,pushed,950,2026-08-31T00:09:01Z,2026-09-03T20:29:16Z,2026-09-03T20:29:37Z,Daytona State College project
RET4354,ADVANCED PHARMACOLOGY,2,pushed,950,2026-08-31T00:09:01Z,2026-09-03T18:06:17Z,2026-09-03T18:06:29Z,Daytona State College project
RTE3116,ADVANCED PATIENT CARE,2,pushed,950,2026-08-31T00:09:01Z,2026-09-03T18:06:17Z,2026-09-03T18:06:29Z,Daytona State College project
RTE3213,RADIOLOGY INFORMATION SYSTEMS,2,pushed,950,2026-08-31T00:09:01Z,2026-09-03T18:06:17Z,2026-09-03T18:06:29Z,Daytona State College project
RTE4574,ADVANCED IMAGING MODALITIES,2,pushed,950,2026-08-31T00:09:01Z,2026-09-03T18:06:17Z,2026-09-03T18:06:29Z,Daytona State College project
RTV1520C,VIDEO FIELD PRODUCTION,2,pushed,950,2026-08-31T00:09:01Z,2026-09-03T07:03:52Z,2026-09-03T07:04:07Z,Daytona State College project
SCE3832,SCIENCE CONCEPTS IN THE ELEMENTARY CLASSROOM,2,pushed,950,2026-08-31T00:09:01Z,2026-09-04T01:05:14Z,2026-09-04T01:05:28Z,Daytona State College project
SLS2301,CAREER PLANNING,2,pushed,950,2026-08-31T00:09:01Z,2026-09-03T18:20:12Z,2026-09-03T18:20:23Z,Daytona State College project
SLS3355L,ORIENTATION TO EDUCATION PROGRAMS LAB,2,pushed,950,2026-08-31T00:09:01Z,2026-09-03T18:20:12Z,2026-09-03T18:20:23Z,Daytona State College project
SON1210,INTRODUCTION TO SONOGRAPHIC PHYSICS & INSTRU.,2,pushed,950,2026-08-31T00:09:01Z,2026-09-04T00:14:39Z,2026-09-04T00:14:53Z,Daytona State College project
STA4024,STATISTICS II,2,pushed,950,2026-08-31T00:09:01Z,2026-09-03T20:29:16Z,2026-09-03T20:29:38Z,Daytona State College project
STS0003,SURGICAL TECHNOLOGY I,2,pushed,950,2026-08-31T00:09:01Z,2026-09-03T09:28:09Z,2026-09-03T09:28:23Z,Daytona State College project
TAX3011,TAXATION OF BUSINESS ORGANIZATIONS,2,pushed,950,2026-08-31T00:09:01Z,2026-09-04T01:05:14Z,2026-09-04T01:05:28Z,Daytona State College project
TPP1200C,HEALTHCARE THEATER,2,pushed,950,2026-08-31T00:09:01Z,2026-09-03T18:34:48Z,2026-09-03T18:35:00Z,Daytona State College project
TPP2118,ACTING 3,2,pushed,950,2026-08-31T00:09:01Z,2026-09-03T18:34:48Z,2026-09-03T18:35:00Z,Daytona State College project
CAI4805C,ARTIFICIAL INTELLIGENCE FOR DATA,2,skipped,950,2026-08-31T00:09:01Z,,,"skipped 2026-09-03 per Ron: no Daytona State catalog coverage, so no Tier-0 source. Deferred rather than abandoned - candidate for the request-driven queue once the Request Curriculum Guide feature is live, or for a later institution's build. PRIOR NOTE: Daytona State College project"
CAP2804,ADVANCED SIMULATION SYSTEMS,2,skipped,950,2026-08-31T00:09:01Z,,,"skipped 2026-09-03 per Ron: no Daytona State catalog coverage, so no Tier-0 source. Deferred rather than abandoned - candidate for the request-driven queue once the Request Curriculum Guide feature is live, or for a later institution's build. PRIOR NOTE: Daytona State College project"
CET3383C,SOFTWARE ENGINEERING,2,skipped,950,2026-08-31T00:09:01Z,,,"skipped 2026-09-03 per Ron: no Daytona State catalog coverage, so no Tier-0 source. Deferred rather than abandoned - candidate for the request-driven queue once the Request Curriculum Guide feature is live, or for a later institution's build. PRIOR NOTE: Daytona State College project - CET prefix completion blocked here (batch 98): not present in the Daytona State catalog index, so no Tier-0 source. 2 institutions per inventory; holder not yet identified. Do not price off the CET family without confirming the holder - CET 4-credit C forms split between 75 and 90 hours."
CGS1002,COMPUTER CONCEPTS,2,skipped,950,2026-08-31T00:09:01Z,,,"skipped 2026-09-03 per Ron: no Daytona State catalog coverage, so no Tier-0 source. Deferred rather than abandoned - candidate for the request-driven queue once the Request Curriculum Guide feature is live, or for a later institution's build. PRIOR NOTE: Daytona State College project"
CTS2300C,CLIENT OPERATING SYSTEM,2,skipped,950,2026-08-31T00:09:01Z,,,"skipped 2026-09-03 per Ron: no Daytona State catalog coverage, so no Tier-0 source. Deferred rather than abandoned - candidate for the request-driven queue once the Request Curriculum Guide feature is live, or for a later institution's build. PRIOR NOTE: Daytona State College project"
CTS2311,LINUX SECURITY,2,skipped,950,2026-08-31T00:09:01Z,,,"skipped 2026-09-03 per Ron: no Daytona State catalog coverage, so no Tier-0 source. Deferred rather than abandoned - candidate for the request-driven queue once the Request Curriculum Guide feature is live, or for a later institution's build. PRIOR NOTE: Daytona State College project"
CTS2402C,VISUAL BASIC PROGRAMMING,2,skipped,950,2026-08-31T00:09:01Z,,,"skipped 2026-09-03 per Ron: no Daytona State catalog coverage, so no Tier-0 source. Deferred rather than abandoned - candidate for the request-driven queue once the Request Curriculum Guide feature is live, or for a later institution's build. PRIOR NOTE: Daytona State College project"
DAA2505,JAZZ DANCE II,2,skipped,950,2026-08-31T00:09:01Z,,,"skipped 2026-09-03 per Ron: no Daytona State catalog coverage, so no Tier-0 source. Deferred rather than abandoned - candidate for the request-driven queue once the Request Curriculum Guide feature is live, or for a later institution's build. PRIOR NOTE: Daytona State College project"
DSC4201,FOUNDATIONS OF EMERGENCY MANAGEMENT,2,skipped,950,2026-08-31T00:09:01Z,,,"skipped 2026-09-03 per Ron: no Daytona State catalog coverage, so no Tier-0 source. Deferred rather than abandoned - candidate for the request-driven queue once the Request Curriculum Guide feature is live, or for a later institution's build. PRIOR NOTE: Daytona State College project"
DSC4216,ALL HAZARDS EMERGENCY PLANNING,2,skipped,950,2026-08-31T00:09:01Z,,,"skipped 2026-09-03 per Ron: no Daytona State catalog coverage, so no Tier-0 source. Deferred rather than abandoned - candidate for the request-driven queue once the Request Curriculum Guide feature is live, or for a later institution's build. PRIOR NOTE: Daytona State College project"
EEX3240,ACADEMICS FOR EXCEPTIONAL STUDENTS,2,skipped,950,2026-08-31T00:09:01Z,,,"skipped 2026-09-03 per Ron: no Daytona State catalog coverage, so no Tier-0 source. Deferred rather than abandoned - candidate for the request-driven queue once the Request Curriculum Guide feature is live, or for a later institution's build. PRIOR NOTE: Daytona State College project"
HUS1424,COUNSELING CHEMICALLY DEPENDENT PERSON,2,skipped,950,2026-08-31T00:09:01Z,,,"skipped 2026-09-03 per Ron: no Daytona State catalog coverage, so no Tier-0 source. Deferred rather than abandoned - candidate for the request-driven queue once the Request Curriculum Guide feature is live, or for a later institution's build. PRIOR NOTE: Daytona State College project"
HUS1850C,HUMAN SERVICES EXTERNSHIP I,2,skipped,950,2026-08-31T00:09:01Z,,,"skipped 2026-09-03 per Ron: no Daytona State catalog coverage, so no Tier-0 source. Deferred rather than abandoned - candidate for the request-driven queue once the Request Curriculum Guide feature is live, or for a later institution's build. PRIOR NOTE: Daytona State College project"
HUS2111,INTRODUCTION TO CRISIS INTERVENTION,2,skipped,950,2026-08-31T00:09:01Z,,,"skipped 2026-09-03 per Ron: no Daytona State catalog coverage, so no Tier-0 source. Deferred rather than abandoned - candidate for the request-driven queue once the Request Curriculum Guide feature is live, or for a later institution's build. PRIOR NOTE: Daytona State College project"
HUS2308,PSYCHOTHERAPY-THEORY AND PRACTICE,2,skipped,950,2026-08-31T00:09:01Z,,,"skipped 2026-09-03 per Ron: no Daytona State catalog coverage, so no Tier-0 source. Deferred rather than abandoned - candidate for the request-driven queue once the Request Curriculum Guide feature is live, or for a later institution's build. PRIOR NOTE: Daytona State College project"
HUS2851C,HUMAN SERVICES EXTERNSHIP II,2,skipped,950,2026-08-31T00:09:01Z,,,"skipped 2026-09-03 per Ron: no Daytona State catalog coverage, so no Tier-0 source. Deferred rather than abandoned - candidate for the request-driven queue once the Request Curriculum Guide feature is live, or for a later institution's build. PRIOR NOTE: Daytona State College project"
MGF2107,APPLICATIONS OF MATHEMATICS,2,skipped,950,2026-08-31T00:09:01Z,,,"skipped 2026-09-03 per Ron: no Daytona State catalog coverage, so no Tier-0 source. Deferred rather than abandoned - candidate for the request-driven queue once the Request Curriculum Guide feature is live, or for a later institution's build. PRIOR NOTE: Daytona State College project"
MNA0084,CUSTOMER SERVICE REPRESENTATIVE,2,skipped,950,2026-08-31T00:09:01Z,,,"skipped 2026-09-03 per Ron: no Daytona State catalog coverage, so no Tier-0 source. Deferred rather than abandoned - candidate for the request-driven queue once the Request Curriculum Guide feature is live, or for a later institution's build. PRIOR NOTE: Daytona State College project"
PHY1023,SURVEY OF GENERAL PHYSICS,2,skipped,950,2026-08-31T00:09:01Z,,,"skipped 2026-09-03 per Ron: no Daytona State catalog coverage, so no Tier-0 source. Deferred rather than abandoned - candidate for the request-driven queue once the Request Curriculum Guide feature is live, or for a later institution's build. PRIOR NOTE: Daytona State College project"
PMT0211C,PRECISION MACHINING I,2,skipped,950,2026-08-31T00:09:01Z,,,"skipped 2026-09-03 per Ron: no Daytona State catalog coverage, so no Tier-0 source. Deferred rather than abandoned - candidate for the request-driven queue once the Request Curriculum Guide feature is live, or for a later institution's build. PRIOR NOTE: Daytona State College project - PMT prefix completion blocked here (batch 100): not present in the Daytona State catalog index, so no Tier-0 source. 2 institutions per inventory; holder not identified. Gulf Coast carries PMT but only PMT2250C/2254C (batch 93 screen)."
PRN0001C,BASIC NURSING,2,skipped,950,2026-08-31T00:09:01Z,,,"skipped 2026-09-03 per Ron: no Daytona State catalog coverage, so no Tier-0 source. Deferred rather than abandoned - candidate for the request-driven queue once the Request Curriculum Guide feature is live, or for a later institution's build. PRIOR NOTE: Daytona State College project"
RET1534,PULMONARY REHABILITATION,2,skipped,950,2026-08-31T00:09:01Z,,,"skipped 2026-09-03 per Ron: no Daytona State catalog coverage, so no Tier-0 source. Deferred rather than abandoned - candidate for the request-driven queue once the Request Curriculum Guide feature is live, or for a later institution's build. PRIOR NOTE: Daytona State College project"
SLS2304,CAREER EXPLORATION,2,skipped,950,2026-08-31T00:09:01Z,,,"skipped 2026-09-03 per Ron: no Daytona State catalog coverage, so no Tier-0 source. Deferred rather than abandoned - candidate for the request-driven queue once the Request Curriculum Guide feature is live, or for a later institution's build. PRIOR NOTE: Daytona State College project"
MAC2311C,CALCULUS I,49,pushed,951,2026-05-03T12:47:43Z,2026-05-03T17:54:34Z,2026-05-03T14:28:36Z,Top priority - high-volume gen-ed
MAC2312C,CALCULUS II,49,pushed,951,2026-05-03T12:47:43Z,2026-05-03T17:54:34Z,2026-05-03T14:28:36Z,Top priority - high-volume gen-ed
PSY2012,GENERAL PSYCHOLOGY,49,pushed,951,2026-05-03T12:47:43Z,2026-05-03T17:54:34Z,2026-05-03T14:28:36Z,Top priority - high-volume gen-ed
BSC1005C,GENERAL BIOLOGY,46,pushed,954,2026-05-03T12:47:43Z,2026-05-03T18:44:56Z,2026-05-03T15:48:22Z,Top priority - high-volume gen-ed
MAP2302C,DIFFERENTIAL EQUATIONS,46,pushed,954,2026-05-04T00:33:01Z,2026-05-03T18:44:56Z,2026-05-04T00:33:29Z,(added by reconcile from orphan draft)
HCP0121C,Nurse Aide and Orderly (Articulated),45,pushed,955,2026-05-04T00:33:01Z,2026-05-03T18:44:56Z,2026-05-04T00:33:29Z,(added by reconcile from orphan draft)
MAC2313C,CALCULUS WITH ANALYTIC GEOMETRY III,45,pushed,955,2026-05-04T00:33:01Z,2026-05-03T18:44:56Z,2026-05-04T00:33:29Z,(added by reconcile from orphan draft)
ACG2071C,MANAGERIAL ACCOUNTING,44,pushed,956,2026-05-04T00:32:59Z,2026-05-03T19:53:34Z,2026-05-04T00:33:29Z,(added by reconcile from orphan draft)
AMH2010,UNITED STATES HISTORY TO 1877,44,pushed,956,2026-05-04T00:32:59Z,2026-05-03T19:53:34Z,2026-05-04T00:33:30Z,(added by reconcile from orphan draft)
AMH2020,UNITED STATES HISTORY SINCE 1877,44,pushed,956,2026-05-04T00:32:59Z,2026-05-03T19:53:34Z,2026-05-04T00:33:30Z,(added by reconcile from orphan draft)
MAC2233C,SURVEY OF CALCULUS,44,pushed,956,2026-05-03T16:00:32Z,2026-05-03T19:53:34Z,2026-05-03T16:00:53Z,
PHY2048C,GENERAL PHYSICS WITH CALCULUS I,44,pushed,956,2026-05-04T00:33:01Z,2026-05-03T18:44:56Z,2026-05-04T00:33:30Z,(added by reconcile from orphan draft)
CHM2210C,ORGANIC CHEMISTRY I,43,pushed,957,2026-05-04T00:32:59Z,2026-05-03T19:53:34Z,2026-05-04T00:33:30Z,(added by reconcile from orphan draft)
CHM2211C,ORGANIC CHEMISTRY II,43,pushed,957,2026-05-04T00:32:59Z,2026-05-04T04:30:40Z,2026-05-04T00:33:30Z,(added by reconcile from orphan draft)
GEB1011,INTRODUCTION TO BUSINESS,43,pushed,957,2026-05-04T00:33:01Z,2026-05-04T04:30:40Z,2026-05-04T00:33:30Z,(added by reconcile from orphan draft)
MAC1114C,TRIGONOMETRY,43,pushed,957,2026-05-04T00:33:01Z,2026-05-04T04:30:40Z,2026-05-04T00:33:31Z,(added by reconcile from orphan draft)
PHY2049C,GENERAL PHYSICS WITH CALCULUS II,43,pushed,957,2026-05-04T00:33:01Z,2026-05-04T04:30:40Z,2026-05-04T00:33:31Z,(added by reconcile from orphan draft)
AER0110C,Engine Repair Technician,42,pushed,958,2026-05-04T00:32:59Z,2026-05-04T04:30:40Z,2026-05-04T00:33:31Z,(added by reconcile from orphan draft)
AER0172C,Automotive Heating and Air Conditioning Technician,42,pushed,958,2026-05-04T00:51:59Z,2026-05-04T04:51:44Z,2026-05-04T01:02:30Z,(added by reconcile from orphan draft)
AER0257C,Automatic Transmission/Transaxle Technician,42,pushed,958,2026-05-04T00:51:59Z,2026-05-04T04:51:44Z,2026-05-04T01:02:30Z,(added by reconcile from orphan draft)
MAT1033C,INTERMEDIATE ALGEBRA,42,pushed,958,2026-05-04T00:52:00Z,2026-05-04T04:51:44Z,2026-05-04T01:02:30Z,(added by reconcile from orphan draft)
AER0014C,Automotive Services Assistor,41,pushed,959,2026-05-04T00:51:59Z,2026-05-04T04:51:44Z,2026-05-04T01:02:31Z,(added by reconcile from orphan draft)
AER0274C,Manual Drivetrain and Axle Technician,41,pushed,959,2026-05-04T00:51:59Z,2026-05-04T04:51:44Z,2026-05-04T01:02:31Z,(added by reconcile from orphan draft)
AER0360C,Automotive Electrical/Electronics System Technician,41,pushed,959,2026-05-04T01:12:42Z,2026-05-04T05:24:42Z,2026-05-04T01:25:22Z,Top priority - high-volume gen-ed/PSAV
AER0418C,Automotive Brake System Technician,41,pushed,959,2026-05-04T01:12:42Z,2026-05-04T05:24:42Z,2026-05-04T01:25:22Z,Top priority - high-volume gen-ed/PSAV
AER0453C,Automotive Suspension and Steering Technician,41,pushed,959,2026-05-04T01:12:42Z,2026-05-04T05:24:42Z,2026-05-04T01:25:22Z,Top priority - high-volume gen-ed/PSAV
AER0503C,Automotive Engine Performance Technician,41,pushed,959,2026-05-04T01:12:42Z,2026-05-04T05:24:42Z,2026-05-04T01:25:22Z,Top priority - high-volume gen-ed/PSAV
ACR0550C,Introduction to HVAC,1,pushed,960,2026-08-31T00:21:04Z,2026-09-03T12:08:55Z,2026-09-03T12:09:10Z,Daytona State College project - DSC-only
ACR0551C,Fundamentals of HVAC,1,pushed,960,2026-08-31T00:21:04Z,2026-09-03T12:08:55Z,2026-09-03T12:09:10Z,Daytona State College project - DSC-only
ACR0561C,Residential Air Conditioning II,1,pushed,960,2026-08-31T00:21:04Z,2026-09-03T12:08:55Z,2026-09-03T12:09:10Z,Daytona State College project - DSC-only
ACR0613C,Advanced Technology,1,pushed,960,2026-08-31T00:21:04Z,2026-09-03T12:08:55Z,2026-09-03T12:09:10Z,Daytona State College project - DSC-only
ACR0744C,Commercial Refrigeration I,1,pushed,960,2026-08-31T00:21:04Z,2026-09-03T12:08:55Z,2026-09-03T12:09:11Z,Daytona State College project - DSC-only
ACR0746C,Commercial Refrigeration II,1,pushed,960,2026-08-31T00:21:04Z,2026-09-03T12:08:55Z,2026-09-03T12:09:11Z,Daytona State College project - DSC-only
ACR0810C,Advanced Service Practice,1,pushed,960,2026-08-31T00:21:04Z,2026-09-03T12:08:55Z,2026-09-03T12:09:11Z,Daytona State College project - DSC-only
AFR4231,Preparation for Active Duty - AF401,1,pushed,960,2026-08-31T00:21:04Z,2026-09-04T01:05:14Z,2026-09-04T01:05:28Z,Daytona State College project - DSC-only
AFR4232,Preparation for Active Duty II (Professional Officer Course) - AF402,1,pushed,960,2026-08-31T00:21:04Z,2026-09-04T01:05:14Z,2026-09-04T01:05:28Z,Daytona State College project - DSC-only
AMH2057,The American Civil War,1,pushed,960,2026-08-31T00:21:04Z,2026-09-03T18:34:48Z,2026-09-03T18:35:01Z,Daytona State College project - DSC-only
AMH2058,World War II,1,pushed,960,2026-08-31T00:21:04Z,2026-09-03T18:34:48Z,2026-09-03T18:35:01Z,Daytona State College project - DSC-only
AMH2059,The Vietnam War,1,pushed,960,2026-08-31T00:21:04Z,2026-09-03T18:34:48Z,2026-09-03T18:35:01Z,Daytona State College project - DSC-only
APA1121,Office Accounting II,1,pushed,960,2026-08-31T00:21:04Z,2026-09-04T01:05:14Z,2026-09-04T01:05:29Z,Daytona State College project - DSC-only
APA1711,Computerized Spreadsheet,1,pushed,960,2026-08-31T00:21:04Z,2026-09-04T01:05:14Z,2026-09-04T01:05:29Z,Daytona State College project - DSC-only
ARR0121C,Introduction to Refinishing and Lab,1,pushed,960,2026-08-31T00:21:04Z,2026-09-03T01:25:37Z,2026-09-03T01:30:12Z,Daytona State College project - DSC-only
ARR0122C,Intermediate Refinishing and Lab,1,pushed,960,2026-08-31T00:21:04Z,2026-09-03T01:25:37Z,2026-09-03T01:30:12Z,Daytona State College project - DSC-only
ARR0123C,Advanced Refinishing and Lab,1,pushed,960,2026-08-31T00:21:04Z,2026-09-03T01:25:37Z,2026-09-03T01:30:12Z,Daytona State College project - DSC-only
ARR0241C,Introduction to Collision Repair and Lab,1,pushed,960,2026-08-31T00:21:04Z,2026-09-03T01:29:59Z,2026-09-03T01:30:12Z,Daytona State College project - DSC-only
ARR0242C,Intermediate Collision Repair and Lab,1,pushed,960,2026-08-31T00:21:04Z,2026-09-03T01:29:59Z,2026-09-03T01:30:12Z,Daytona State College project - DSC-only
ARR0243C,Advanced Collision Repair and Lab,1,pushed,960,2026-08-31T00:21:04Z,2026-09-03T01:29:59Z,2026-09-03T01:30:13Z,Daytona State College project - DSC-only
ARR0244C,Advanced Overview of Collision and Refinishing and Lab,1,pushed,960,2026-08-31T00:21:04Z,2026-09-03T01:29:59Z,2026-09-03T01:30:13Z,Daytona State College project - DSC-only
ARR0381C,Introduction to Unibody and Frame and Lab,1,pushed,960,2026-08-31T00:21:04Z,2026-09-03T01:25:37Z,2026-09-03T01:30:13Z,Daytona State College project - DSC-only
ARR0382C,Intermediate Unibody and Frame and Lab,1,pushed,960,2026-08-31T00:21:04Z,2026-09-03T01:29:59Z,2026-09-03T01:30:13Z,Daytona State College project - DSC-only
ART1331C,Drawing III and Lab,1,pushed,960,2026-08-31T00:21:04Z,2026-09-04T01:05:14Z,2026-09-04T01:05:29Z,Daytona State College project - DSC-only
BCA0330,Electrical Academy Union Apprentice I,1,pushed,960,2026-08-31T00:21:04Z,2026-09-03T12:41:26Z,2026-09-03T12:41:41Z,Daytona State College project - DSC-only
BCA0330L,Electrical Academy Union Apprentice I Lab-OJT,1,pushed,960,2026-08-31T00:21:04Z,2026-09-03T12:53:18Z,2026-09-03T12:53:35Z,Daytona State College project - DSC-only
BCA0331,Electrical Academy Union Apprentice 2,1,pushed,960,2026-08-31T00:21:04Z,2026-09-03T12:41:26Z,2026-09-03T12:41:41Z,Daytona State College project - DSC-only
BCA0331L,Electrical Academy Union Apprentice 2 Lab-OJT,1,pushed,960,2026-08-31T00:21:04Z,2026-09-03T12:53:18Z,2026-09-03T12:53:35Z,Daytona State College project - DSC-only
BCA0332,Electrical Academy Union Apprentice 2,1,pushed,960,2026-08-31T00:21:04Z,2026-09-03T12:41:26Z,2026-09-03T12:41:41Z,Daytona State College project - DSC-only
BCA0332L,Electrical Academy Union Apprentice 3 Lab-OJT,1,pushed,960,2026-08-31T00:21:04Z,2026-09-03T12:53:18Z,2026-09-03T12:53:35Z,Daytona State College project - DSC-only
BCA0333,Electrical Academy Union Apprentice 4,1,pushed,960,2026-08-31T00:21:04Z,2026-09-03T12:41:26Z,2026-09-03T12:41:42Z,Daytona State College project - DSC-only
BCA0333L,Electrical Academy Union Apprentice 4 Lab-OJT,1,pushed,960,2026-08-31T00:21:04Z,2026-09-03T12:53:18Z,2026-09-03T12:53:35Z,Daytona State College project - DSC-only
BCA0334,Electrical Academy Union Apprentice 5,1,pushed,960,2026-08-31T00:21:04Z,2026-09-03T12:41:26Z,2026-09-03T12:41:42Z,Daytona State College project - DSC-only
BCA0334L,Electrical Academy Union Apprentice 5 Lab-OJT,1,pushed,960,2026-08-31T00:21:04Z,2026-09-03T12:53:18Z,2026-09-03T12:53:35Z,Daytona State College project - DSC-only
BCA0335L,Electrical Academy Union Apprentice 6 Lab-OJT,1,pushed,960,2026-08-31T00:21:04Z,2026-09-03T12:53:18Z,2026-09-03T12:53:35Z,Daytona State College project - DSC-only
BCA0336,Electrical Academy Union Apprentice 7,1,pushed,960,2026-08-31T00:21:04Z,2026-09-03T12:41:26Z,2026-09-03T12:41:42Z,Daytona State College project - DSC-only
BCA0336L,Electrical Academy Union Apprentice 7 Lab-OJT,1,pushed,960,2026-08-31T00:21:04Z,2026-09-03T12:53:18Z,2026-09-03T12:53:36Z,Daytona State College project - DSC-only
BCA0337,Electrical Academy Union Apprentice 8,1,pushed,960,2026-08-31T00:21:04Z,2026-09-03T12:41:26Z,2026-09-03T12:41:42Z,Daytona State College project - DSC-only
BCA0337L,Electrical Academy Union Apprentice 8 Lab-OJT,1,pushed,960,2026-08-31T00:21:04Z,2026-09-03T12:53:18Z,2026-09-03T12:53:36Z,Daytona State College project - DSC-only
BCA0338,Electrical Academy Union Apprentice 9,1,pushed,960,2026-08-31T00:21:04Z,2026-09-03T12:41:26Z,2026-09-03T12:41:42Z,Daytona State College project - DSC-only
BCA0338L,Electrical Academy Union Apprentice 9 Lab-OJT,1,pushed,960,2026-08-31T00:21:04Z,2026-09-03T12:53:18Z,2026-09-03T12:53:36Z,Daytona State College project - DSC-only
BCA0339,Electrical Academy Union Apprentice 10,1,pushed,960,2026-08-31T00:21:04Z,2026-09-03T12:41:26Z,2026-09-03T12:41:43Z,Daytona State College project - DSC-only
BCA0339L,Electrical Academy Union Apprentice 10 Lab-OJT,1,pushed,960,2026-08-31T00:21:04Z,2026-09-03T12:53:18Z,2026-09-03T12:53:36Z,Daytona State College project - DSC-only
BCA0340,Electrical Apprentice 9 (Union),1,pushed,960,2026-08-31T00:21:04Z,2026-09-03T13:14:18Z,2026-09-03T13:14:28Z,Daytona State College project - DSC-only
BCA0340L,Electrical Apprentice 9 Lab-OJT (Non-Union),1,pushed,960,2026-08-31T00:21:04Z,2026-09-03T13:14:19Z,2026-09-03T13:14:28Z,Daytona State College project - DSC-only
BCA0341,Electrical Apprentice 10 (Non-Union),1,pushed,960,2026-08-31T00:21:04Z,2026-09-03T13:14:18Z,2026-09-03T13:14:28Z,Daytona State College project - DSC-only
BCA0341L,Electrical Apprentice 10 Lab-OJT (Non-Union),1,pushed,960,2026-08-31T00:21:04Z,2026-09-03T13:14:19Z,2026-09-03T13:14:28Z,Daytona State College project - DSC-only
BCA0342,Electrical Apprentice 11 (Non-Union),1,pushed,960,2026-08-31T00:21:04Z,2026-09-03T13:14:18Z,2026-09-03T13:14:28Z,Daytona State College project - DSC-only
BCA0342L,Electrical Apprentice 11 Lab-OJT (Non-Union),1,pushed,960,2026-08-31T00:21:04Z,2026-09-03T13:14:19Z,2026-09-03T13:14:28Z,Daytona State College project - DSC-only
BCA0343L,Electrical Apprentice 12 Lab-OJT (Non-Union),1,pushed,960,2026-08-31T00:21:04Z,2026-09-03T13:14:19Z,2026-09-03T13:14:29Z,Daytona State College project - DSC-only
BCA0350L,Electrical Apprentice I Lab-OJT (Non-Union),1,pushed,960,2026-08-31T00:21:04Z,2026-09-03T13:14:18Z,2026-09-03T13:14:29Z,Daytona State College project - DSC-only
BCA0351L,Electrical Apprentice 2 Lab-OJT (Non-Union),1,pushed,960,2026-08-31T00:21:04Z,2026-09-03T13:14:18Z,2026-09-03T13:14:29Z,Daytona State College project - DSC-only
BCA0352L,Electrical Apprentice 3 Lab-OJT (Non-Union),1,pushed,960,2026-08-31T00:21:04Z,2026-09-03T13:14:19Z,2026-09-03T13:14:29Z,Daytona State College project - DSC-only
BCA0353L,Electrical Apprentice 4 Lab-OJT (Non-Union),1,pushed,960,2026-08-31T00:21:04Z,2026-09-03T13:14:19Z,2026-09-03T13:14:29Z,Daytona State College project - DSC-only
BCA0354L,Electrical Apprentice 5 Lab-OJT (Non-Union),1,pushed,960,2026-08-31T00:21:04Z,2026-09-03T13:14:19Z,2026-09-03T13:14:29Z,Daytona State College project - DSC-only
BCA0355L,Electrical Apprentice 6 Lab-OJT (Non-Union),1,pushed,960,2026-08-31T00:21:04Z,2026-09-03T13:14:19Z,2026-09-03T13:14:29Z,Daytona State College project - DSC-only
BCA0356L,Electrical Apprentice 7 Lab-OJT (Non-Union),1,pushed,960,2026-08-31T00:21:04Z,2026-09-03T13:14:19Z,2026-09-03T13:14:30Z,Daytona State College project - DSC-only
BCA0357L,Electrical Apprentice 8 Lab-OJT (Non-Union),1,pushed,960,2026-08-31T00:21:04Z,2026-09-03T13:14:19Z,2026-09-03T13:14:30Z,Daytona State College project - DSC-only
BCA0390L,Electrical Academy Union Apprentice 11 Lab-OJT,1,pushed,960,2026-08-31T00:21:04Z,2026-09-03T12:53:18Z,2026-09-03T12:53:36Z,Daytona State College project - DSC-only
BCA0391L,Electrical Academy Union Apprentice 12 Lab-OJT,1,pushed,960,2026-08-31T00:21:04Z,2026-09-03T12:53:18Z,2026-09-03T12:53:36Z,Daytona State College project - DSC-only
BCA0431,Plumbing Apprentice 11,1,pushed,960,2026-08-31T00:21:04Z,2026-09-03T15:20:05Z,2026-09-03T15:20:30Z,Daytona State College project - DSC-only
BCA0431L,Plumbing Apprentice 11 Lab - OJT,1,pushed,960,2026-08-31T00:21:04Z,2026-09-03T15:20:05Z,2026-09-03T15:20:30Z,Daytona State College project - DSC-only
BCA0432,Plumbing Apprentice 12,1,pushed,960,2026-08-31T00:21:04Z,2026-09-03T15:20:05Z,2026-09-03T15:20:30Z,Daytona State College project - DSC-only
BCA0432L,Plumbing Apprentice 12 Lab - OJT,1,pushed,960,2026-08-31T00:21:04Z,2026-09-03T15:20:05Z,2026-09-03T15:20:30Z,Daytona State College project - DSC-only
BCA0433L,Plumbing Apprentice 13 Lab - OJT,1,pushed,960,2026-08-31T00:21:04Z,2026-09-03T15:20:05Z,2026-09-03T15:20:31Z,Daytona State College project - DSC-only
BCA0434,Plumbing Apprentice 14,1,pushed,960,2026-08-31T00:21:04Z,2026-09-03T15:20:05Z,2026-09-03T15:20:31Z,Daytona State College project - DSC-only
BCA0434L,Plumbing Apprentice 14 Lab - OJT,1,pushed,960,2026-08-31T00:21:04Z,2026-09-03T15:20:05Z,2026-09-03T15:20:31Z,Daytona State College project - DSC-only
BCA0435,Plumbing Apprentice 15,1,pushed,960,2026-08-31T00:21:04Z,2026-09-03T15:20:05Z,2026-09-03T15:20:31Z,Daytona State College project - DSC-only
BCA0435L,Plumbing Apprentice 15 Lab - OJT,1,pushed,960,2026-08-31T00:21:04Z,2026-09-03T15:20:05Z,2026-09-03T15:20:31Z,Daytona State College project - DSC-only
BCA0450L,Plumbing Apprentice 1 Lab - OJT,1,pushed,960,2026-08-31T00:21:04Z,2026-09-03T15:20:05Z,2026-09-03T15:20:31Z,Daytona State College project - DSC-only
BCA0451L,Plumbing Apprentice 2 Lab - OJT,1,pushed,960,2026-08-31T00:21:04Z,2026-09-03T15:20:05Z,2026-09-03T15:20:31Z,Daytona State College project - DSC-only
BCA0452L,Plumbing Apprentice 3 Lab - OJT,1,pushed,960,2026-08-31T00:21:04Z,2026-09-03T15:20:05Z,2026-09-03T15:20:32Z,Daytona State College project - DSC-only
BCA0453L,Plumbing Apprentice 4 Lab - OJT,1,pushed,960,2026-08-31T00:21:04Z,2026-09-03T15:20:05Z,2026-09-03T15:20:32Z,Daytona State College project - DSC-only
BCA0454L,Plumbing Apprentice 5 Lab - OJT,1,pushed,960,2026-08-31T00:21:04Z,2026-09-03T15:20:05Z,2026-09-03T15:20:32Z,Daytona State College project - DSC-only
BCA0455L,Plumbing Apprentice 6 Lab - OJT,1,pushed,960,2026-08-31T00:21:04Z,2026-09-03T15:20:05Z,2026-09-03T15:20:32Z,Daytona State College project - DSC-only
BCA0456L,Plumbing Apprentice 7 Lab - OJT,1,pushed,960,2026-08-31T00:21:04Z,2026-09-03T15:20:05Z,2026-09-03T15:20:32Z,Daytona State College project - DSC-only
BCA0457L,Plumbing Apprentice 8 Lab - OJT,1,pushed,960,2026-08-31T00:21:04Z,2026-09-03T15:20:05Z,2026-09-03T15:20:33Z,Daytona State College project - DSC-only
BCA0458,Plumbing Apprentice 9,1,pushed,960,2026-08-31T00:21:04Z,2026-09-03T15:20:05Z,2026-09-03T15:20:33Z,Daytona State College project - DSC-only
BCA0458L,Plumbing Apprentice 9 Lab - OJT,1,pushed,960,2026-08-31T00:21:04Z,2026-09-03T15:20:05Z,2026-09-03T15:20:33Z,Daytona State College project - DSC-only
BCA0459L,Plumbing Apprentice 10 Lab,1,pushed,960,2026-08-31T00:21:04Z,2026-09-03T15:20:05Z,2026-09-03T15:20:33Z,Daytona State College project - DSC-only
BCN1253C,Architectural Drawing II and Lab,1,pushed,960,2026-08-31T00:21:04Z,2026-09-04T01:05:14Z,2026-09-04T01:05:29Z,Daytona State College project - DSC-only
BCT1040,Blueprint Reading,1,pushed,960,2026-08-31T00:21:04Z,2026-09-04T01:05:14Z,2026-09-04T01:05:29Z,Daytona State College project - DSC-only
BCV0080L,Building Construction Assistant I Lab,1,pushed,960,2026-08-31T00:21:04Z,2026-09-03T18:20:12Z,2026-09-03T18:20:24Z,Daytona State College project - DSC-only
BCV0081L,Carpentry and Masonry Technician Lab,1,pushed,960,2026-08-31T00:21:04Z,2026-09-03T18:20:12Z,2026-09-03T18:20:24Z,Daytona State College project - DSC-only
BCV0082L,Electrical and Plumbing Technician Lab,1,pushed,960,2026-08-31T00:21:04Z,2026-09-03T18:20:12Z,2026-09-03T18:20:24Z,Daytona State College project - DSC-only
BCV0084L,Building Construction Assistant II Lab,1,pushed,960,2026-08-31T00:21:04Z,2026-09-03T18:20:12Z,2026-09-03T18:20:24Z,Daytona State College project - DSC-only
CAI2010,Introduction to AI and Machine Learning with Python Programming,1,pushed,960,2026-08-31T00:21:04Z,2026-09-03T19:18:48Z,2026-09-03T19:19:40Z,Daytona State College project - DSC-only
CEN4801,Systems Integration,1,pushed,960,2026-08-31T00:21:04Z,2026-09-03T19:18:48Z,2026-09-03T19:19:40Z,Daytona State College project - DSC-only
CET2850,Wireless and Mobile Security,1,pushed,960,2026-08-31T00:21:04Z,2026-09-03T11:52:49Z,2026-09-03T11:53:04Z,Daytona State College project - DSC-only
CET3116,Digital Technology,1,pushed,960,2026-08-31T00:21:04Z,2026-09-03T11:52:49Z,2026-09-03T11:53:05Z,Daytona State College project - DSC-only
CET3198,Digital Systems,1,pushed,960,2026-08-31T00:21:04Z,2026-09-03T11:52:49Z,2026-09-03T11:53:05Z,Daytona State College project - DSC-only
CET3198L,Digital Systems Lab,1,pushed,960,2026-08-31T00:21:04Z,2026-09-03T11:52:49Z,2026-09-03T11:53:05Z,Daytona State College project - DSC-only
CET4138C,Programmable Digital Devices and Lab,1,pushed,960,2026-08-31T00:21:04Z,2026-09-03T11:52:49Z,2026-09-03T11:53:05Z,Daytona State College project - DSC-only
CET4860,Introduction to Digital Forensics,1,pushed,960,2026-08-31T00:21:04Z,2026-09-03T11:52:49Z,2026-09-03T11:53:05Z,Daytona State College project - DSC-only
CET4861,Advanced Digital Forensics,1,pushed,960,2026-08-31T00:21:04Z,2026-09-03T11:52:49Z,2026-09-03T11:53:05Z,Daytona State College project - DSC-only
CET4862,Network Forensics and Incident Response,1,pushed,960,2026-08-31T00:21:04Z,2026-09-03T11:52:49Z,2026-09-03T11:53:06Z,Daytona State College project - DSC-only
CET4884,Security Methods and Practice,1,pushed,960,2026-08-31T00:21:04Z,2026-09-03T11:52:49Z,2026-09-03T11:53:06Z,Daytona State College project - DSC-only
CHD1820,Introduction to Early Childhood Education II,1,pushed,960,2026-08-31T00:21:04Z,2026-09-03T16:31:07Z,2026-09-03T16:31:18Z,Daytona State College project - DSC-only
CHD2333,Creative Activities for the Young Child,1,pushed,960,2026-08-31T00:21:04Z,2026-09-03T16:31:07Z,2026-09-03T16:31:18Z,Daytona State College project - DSC-only
CHD2335,Music and Motor Activities for the Young Child,1,pushed,960,2026-08-31T00:21:04Z,2026-09-03T16:31:07Z,2026-09-03T16:31:18Z,Daytona State College project - DSC-only
CHD2338,Math and Science for the Young Child,1,pushed,960,2026-08-31T00:21:04Z,2026-09-03T16:31:07Z,2026-09-03T16:31:18Z,Daytona State College project - DSC-only
CHD2440,Child Development Practicum,1,pushed,960,2026-08-31T00:21:04Z,2026-09-03T16:31:07Z,2026-09-03T16:31:19Z,Daytona State College project - DSC-only
CJD0259,Le Sem-Auto Pi,1,pushed,960,2026-08-31T00:21:04Z,2026-09-03T23:38:58Z,2026-09-03T23:39:25Z,Daytona State College project - DSC-only
CJT2100,Criminal Investigation,1,pushed,960,2026-08-31T00:21:04Z,2026-09-03T23:38:58Z,2026-09-03T23:39:25Z,Daytona State College project - DSC-only
COP2072,Reporting Services,1,pushed,960,2026-08-31T00:21:04Z,2026-09-03T19:18:48Z,2026-09-03T19:19:40Z,Daytona State College project - DSC-only
COP4708,Applied Database I,1,pushed,960,2026-08-31T00:21:04Z,2026-09-03T19:18:48Z,2026-09-03T19:19:40Z,Daytona State College project - DSC-only
COP4709,Applied Database II,1,pushed,960,2026-08-31T00:21:04Z,2026-09-03T19:18:48Z,2026-09-03T19:19:41Z,Daytona State College project - DSC-only
COS0013L,Barbering I Lab,1,pushed,960,2026-08-31T00:21:04Z,2026-09-03T16:31:07Z,2026-09-03T16:31:19Z,Daytona State College project - DSC-only
COS0512L,Barbering II Lab,1,pushed,960,2026-08-31T00:21:04Z,2026-09-03T16:31:07Z,2026-09-03T16:31:19Z,Daytona State College project - DSC-only
COS0561L,Barbering III Lab,1,pushed,960,2026-08-31T00:21:04Z,2026-09-03T16:31:07Z,2026-09-03T16:31:19Z,Daytona State College project - DSC-only
COS0562L,Barbering Lab Bridge: Shaves/Beards/Mustaches,1,pushed,960,2026-08-31T00:21:04Z,2026-09-03T16:31:07Z,2026-09-03T16:31:19Z,Daytona State College project - DSC-only
COS0571L,Barbering IV Lab,1,pushed,960,2026-08-31T00:21:04Z,2026-09-03T16:31:07Z,2026-09-03T16:31:20Z,Daytona State College project - DSC-only
COS0580L,Barbering Lab - Level V,1,pushed,960,2026-08-31T00:21:04Z,2026-09-03T16:31:07Z,2026-09-03T16:31:20Z,Daytona State College project - DSC-only
CSP0003L,Cosmetology Bridge Lab - Introduction to Cosmetology,1,pushed,960,2026-08-31T00:21:04Z,2026-09-04T00:14:39Z,2026-09-04T00:14:53Z,Daytona State College project - DSC-only
CTS2308,Installing and Configuring Windows Workstation OS,1,pushed,960,2026-08-31T00:21:04Z,2026-09-03T18:06:17Z,2026-09-03T18:06:29Z,Daytona State College project - DSC-only
CTS3348,Linux Administration,1,pushed,960,2026-08-31T00:21:04Z,2026-09-03T18:06:17Z,2026-09-03T18:06:29Z,Daytona State College project - DSC-only
DAA2640,Rehearsal & Performance (Dance Theatre),1,pushed,960,2026-08-31T00:21:04Z,2026-09-03T18:34:48Z,2026-09-03T18:35:01Z,Daytona State College project - DSC-only
DAN1100,Dance Appreciation,1,pushed,960,2026-08-31T00:21:04Z,2026-09-03T18:34:48Z,2026-09-03T18:35:01Z,Daytona State College project - DSC-only
DAN2740,Stretch and Conditioning,1,pushed,960,2026-08-31T00:21:04Z,2026-09-03T18:34:48Z,2026-09-03T18:35:01Z,Daytona State College project - DSC-only
DEA0000,Introduction to Dental Assisting,1,pushed,960,2026-08-31T00:21:04Z,2026-09-03T19:06:09Z,2026-09-03T19:06:26Z,Daytona State College project - DSC-only
DEA0851L,Externship II,1,pushed,960,2026-08-31T00:21:04Z,2026-09-03T19:06:09Z,2026-09-03T19:06:26Z,Daytona State College project - DSC-only
DEP2004,HUMAN GROWTH & DEVELOPMENT,40,pushed,960,2026-05-04T01:12:42Z,2026-05-04T05:24:42Z,2026-05-04T01:25:23Z,Top priority - high-volume gen-ed/PSAV
DES0002,Dental Anatomy and Physiology,1,pushed,960,2026-08-31T00:21:04Z,2026-09-04T00:14:39Z,2026-09-04T00:14:53Z,Daytona State College project - DSC-only
DES2600,Medical and Dental Emergencies,1,pushed,960,2026-08-31T00:21:04Z,2026-09-04T00:14:39Z,2026-09-04T00:14:53Z,Daytona State College project - DSC-only
DIG2441,Mobile Devices and Applications of Social Media,1,pushed,960,2026-08-31T00:21:04Z,2026-09-03T19:18:48Z,2026-09-03T19:19:41Z,Daytona State College project - DSC-only
EDE1042,FTCE Test Prep 1 General Knowledge Test of Skills (GKT),1,pushed,960,2026-08-31T00:21:04Z,2026-09-03T23:38:58Z,2026-09-03T23:39:25Z,Daytona State College project - DSC-only
EDE3043,FTCE Test Prep 2,1,pushed,960,2026-08-31T00:21:04Z,2026-09-03T23:38:58Z,2026-09-03T23:39:25Z,Daytona State College project - DSC-only
EDG2770,Exploring Global Education Issues in International Context,1,pushed,960,2026-08-31T00:21:04Z,2026-09-03T23:38:58Z,2026-09-03T23:39:25Z,Daytona State College project - DSC-only
EET1607C,Electronics Assembly and Cabling and Lab,1,pushed,960,2026-08-31T00:21:04Z,2026-09-03T16:46:25Z,2026-09-03T16:46:34Z,Daytona State College project - DSC-only
EET3085L,Electricity and Electronics Lab,1,pushed,960,2026-08-31T00:21:04Z,2026-09-03T16:46:25Z,2026-09-03T16:46:34Z,Daytona State College project - DSC-only
EET4158L,Linear Integrated Circuits Lab,1,pushed,960,2026-08-31T00:21:04Z,2026-09-03T16:46:25Z,2026-09-03T16:46:34Z,Daytona State College project - DSC-only
EET4329C,Communications Systems and Lab,1,pushed,960,2026-08-31T00:21:04Z,2026-09-03T16:46:25Z,2026-09-03T16:46:34Z,Daytona State College project - DSC-only
EET4732L,Feedback Control Systems Lab,1,pushed,960,2026-08-31T00:21:04Z,2026-09-03T16:46:25Z,2026-09-03T16:46:35Z,Daytona State College project - DSC-only
EEX2080,Teaching the Exceptional Learner,1,pushed,960,2026-08-31T00:21:04Z,2026-09-03T23:38:58Z,2026-09-03T23:39:26Z,Daytona State College project - DSC-only
EEX4034,Introduction to Exceptional Student Education for Inclusive Teachers,1,pushed,960,2026-08-31T00:21:04Z,2026-09-03T23:38:58Z,2026-09-03T23:39:26Z,Daytona State College project - DSC-only
EIN3314,Work Design and Measurement,1,pushed,960,2026-08-31T00:21:04Z,2026-09-03T18:51:55Z,2026-09-03T18:52:12Z,Daytona State College project - DSC-only
ETC2245,Construction Methods,1,pushed,960,2026-08-31T00:21:04Z,2026-09-03T16:46:25Z,2026-09-03T16:46:35Z,Daytona State College project - DSC-only
ETC4206,Construction Estimating,1,pushed,960,2026-08-31T00:21:04Z,2026-09-03T16:46:25Z,2026-09-03T16:46:35Z,Daytona State College project - DSC-only
ETC4241,Construction Materials and Methods,1,pushed,960,2026-08-31T00:21:04Z,2026-09-03T16:46:25Z,2026-09-03T16:46:35Z,Daytona State College project - DSC-only
ETC4241L,Construction Materials and Methods Lab,1,pushed,960,2026-08-31T00:21:04Z,2026-09-03T16:46:25Z,2026-09-03T16:46:35Z,Daytona State College project - DSC-only
ETC4415C,Structural Concrete Design and Lab,1,pushed,960,2026-08-31T00:21:04Z,2026-09-03T16:46:25Z,2026-09-03T16:46:36Z,Daytona State College project - DSC-only
ETD2465C,Tool Design and Lab,1,pushed,960,2026-08-31T00:21:04Z,2026-09-03T18:51:55Z,2026-09-03T18:52:12Z,Daytona State College project - DSC-only
ETG3533L,Engineering Strength of Materials Lab,1,pushed,960,2026-08-31T00:21:04Z,2026-09-03T18:51:55Z,2026-09-03T18:52:12Z,Daytona State College project - DSC-only
ETG3541,Applied Mechanics and Physics,1,pushed,960,2026-08-31T00:21:04Z,2026-09-03T18:51:55Z,2026-09-03T18:52:12Z,Daytona State College project - DSC-only
ETI1851C,Aerospace Mechanics and Mechanical Systems,1,pushed,960,2026-08-31T00:21:04Z,2026-09-03T16:01:04Z,2026-09-03T16:01:32Z,Daytona State College project - DSC-only
ETI2122,Product Testing and Quality Control,1,pushed,960,2026-08-31T00:21:04Z,2026-09-03T16:01:04Z,2026-09-03T16:01:32Z,Daytona State College project - DSC-only
ETI3421,Materials and Processes,1,pushed,960,2026-08-31T00:21:04Z,2026-09-03T16:01:04Z,2026-09-03T16:01:32Z,Daytona State College project - DSC-only
ETI3690,Technical Sales,1,pushed,960,2026-08-31T00:21:04Z,2026-09-03T16:01:04Z,2026-09-03T16:01:32Z,Daytona State College project - DSC-only
ETI4635,Technical Administration,1,pushed,960,2026-08-31T00:21:04Z,2026-09-03T16:01:04Z,2026-09-03T16:01:32Z,Daytona State College project - DSC-only
ETI4640,Operations Management,1,pushed,960,2026-08-31T00:21:04Z,2026-09-03T16:01:04Z,2026-09-03T16:01:32Z,Daytona State College project - DSC-only
ETI4704,Occupational Safety,1,pushed,960,2026-08-31T00:21:04Z,2026-09-03T16:01:04Z,2026-09-03T16:01:32Z,Daytona State College project - DSC-only
ETM4220,Energy Systems,1,pushed,960,2026-08-31T00:21:04Z,2026-09-03T18:51:55Z,2026-09-03T18:52:13Z,Daytona State College project - DSC-only
ETM4331,Applied Fluid Mechanics,1,pushed,960,2026-08-31T00:21:04Z,2026-09-03T18:51:56Z,2026-09-03T18:52:13Z,Daytona State College project - DSC-only
ETM4512,Design of Machine Elements,1,pushed,960,2026-08-31T00:21:04Z,2026-09-03T18:51:56Z,2026-09-03T18:52:13Z,Daytona State College project - DSC-only
ETP4240L,Power Systems Lab,1,pushed,960,2026-08-31T00:21:04Z,2026-09-03T18:51:56Z,2026-09-03T18:52:13Z,Daytona State College project - DSC-only
ETS2540C,Fundamentals of Robotics and Automation,1,pushed,960,2026-08-31T00:21:04Z,2026-09-03T18:51:56Z,2026-09-03T18:52:13Z,Daytona State College project - DSC-only
ETS4502C,Metrology and Instrumentation and Lab,1,pushed,960,2026-08-31T00:21:04Z,2026-09-03T18:51:56Z,2026-09-03T18:52:14Z,Daytona State College project - DSC-only
FOS1141,Introduction to Cakes,1,pushed,960,2026-08-31T00:21:04Z,2026-09-03T17:50:15Z,2026-09-03T17:50:30Z,Daytona State College project - DSC-only
FOS1151,Nutritional Baking,1,pushed,960,2026-08-31T00:21:04Z,2026-09-03T17:50:15Z,2026-09-03T17:50:31Z,Daytona State College project - DSC-only
FOS2140,Chocolate and Confections,1,pushed,960,2026-08-31T00:21:04Z,2026-09-03T17:50:15Z,2026-09-03T17:50:31Z,Daytona State College project - DSC-only
FOS2145,Dessert Production and Presentation,1,pushed,960,2026-08-31T00:21:04Z,2026-09-03T17:50:15Z,2026-09-03T17:50:31Z,Daytona State College project - DSC-only
FOS2146,Advanced Cakes,1,pushed,960,2026-08-31T00:21:04Z,2026-09-03T17:50:15Z,2026-09-03T17:50:31Z,Daytona State College project - DSC-only
FSS2210C,Food Production III and lab,1,pushed,960,2026-08-31T00:21:04Z,2026-09-04T01:05:14Z,2026-09-04T01:05:29Z,Daytona State College project - DSC-only
GRA1543,Graphic Design Studio,1,pushed,960,2026-08-31T00:21:04Z,2026-09-04T01:05:14Z,2026-09-04T01:05:29Z,Daytona State College project - DSC-only
HFT1021,"Beer, Wine and Beverage Service",1,pushed,960,2026-08-31T00:21:04Z,2026-09-03T09:42:19Z,2026-09-03T09:42:35Z,Daytona State College project - DSC-only
HFT1213,Beverage Sanitation and Safety,1,pushed,960,2026-08-31T00:21:04Z,2026-09-03T09:42:19Z,2026-09-03T09:42:35Z,Daytona State College project - DSC-only
HFT1287,Introduction to Craft Beer Production,1,pushed,960,2026-08-31T00:21:04Z,2026-09-03T09:42:19Z,2026-09-03T09:42:35Z,Daytona State College project - DSC-only
HFT2009,Hospitality Professionalism,1,pushed,960,2026-08-31T00:21:04Z,2026-09-03T09:42:19Z,2026-09-03T09:42:35Z,Daytona State College project - DSC-only
HFT2282,Hospitality Supervision,1,pushed,960,2026-08-31T00:21:04Z,2026-09-03T09:42:19Z,2026-09-03T09:42:35Z,Daytona State College project - DSC-only
HFT2671,Event Risk Management,1,pushed,960,2026-08-31T00:21:04Z,2026-09-03T09:42:19Z,2026-09-03T09:42:35Z,Daytona State College project - DSC-only
HFT2780,Introduction to Gaming Operations,1,pushed,960,2026-08-31T00:21:04Z,2026-09-03T09:42:19Z,2026-09-03T09:42:35Z,Daytona State College project - DSC-only
HFT2804,Introduction to Beverage Science,1,pushed,960,2026-08-31T00:21:04Z,2026-09-03T09:42:19Z,2026-09-03T09:42:36Z,Daytona State College project - DSC-only
HFT2822,Brewery Operations,1,pushed,960,2026-08-31T00:21:04Z,2026-09-03T09:42:19Z,2026-09-03T09:42:36Z,Daytona State College project - DSC-only
HFT2860,Beverage Service Mgmt.,1,pushed,960,2026-08-31T00:21:04Z,2026-09-03T09:42:19Z,2026-09-03T09:42:36Z,Daytona State College project - DSC-only
HHD1361,Practical Interior Applications,1,pushed,960,2026-08-31T00:21:04Z,2026-09-04T01:05:14Z,2026-09-04T01:05:30Z,Daytona State College project - DSC-only
HIM1273L,Billing and Reimbursement Methods Lab,1,pushed,960,2026-08-31T00:21:04Z,2026-09-03T19:06:09Z,2026-09-03T19:06:27Z,Daytona State College project - DSC-only
HSA4107,Health Services Administration,1,pushed,960,2026-08-31T00:21:04Z,2026-09-03T19:06:09Z,2026-09-03T19:06:27Z,Daytona State College project - DSC-only
HSA4353,Organizational Behavior,1,pushed,960,2026-08-31T00:21:04Z,2026-09-03T19:06:09Z,2026-09-03T19:06:27Z,Daytona State College project - DSC-only
HSC3730,Research Methods for Health Professions,1,pushed,960,2026-08-31T00:21:04Z,2026-09-03T19:06:09Z,2026-09-03T19:06:27Z,Daytona State College project - DSC-only
HSC4550,Pathophysiology for Health Care,1,pushed,960,2026-08-31T00:21:04Z,2026-09-03T19:06:09Z,2026-09-03T19:06:27Z,Daytona State College project - DSC-only
HSC4645,Legal and Ethical Aspects of Health Care,1,pushed,960,2026-08-31T00:21:04Z,2026-09-03T19:06:09Z,2026-09-03T19:06:27Z,Daytona State College project - DSC-only
IND1211,History of Architecture & Interiors,1,pushed,960,2026-08-31T00:21:04Z,2026-09-03T17:50:15Z,2026-09-03T17:50:31Z,Daytona State College project - DSC-only
IND1432,Lighting for Interior Design,1,pushed,960,2026-08-31T00:21:04Z,2026-09-03T17:50:15Z,2026-09-03T17:50:31Z,Daytona State College project - DSC-only
IND2408,Specialized Software for Interior Design,1,pushed,960,2026-08-31T00:21:04Z,2026-09-03T17:50:15Z,2026-09-03T17:50:31Z,Daytona State College project - DSC-only
IND2411,Materials and Estimating for Kitchen and Bath,1,pushed,960,2026-08-31T00:21:04Z,2026-09-03T17:50:15Z,2026-09-03T17:50:32Z,Daytona State College project - DSC-only
IND2414,Kitchen and Bath Design II,1,pushed,960,2026-08-31T00:21:04Z,2026-09-03T17:50:15Z,2026-09-03T17:50:32Z,Daytona State College project - DSC-only
MAR2011,Principles of Global Marketing,1,pushed,960,2026-08-31T00:21:04Z,2026-09-03T18:20:12Z,2026-09-03T18:20:24Z,Daytona State College project - DSC-only
MAR2101,Social Media Marketing,1,pushed,960,2026-08-31T00:21:04Z,2026-09-03T18:20:12Z,2026-09-03T18:20:24Z,Daytona State College project - DSC-only
MAR2321,Advertising,1,pushed,960,2026-08-31T00:21:04Z,2026-09-03T18:20:12Z,2026-09-03T18:20:25Z,Daytona State College project - DSC-only
MAR2720,Digital Marketing,1,pushed,960,2026-08-31T00:21:04Z,2026-09-03T18:20:12Z,2026-09-03T18:20:25Z,Daytona State College project - DSC-only
MAT0056L,Developmental Mathematics II Lab,1,pushed,960,2026-08-31T00:21:04Z,2026-09-03T20:29:16Z,2026-09-03T20:29:38Z,Daytona State College project - DSC-only
MCB1010C,Microbiology and Lab,1,pushed,960,2026-08-31T00:21:04Z,2026-09-03T20:29:16Z,2026-09-03T20:29:38Z,Daytona State College project - DSC-only
MEA0005,Introduction to Medical Assisting,1,pushed,960,2026-08-31T00:21:04Z,2026-09-04T00:14:39Z,2026-09-04T00:14:54Z,Daytona State College project - DSC-only
MGF2131,Mathematics in Context,1,pushed,960,2026-08-31T00:21:04Z,2026-09-03T20:29:16Z,2026-09-03T20:29:38Z,Daytona State College project - DSC-only
MNA2161,Customer Service Management,1,pushed,960,2026-08-31T00:21:04Z,2026-09-04T01:05:14Z,2026-09-04T01:05:30Z,Daytona State College project - DSC-only
MSL3203,The Joint Environment - Army ROTC - MSL 399,1,pushed,960,2026-08-31T00:21:04Z,2026-09-03T16:01:04Z,2026-09-03T16:01:33Z,Daytona State College project - DSC-only
MSS0283,Allied Modalities I,1,pushed,960,2026-08-31T00:21:04Z,2026-09-04T00:14:39Z,2026-09-04T00:14:54Z,Daytona State College project - DSC-only
MSS0284,Allied Modalities II,1,pushed,960,2026-08-31T00:21:04Z,2026-09-04T00:14:39Z,2026-09-04T00:14:54Z,Daytona State College project - DSC-only
MSS0315,Theory and Practice of Hydrotherapy,1,pushed,960,2026-08-31T00:21:04Z,2026-09-04T00:14:39Z,2026-09-04T00:14:54Z,Daytona State College project - DSC-only
MUM1610,Survey of Recording Technology,1,pushed,960,2026-08-31T00:21:04Z,2026-09-03T18:34:48Z,2026-09-03T18:35:01Z,Daytona State College project - DSC-only
MUM1634,The Digital Audio Workstation,1,pushed,960,2026-08-31T00:21:04Z,2026-09-03T18:34:48Z,2026-09-03T18:35:02Z,Daytona State College project - DSC-only
MUM2716,Automated Show Control,1,pushed,960,2026-08-31T00:21:04Z,2026-09-03T18:34:48Z,2026-09-03T18:35:02Z,Daytona State College project - DSC-only
NUR1230C,Nursing Process III and Lab,1,pushed,960,2026-08-31T00:21:04Z,2026-09-03T19:06:09Z,2026-09-03T19:06:28Z,Daytona State College project - DSC-only
NUR1322,Maternal Child Nursing for Transition into Professional Nursing Student,1,pushed,960,2026-08-31T00:21:04Z,2026-09-03T19:06:09Z,2026-09-03T19:06:28Z,Daytona State College project - DSC-only
NUR1423C,Nursing Process II and Lab,1,pushed,960,2026-08-31T00:21:04Z,2026-09-03T19:06:09Z,2026-09-03T19:06:28Z,Daytona State College project - DSC-only
OST2336,Business Communications,1,pushed,960,2026-08-31T00:21:04Z,2026-09-03T19:18:48Z,2026-09-03T19:19:42Z,Daytona State College project - DSC-only
OST2828,Business Presentation Software,1,pushed,960,2026-08-31T00:21:04Z,2026-09-03T19:18:48Z,2026-09-03T19:19:42Z,Daytona State College project - DSC-only
OTH1006,Documentation Through the Occupational Therapy Process,1,pushed,960,2026-08-31T00:21:04Z,2026-09-03T11:36:41Z,2026-09-03T11:37:11Z,Daytona State College project - DSC-only
OTH1802,Occupational Therapy Practicum II,1,pushed,960,2026-08-31T00:21:04Z,2026-09-03T11:36:41Z,2026-09-03T11:37:12Z,Daytona State College project - DSC-only
OTH2264C,Occupational Therapy Skills and Techniques III and Lab,1,pushed,960,2026-08-31T00:21:04Z,2026-09-03T11:36:41Z,2026-09-03T11:37:12Z,Daytona State College project - DSC-only
OTH2410,Conditions in Occupational Therapy,1,pushed,960,2026-08-31T00:21:04Z,2026-09-03T11:36:41Z,2026-09-03T11:37:12Z,Daytona State College project - DSC-only
OTH2704C,Advanced Practice and Professionalism for OTA,1,pushed,960,2026-08-31T00:21:04Z,2026-09-03T11:36:41Z,2026-09-03T11:37:12Z,Daytona State College project - DSC-only
PCB3034C,General Ecology and Lab,1,pushed,960,2026-08-31T00:21:04Z,2026-09-03T20:29:16Z,2026-09-03T20:29:38Z,Daytona State College project - DSC-only
PCB3203,Cell Physiology,1,pushed,960,2026-08-31T00:21:04Z,2026-09-03T20:29:16Z,2026-09-03T20:29:38Z,Daytona State College project - DSC-only
PET2621,Principles of Athletic Training,1,pushed,960,2026-08-31T00:21:04Z,2026-09-03T20:29:16Z,2026-09-03T20:29:39Z,Daytona State College project - DSC-only
PGY1209,Intermediate Studio and Location Lighting,1,pushed,960,2026-08-31T00:21:04Z,2026-09-03T09:53:59Z,2026-09-03T09:54:13Z,Daytona State College project - DSC-only
PGY1850,Multimedia Production,1,pushed,960,2026-08-31T00:21:04Z,2026-09-03T09:53:59Z,2026-09-03T09:54:13Z,Daytona State College project - DSC-only
PGY2107,Commercial/Illustration Photography,1,pushed,960,2026-08-31T00:21:04Z,2026-09-03T09:53:59Z,2026-09-03T09:54:13Z,Daytona State College project - DSC-only
PGY2116,Color and Design,1,pushed,960,2026-08-31T00:21:04Z,2026-09-03T09:53:59Z,2026-09-03T09:54:13Z,Daytona State College project - DSC-only
PGY2160,Camera Culture,1,pushed,960,2026-08-31T00:21:04Z,2026-09-03T09:53:59Z,2026-09-03T09:54:13Z,Daytona State College project - DSC-only
PGY2207,Lens-Based Practices: Art and Commerce,1,pushed,960,2026-08-31T00:21:04Z,2026-09-03T09:53:59Z,2026-09-03T09:54:13Z,Daytona State College project - DSC-only
PGY2273,Professional Strategies for Photographers,1,pushed,960,2026-08-31T00:21:04Z,2026-09-03T09:53:59Z,2026-09-03T09:54:14Z,Daytona State College project - DSC-only
PHT2129,Neuroscience for PTA,1,pushed,960,2026-08-31T00:21:04Z,2026-09-03T03:18:19Z,2026-09-03T03:24:54Z,Daytona State College project - DSC-only
PHT2214,Modalities II,1,pushed,960,2026-08-31T00:21:04Z,2026-09-03T03:18:19Z,2026-09-03T03:24:54Z,Daytona State College project - DSC-only
PHT2214L,Modalities II Lab,1,pushed,960,2026-08-31T00:21:04Z,2026-09-03T03:18:19Z,2026-09-03T03:24:55Z,Daytona State College project - DSC-only
PHT2221L,Therapeutic Exercise II Lab,1,pushed,960,2026-08-31T00:21:04Z,2026-09-03T03:22:22Z,2026-09-03T03:24:55Z,Daytona State College project - DSC-only
PHT2235,Therapeutic Exercise III,1,pushed,960,2026-08-31T00:21:04Z,2026-09-03T03:22:22Z,2026-09-03T03:24:55Z,Daytona State College project - DSC-only
PHT2235L,Therapeutic Exercise III Lab,1,pushed,960,2026-08-31T00:21:04Z,2026-09-03T03:22:22Z,2026-09-03T03:24:55Z,Daytona State College project - DSC-only
PHY1032,Energy and its Environmental Effects,1,pushed,960,2026-08-31T00:21:04Z,2026-09-03T20:29:16Z,2026-09-03T20:29:39Z,Daytona State College project - DSC-only
PMT0106C,Introduction to Welding I and Lab,1,pushed,960,2026-08-31T00:21:04Z,2026-09-03T12:31:44Z,2026-09-03T12:31:59Z,Daytona State College project - DSC-only
PMT0154C,Welding IV (Plasma Cut Welding and Introduction to MIG) and Lab,1,pushed,960,2026-08-31T00:21:04Z,2026-09-03T12:31:44Z,2026-09-03T12:32:00Z,Daytona State College project - DSC-only
PMT0171C,Welding VIII (Advanced Gas Tungsten Arc and Pipe Welding) and Lab,1,pushed,960,2026-08-31T00:21:04Z,2026-09-03T12:31:44Z,2026-09-03T12:32:00Z,Daytona State College project - DSC-only
PMT0215C,Manual Machining and Lab,1,pushed,960,2026-08-31T00:21:04Z,2026-09-03T12:31:44Z,2026-09-03T12:32:00Z,Daytona State College project - DSC-only
PMT0228C,Electrical Discharge Machining (EDM) and Lab,1,pushed,960,2026-08-31T00:21:04Z,2026-09-03T12:31:44Z,2026-09-03T12:32:00Z,Daytona State College project - DSC-only
PMT0251C,CNC Mill and Lab,1,pushed,960,2026-08-31T00:21:04Z,2026-09-03T12:31:44Z,2026-09-03T12:32:00Z,Daytona State College project - DSC-only
PMT0260C,CAD/CAM Programming and Lab,1,pushed,960,2026-08-31T00:21:04Z,2026-09-03T12:31:44Z,2026-09-03T12:32:00Z,Daytona State College project - DSC-only
PMT0265C,CNC Multi-Axis and Lab,1,pushed,960,2026-08-31T00:21:04Z,2026-09-03T12:31:44Z,2026-09-03T12:32:01Z,Daytona State College project - DSC-only
PMT0720C,CNC Lathe and Lab,1,pushed,960,2026-08-31T00:21:04Z,2026-09-03T12:31:44Z,2026-09-03T12:32:01Z,Daytona State College project - DSC-only
PRN0042C,Neuromuscular Sensory Nursing and Lab,1,pushed,960,2026-08-31T00:21:04Z,2026-09-03T19:06:09Z,2026-09-03T19:06:28Z,Daytona State College project - DSC-only
PRN0207C,Medical-Surgical Nursing I and Lab,1,pushed,960,2026-08-31T00:21:04Z,2026-09-03T19:06:09Z,2026-09-03T19:06:29Z,Daytona State College project - DSC-only
RET1021,Respiratory Care Introduction,1,pushed,960,2026-08-31T00:21:04Z,2026-09-03T18:06:17Z,2026-09-03T18:06:29Z,Daytona State College project - DSC-only
RET3041,Cardiopulmonary Education and Promotion,1,pushed,960,2026-08-31T00:21:04Z,2026-09-03T18:06:17Z,2026-09-03T18:06:30Z,Daytona State College project - DSC-only
RET4245,Advanced Life Support,1,pushed,960,2026-08-31T00:21:04Z,2026-09-03T18:06:17Z,2026-09-03T18:06:30Z,Daytona State College project - DSC-only
RTE2623,Radiation Physics II,1,pushed,960,2026-08-31T00:21:04Z,2026-09-03T18:06:17Z,2026-09-03T18:06:30Z,Daytona State College project - DSC-only
RTV1251,Digital Video Editing,1,pushed,960,2026-08-31T00:21:04Z,2026-09-03T07:03:52Z,2026-09-03T07:04:07Z,Daytona State College project - DSC-only
RTV1613,Digital Video Effects,1,pushed,960,2026-08-31T00:21:04Z,2026-09-03T07:03:52Z,2026-09-03T07:04:07Z,Daytona State College project - DSC-only
RTV1670,Television Directing,1,pushed,960,2026-08-31T00:21:04Z,2026-09-03T07:03:52Z,2026-09-03T07:04:07Z,Daytona State College project - DSC-only
RTV2104,Broadcast Research/Newswriting/Presentation Skills,1,pushed,960,2026-08-31T00:21:04Z,2026-09-03T07:03:52Z,2026-09-03T07:04:07Z,Daytona State College project - DSC-only
RTV2241,Producing for Television,1,pushed,960,2026-08-31T00:21:04Z,2026-09-03T07:03:52Z,2026-09-03T07:04:08Z,Daytona State College project - DSC-only
RTV2290,Selected Topics in Remote Sports Production,1,pushed,960,2026-08-31T00:21:04Z,2026-09-03T07:03:52Z,2026-09-03T07:04:08Z,Daytona State College project - DSC-only
RTV2534,Electronic Field Production,1,pushed,960,2026-08-31T00:21:04Z,2026-09-03T07:03:52Z,2026-09-03T07:04:08Z,Daytona State College project - DSC-only
RTV2540,Workshop in Studio Production,1,pushed,960,2026-08-31T00:21:04Z,2026-09-03T07:03:52Z,2026-09-03T07:04:08Z,Daytona State College project - DSC-only
RTV2541,Team Media Production,1,pushed,960,2026-08-31T00:21:04Z,2026-09-03T07:03:52Z,2026-09-03T07:04:08Z,Daytona State College project - DSC-only
SLS1127,Faculty Peer Mentoring Experience for Marine and Environmental Science Programs,1,pushed,960,2026-08-31T00:21:04Z,2026-09-03T18:20:12Z,2026-09-03T18:20:25Z,Daytona State College project - DSC-only
SLS1130L,DSC Basics,1,pushed,960,2026-08-31T00:21:04Z,2026-09-03T18:20:12Z,2026-09-03T18:20:25Z,Daytona State College project - DSC-only
SLS2505,Critical Thinking,1,pushed,960,2026-08-31T00:21:04Z,2026-09-03T18:20:12Z,2026-09-03T18:20:25Z,Daytona State College project - DSC-only
SOS2006C,Introduction to Soil Science and Lab,1,pushed,960,2026-08-31T00:21:04Z,2026-09-03T20:29:16Z,2026-09-03T20:29:39Z,Daytona State College project - DSC-only
SPN1120C,ELEMENTARY SPANISH I,40,pushed,960,2026-05-04T01:12:42Z,2026-05-04T15:30:00Z,2026-05-04T11:30:58Z,Top priority - high-volume gen-ed/PSAV
SPN1121C,ELEMENTARY SPANISH II,40,pushed,960,2026-05-04T01:12:42Z,2026-05-04T15:30:00Z,2026-05-04T11:30:58Z,Top priority - high-volume gen-ed/PSAV
STS0008,Pharmacology for Surgical Technology,1,pushed,960,2026-08-31T00:21:04Z,2026-09-03T09:28:09Z,2026-09-03T09:28:23Z,Daytona State College project - DSC-only
STS0120,Surgical Specialities I,1,pushed,960,2026-08-31T00:21:04Z,2026-09-03T09:28:09Z,2026-09-03T09:28:23Z,Daytona State College project - DSC-only
STS0121,Surgical Specialities II,1,pushed,960,2026-08-31T00:21:04Z,2026-09-03T09:28:09Z,2026-09-03T09:28:23Z,Daytona State College project - DSC-only
STS0122,Surgical Specialities III,1,pushed,960,2026-08-31T00:21:04Z,2026-09-03T09:28:09Z,2026-09-03T09:28:24Z,Daytona State College project - DSC-only
STS0155,Surgical Techniques and Procedures,1,pushed,960,2026-08-31T00:21:04Z,2026-09-03T09:28:09Z,2026-09-03T09:28:24Z,Daytona State College project - DSC-only
STS0155L,Surgical Techniques and Procedures Lab,1,pushed,960,2026-08-31T00:21:04Z,2026-09-03T09:28:09Z,2026-09-03T09:28:24Z,Daytona State College project - DSC-only
STS0255L,Surgical Procedures Clinical I,1,pushed,960,2026-08-31T00:21:04Z,2026-09-03T09:28:09Z,2026-09-03T09:28:24Z,Daytona State College project - DSC-only
STS0256L,Surgical Procedures Clinical II,1,pushed,960,2026-08-31T00:21:04Z,2026-09-03T09:28:09Z,2026-09-03T09:28:24Z,Daytona State College project - DSC-only
STS0257L,Surgical Procedures Clinical III,1,pushed,960,2026-08-31T00:21:04Z,2026-09-03T09:28:09Z,2026-09-03T09:28:24Z,Daytona State College project - DSC-only
SYD2707,Race and Ethnicity,1,pushed,960,2026-08-31T00:21:04Z,2026-09-03T23:38:58Z,2026-09-03T23:39:26Z,Daytona State College project - DSC-only
SYD2803,Gender and Society,1,pushed,960,2026-08-31T00:21:04Z,2026-09-03T23:38:58Z,2026-09-03T23:39:26Z,Daytona State College project - DSC-only
TDR0304C,Computer Aided Drafting (CAD) and Lab,1,pushed,960,2026-08-31T00:21:04Z,2026-09-04T01:05:14Z,2026-09-04T01:05:30Z,Daytona State College project - DSC-only
TPP2119,Acting 4,1,pushed,960,2026-08-31T00:21:04Z,2026-09-03T18:34:48Z,2026-09-03T18:35:02Z,Daytona State College project - DSC-only
ARR0905,Directed Study in Automotive Body Repair and Refinishing,1,skipped,960,2026-08-31T00:21:04Z,,,Daytona State College project - DSC-only - skipped: shell course
ASL2905,Directed Study in American Sign Language,1,skipped,960,2026-08-31T00:21:04Z,,,Daytona State College project - DSC-only - skipped: shell course
BCT2949,Cooperative Education Experience in Construction,1,skipped,960,2026-08-31T00:21:04Z,,,Daytona State College project - DSC-only - skipped: shell course
BCT2990,Technical Training,1,skipped,960,2026-08-31T00:21:04Z,,,Daytona State College project - DSC-only - skipped: shell course
CET3906,Directed Study in Computer Engineering Technology,1,skipped,960,2026-08-31T00:21:04Z,,,Daytona State College project - DSC-only - skipped: shell course
CJD2990,Criminal Justice Bridge Transition,1,skipped,960,2026-08-31T00:21:04Z,,,Daytona State College project - DSC-only - skipped: shell course
CLP0999,Psy Req-Cert Prg,1,skipped,960,2026-08-31T00:21:04Z,,,Daytona State College project - DSC-only - skipped: shell course
COM2998B,Communicatn Req,1,skipped,960,2026-08-31T00:21:04Z,,,"skipped 2026-09-03: requirement placeholder shell, not a real course. Daytona State's catalog page carries only a number, a placeholder title ('English', 'Communicatn Req', 'Speech Requirmt', 'Social Sci Req') and a credit value, with no description - verified by fetching ENC2998A. Same class as the 9xx shells. Deferred rather than abandoned; revisit with the 9xx re-screen."
COM2999B,Communicatn Req,1,skipped,960,2026-08-31T00:21:04Z,,,"skipped 2026-09-03: requirement placeholder shell, not a real course. Daytona State's catalog page carries only a number, a placeholder title ('English', 'Communicatn Req', 'Speech Requirmt', 'Social Sci Req') and a credit value, with no description - verified by fetching ENC2998A. Same class as the 9xx shells. Deferred rather than abandoned; revisit with the 9xx re-screen."
COS0905,Directed Study in Cosmetology,1,skipped,960,2026-08-31T00:21:04Z,,,Daytona State College project - DSC-only - skipped: shell course
DAN2905,Directed Study in Dance,1,skipped,960,2026-08-31T00:21:04Z,,,Daytona State College project - DSC-only - skipped: shell course
ENC2990,English,1,skipped,960,2026-08-31T00:21:04Z,,,Daytona State College project - DSC-only - skipped: shell course
ENC2998A,English,1,skipped,960,2026-08-31T00:21:04Z,,,"skipped 2026-09-03: requirement placeholder shell, not a real course. Daytona State's catalog page carries only a number, a placeholder title ('English', 'Communicatn Req', 'Speech Requirmt', 'Social Sci Req') and a credit value, with no description - verified by fetching ENC2998A. Same class as the 9xx shells. Deferred rather than abandoned; revisit with the 9xx re-screen."
ENC2999,English,1,skipped,960,2026-08-31T00:21:04Z,,,Daytona State College project - DSC-only - skipped: shell course
ENC2999A,English,1,skipped,960,2026-08-31T00:21:04Z,,,"skipped 2026-09-03: requirement placeholder shell, not a real course. Daytona State's catalog page carries only a number, a placeholder title ('English', 'Communicatn Req', 'Speech Requirmt', 'Social Sci Req') and a credit value, with no description - verified by fetching ENC2998A. Same class as the 9xx shells. Deferred rather than abandoned; revisit with the 9xx re-screen."
ETG2906,Directed Study in Engineering,1,skipped,960,2026-08-31T00:21:04Z,,,Daytona State College project - DSC-only - skipped: shell course
ETG3907,Directed Study in Industrial Systems,1,skipped,960,2026-08-31T00:21:04Z,,,Daytona State College project - DSC-only - skipped: shell course
GEB4931,Selected Topics in Project Management,1,skipped,960,2026-08-31T00:21:04Z,,,Daytona State College project - DSC-only - skipped: shell course
HFT1937,Selected Topics in the Hospitality Industry,1,skipped,960,2026-08-31T00:21:04Z,,,Daytona State College project - DSC-only - skipped: shell course
HFT1940C,Hospitality Practicum I (Basic) and Lab,1,skipped,960,2026-08-31T00:21:04Z,,,Daytona State College project - DSC-only - skipped: shell course
HLP2998,Health/Phys Ed Requ,1,skipped,960,2026-08-31T00:21:04Z,,,Daytona State College project - DSC-only - skipped: shell course
HLP2999,Health Phys Ed Requ,1,skipped,960,2026-08-31T00:21:04Z,,,Daytona State College project - DSC-only - skipped: shell course
MEA0905,Directed Study in Medical Assisting,1,skipped,960,2026-08-31T00:21:04Z,,,Daytona State College project - DSC-only - skipped: shell course
MSS0905,Directed Study in Massage Therapy,1,skipped,960,2026-08-31T00:21:04Z,,,Daytona State College project - DSC-only - skipped: shell course
MUN1362,Madrigal Dinner Rehearsal and Performance,1,skipped,960,2026-08-31T00:21:04Z,,,Daytona State College project - DSC-only - skipped: applied music/ensemble
MUN2432,Brass Chamber Ensemble II,1,skipped,960,2026-08-31T00:21:04Z,,,Daytona State College project - DSC-only - skipped: applied music/ensemble
MUN2491,Woodwind Chamber Ensemble II,1,skipped,960,2026-08-31T00:21:04Z,,,Daytona State College project - DSC-only - skipped: applied music/ensemble
NUR2990,Advanced Standing,1,skipped,960,2026-08-31T00:21:04Z,,,Daytona State College project - DSC-only - skipped: shell course
OCE2905,Directed Study in Oceanography,1,skipped,960,2026-08-31T00:21:04Z,,,Daytona State College project - DSC-only - skipped: shell course
PGY2935,Portfolio Workshop,1,skipped,960,2026-08-31T00:21:04Z,,,Daytona State College project - DSC-only - skipped: shell course
PMT0290,Cooperative Education Experience in Machining,1,skipped,960,2026-08-31T00:21:04Z,,,Daytona State College project - DSC-only - skipped: shell course
PRN0904,Directed Study in Practical Nursing,1,skipped,960,2026-08-31T00:21:04Z,,,Daytona State College project - DSC-only - skipped: shell course
PSY2934,Special Topics in Forensic Psychology,1,skipped,960,2026-08-31T00:21:04Z,,,Daytona State College project - DSC-only - skipped: shell course
RET3960,ProfessionalCredentialing,1,skipped,960,2026-08-31T00:21:04Z,,,Daytona State College project - DSC-only - skipped: shell course
SPC2999A,Speech Requirmt,1,skipped,960,2026-08-31T00:21:04Z,,,"skipped 2026-09-03: requirement placeholder shell, not a real course. Daytona State's catalog page carries only a number, a placeholder title ('English', 'Communicatn Req', 'Speech Requirmt', 'Social Sci Req') and a credit value, with no description - verified by fetching ENC2998A. Same class as the 9xx shells. Deferred rather than abandoned; revisit with the 9xx re-screen."
SSI2997A,Social Sci Req,1,skipped,960,2026-08-31T00:21:04Z,,,"skipped 2026-09-03: requirement placeholder shell, not a real course. Daytona State's catalog page carries only a number, a placeholder title ('English', 'Communicatn Req', 'Speech Requirmt', 'Social Sci Req') and a credit value, with no description - verified by fetching ENC2998A. Same class as the 9xx shells. Deferred rather than abandoned; revisit with the 9xx re-screen."
SSI2998,Social Science Requ,1,skipped,960,2026-08-31T00:21:04Z,,,Daytona State College project - DSC-only - skipped: shell course
SSI2999,Social Science Requ,1,skipped,960,2026-08-31T00:21:04Z,,,Daytona State College project - DSC-only - skipped: shell course
ACG2021C,PRINCIPLES OF FINANCIAL ACCOUNTING,39,pushed,961,2026-05-04T01:12:42Z,2026-05-04T15:30:00Z,2026-05-04T11:30:58Z,Top priority - high-volume gen-ed/PSAV
EME2040C,INTRODUCTION TO TECHNOLOGY FOR EDUCATORS,39,pushed,961,2026-05-04T01:12:42Z,2026-05-04T15:30:00Z,2026-05-04T11:30:58Z,Top priority - high-volume gen-ed/PSAV
MGF1130,MATHEMATICAL THINKING,39,pushed,961,2026-05-04T01:12:42Z,2026-05-04T15:30:00Z,2026-05-04T11:30:58Z,Top priority - high-volume gen-ed/PSAV
OTA0040C,Information Technology Assistant,38,pushed,962,2026-05-04T01:12:42Z,2026-05-04T15:45:26Z,2026-05-04T11:46:53Z,Top priority - high-volume gen-ed/PSAV
PHI2010,INTRODUCTION TO PHILOSOPHY,38,pushed,962,2026-05-04T01:12:42Z,2026-05-04T15:45:26Z,2026-05-04T11:46:53Z,Top priority - high-volume gen-ed/PSAV
REL2300,WORLD RELIGIONS,38,pushed,962,2026-05-04T01:12:42Z,2026-05-04T15:45:26Z,2026-05-04T11:46:53Z,Top priority - high-volume gen-ed/PSAV
MAC1140C,PRECALCULUS ALGEBRA,37,pushed,963,2026-05-04T01:12:42Z,2026-05-04T15:45:26Z,2026-05-04T11:46:53Z,Top priority - high-volume gen-ed/PSAV
MAN3240,ORGANIZATIONAL BEHAVIOR,37,pushed,963,2026-05-04T01:12:42Z,2026-05-04T15:45:26Z,2026-05-04T11:46:54Z,Top priority - high-volume gen-ed/PSAV
BSC2085C,ANATOMY AND PHYSIOLOGY I,36,pushed,964,2026-05-04T01:12:42Z,2026-05-04T15:56:14Z,2026-05-04T11:56:42Z,Top priority - high-volume gen-ed/PSAV
BSC2086C,HUMAN ANATOMY & PHYSIOLOGY II,36,pushed,964,2026-05-04T01:12:42Z,2026-05-04T15:56:14Z,2026-05-04T11:56:42Z,Top priority - high-volume gen-ed/PSAV
COS0002C,Cosmetologist and Hairdresser 1,36,pushed,964,2026-05-04T01:12:42Z,2026-05-04T15:56:14Z,2026-05-04T11:56:42Z,Top priority - high-volume gen-ed/PSAV
COS0003C,Cosmetologist and Hairdresser 2,36,pushed,964,2026-05-04T01:12:42Z,2026-05-04T15:56:14Z,2026-05-04T11:56:42Z,Top priority - high-volume gen-ed/PSAV
COS0009C,Cosmetologist and Hairdresser 3,36,pushed,964,2026-05-04T01:12:42Z,2026-05-04T15:56:14Z,2026-05-04T11:56:43Z,Top priority - high-volume gen-ed/PSAV
CSP0009,Grooming and Salon Services Core - Facials and Nails,36,pushed,964,2026-05-04T01:12:42Z,2026-05-04T16:22:22Z,2026-05-04T12:22:47Z,Top priority - high-volume gen-ed/PSAV
HMV0100,Food Preparation,36,pushed,964,2026-05-04T01:12:42Z,2026-05-04T16:22:22Z,2026-05-04T12:22:47Z,Top priority - high-volume gen-ed/PSAV
HMV0126,Food Service Manager,36,pushed,964,2026-05-04T01:12:42Z,2026-05-04T16:22:22Z,2026-05-04T12:22:47Z,Top priority - high-volume gen-ed/PSAV
HMV0170,Cook - Restaurant,36,pushed,964,2026-05-04T01:12:42Z,2026-05-04T16:32:02Z,2026-05-04T12:32:24Z,Top priority - high-volume gen-ed/PSAV
HMV0171,Chef/Head Cook,36,pushed,964,2026-05-04T01:12:42Z,2026-05-04T16:32:02Z,2026-05-04T12:32:24Z,Top priority - high-volume gen-ed/PSAV
PMT0070C,Welder - Assistant 1,36,pushed,964,2026-05-04T01:12:50Z,2026-05-04T17:31:02Z,2026-05-04T13:31:26Z,Top priority - high-volume gen-ed/PSAV
POS2041,AMERICAN NATIONAL GOVERNMENT,36,pushed,964,2026-05-04T01:12:50Z,2026-05-04T16:22:22Z,2026-05-04T12:22:47Z,Top priority - high-volume gen-ed/PSAV
SYG2000,INTRODUCTION TO SOCIOLOGY,36,pushed,964,2026-05-04T01:12:50Z,2026-05-04T16:22:22Z,2026-05-04T12:22:47Z,Top priority - high-volume gen-ed/PSAV
MGF1131,MATHEMATICS IN CONTEXT,35,pushed,965,2026-05-04T01:12:50Z,2026-05-04T17:31:02Z,2026-05-04T13:31:26Z,Top priority - high-volume gen-ed/PSAV
PMT0071C,Welder - Assistant 2,35,pushed,965,2026-05-04T01:12:50Z,2026-05-04T17:31:02Z,2026-05-04T13:31:26Z,Top priority - high-volume gen-ed/PSAV
PMT0072C,Welder - SMAW 1,35,pushed,965,2026-05-04T01:12:50Z,2026-05-04T17:31:02Z,2026-05-04T13:31:27Z,Top priority - high-volume gen-ed/PSAV
PMT0073C,Welder - SMAW 2,35,pushed,965,2026-05-04T01:12:50Z,2026-05-04T17:31:02Z,2026-05-04T13:31:27Z,Top priority - high-volume gen-ed/PSAV
PMT0074C,Welder,35,pushed,965,2026-05-04T01:12:50Z,2026-05-04T17:36:36Z,2026-05-04T13:39:41Z,Top priority - high-volume gen-ed/PSAV
CHM2211L,ORGANIC CHEMISTRY II LAB,34,pushed,966,2026-05-04T01:12:50Z,2026-05-04T17:36:36Z,2026-05-04T13:39:41Z,Top priority - high-volume gen-ed/PSAV
MCB2010C,MICROBIOLOGY,34,pushed,966,2026-05-04T01:12:50Z,2026-05-04T17:36:36Z,2026-05-04T13:39:42Z,Top priority - high-volume gen-ed/PSAV
OTA0041C,Front Desk Specialist,34,pushed,966,2026-05-04T01:12:50Z,2026-05-04T17:36:36Z,2026-05-04T13:39:42Z,Top priority - high-volume gen-ed/PSAV
ARH2050,ART HISTORY I,33,pushed,967,2026-05-04T01:12:50Z,2026-05-04T17:36:36Z,2026-05-04T13:39:42Z,Top priority - high-volume gen-ed/PSAV
ART1300C,DRAWING I,33,pushed,967,2026-05-04T01:12:50Z,2026-05-04T18:15:00Z,2026-05-04T14:15:20Z,Top priority - high-volume gen-ed/PSAV
AST1002C,DESCRIPTIVE ASTRONOMY,33,pushed,967,2026-05-04T01:12:50Z,2026-05-04T18:15:00Z,2026-05-04T14:15:21Z,Top priority - high-volume gen-ed/PSAV
GEB3213,BUSINESS WRITING,33,pushed,967,2026-05-04T01:12:50Z,2026-05-04T18:15:00Z,2026-05-04T14:15:21Z,Top priority - high-volume gen-ed/PSAV
MVK1111C,CLASS PIANO I,33,pushed,967,2026-05-04T01:12:50Z,2026-05-04T18:15:00Z,2026-05-04T14:15:21Z,Top priority - high-volume gen-ed/PSAV
NUR4827C,NURSING LEADERSHIP AND MANAGEMENT,33,pushed,967,2026-05-04T01:12:50Z,2026-05-04T18:15:00Z,2026-05-04T14:15:21Z,Top priority - high-volume gen-ed/PSAV
PHY2053C,GENERAL PHYSICS I,33,pushed,967,2026-05-04T01:12:50Z,2026-05-04T19:11:30Z,2026-05-04T15:11:57Z,Top priority - high-volume gen-ed/PSAV
CHM1020C,CHEMISTRY IN SOCIETY,32,pushed,968,2026-05-04T01:12:50Z,2026-05-04T19:11:30Z,2026-05-04T15:11:57Z,Top priority - high-volume gen-ed/PSAV
CJK0020C,LAW ENFORCEMENT VEHICLE OPERATIONS,32,pushed,968,2026-05-04T01:12:50Z,2026-05-04T19:11:30Z,2026-05-04T15:11:57Z,Top priority - high-volume gen-ed/PSAV
CJK0031C,FIRST AID FOR CRIMINAL JUSTICE OFFICERS,32,pushed,968,2026-05-04T01:12:50Z,2026-05-04T19:11:30Z,2026-05-04T15:11:57Z,Top priority - high-volume gen-ed/PSAV
CJK0040C,CRIMINAL JUSTICE FIREARMS,32,pushed,968,2026-05-04T01:12:50Z,2026-05-04T19:11:30Z,2026-05-04T15:11:57Z,Top priority - high-volume gen-ed/PSAV
CJK0096C,CRIMINAL JUSTICE OFFICER PHYSICAL FITNESS TRAINING,32,pushed,968,2026-05-04T01:12:50Z,2026-05-04T19:36:22Z,2026-05-04T15:36:37Z,Top priority - high-volume gen-ed/PSAV
CJK0340C,OFFICER WELLNESS AND PHYSICAL ABILITIES,32,pushed,968,2026-05-04T01:12:50Z,2026-05-04T19:36:22Z,2026-05-04T15:36:37Z,Top priority - high-volume gen-ed/PSAV
FRE1120C,ELEMENTARY FRENCH I,32,pushed,968,2026-05-04T01:12:50Z,2026-05-04T19:36:22Z,2026-05-04T15:36:37Z,Top priority - high-volume gen-ed/PSAV
MAN2021,PRINCIPLES OF MANAGEMENT,32,pushed,968,2026-05-04T12:32:16Z,2026-05-04T16:32:02Z,2026-05-04T12:32:24Z,(added by reconcile from orphan draft)
MAN4720,STRATEGIC MANAGEMENT,32,pushed,968,2026-05-04T12:32:16Z,2026-05-04T16:32:02Z,2026-05-04T12:32:25Z,(added by reconcile from orphan draft)
PHY1020C,FUNDAMENTALS OF PHYSICS,32,pushed,968,2026-05-04T12:32:16Z,2026-05-04T16:32:02Z,2026-05-04T12:32:25Z,(added by reconcile from orphan draft)
PRN0091,Practical Nurse 1,32,pushed,968,2026-05-04T12:41:49Z,2026-05-04T16:40:30Z,2026-08-30T17:53:31Z,(added by reconcile from orphan draft)
PRN0092,Practical Nurse 2,32,pushed,968,2026-05-04T12:41:49Z,2026-05-04T16:40:30Z,2026-08-30T17:53:32Z,(added by reconcile from orphan draft)
PRN0096,Practical Nurse 3,32,pushed,968,2026-05-04T12:41:49Z,2026-05-04T16:40:30Z,2026-08-30T17:53:32Z,(added by reconcile from orphan draft)
SYG2010,SOCIAL PROBLEMS,32,pushed,968,2026-05-04T12:41:49Z,2026-05-04T16:40:30Z,2026-05-04T12:41:54Z,(added by reconcile from orphan draft)
ARH2051,ART HISTORY II,31,pushed,969,2026-05-04T12:41:49Z,2026-05-04T16:40:30Z,2026-05-04T12:41:54Z,(added by reconcile from orphan draft)
CCJ1020,INTRODUCTION TO CRIMINAL JUSTICE,31,pushed,969,2026-05-04T13:01:53Z,2026-05-04T16:54:46Z,2026-05-04T13:02:03Z,(added by reconcile from orphan draft)
CHM2210L,ORGANIC CHEMISTRY I LAB,31,pushed,969,2026-05-04T13:01:53Z,2026-05-04T16:54:46Z,2026-05-04T13:02:04Z,(added by reconcile from orphan draft)
CJK0051C,CRIMINAL JUSTICE DEFENSIVE TACTICS,31,pushed,969,2026-05-04T13:01:53Z,2026-05-04T16:54:46Z,2026-05-04T13:02:04Z,(added by reconcile from orphan draft)
EVR1001C,INTRODUCTION TO ENVIRONMENTAL SCIENCE,31,pushed,969,2026-05-04T13:01:53Z,2026-05-04T16:54:46Z,2026-05-04T13:02:04Z,(added by reconcile from orphan draft)
FRE1121C,ELEMENTARY FRENCH II,31,pushed,969,2026-05-04T13:01:53Z,2026-05-04T16:54:46Z,2026-05-04T13:02:04Z,(added by reconcile from orphan draft)
PHY2054C,GENERAL PHYSICS II,31,pushed,969,2026-05-06T01:21:57.117979Z,2026-05-06T15:24:38Z,2026-05-06T11:25:09Z,High-volume gen-ed - top priority
ACR0044C,"Air Conditioning, Refrigeration and Heating Technician",30,pushed,970,2026-05-06T20:39:28Z,2026-05-07T21:38:18Z,2026-08-30T17:53:32Z,Top priority - high-volume gen-ed
ART1201C,TWO-DIMENSIONAL DESIGN,30,pushed,970,2026-05-06T01:21:57.117979Z,2026-05-06T15:24:38Z,2026-05-06T11:25:09Z,High-volume gen-ed - top priority
ART2500C,PAINTING I,30,pushed,970,2026-05-06T01:21:57.117979Z,2026-05-06T15:24:38Z,2026-05-06T11:25:09Z,High-volume gen-ed - top priority
BUL2241,BUSINESS LAW I,30,pushed,970,2026-05-06T20:39:28Z,2026-05-07T21:38:18Z,2026-05-07T21:09:13Z,Top priority - high-volume gen-ed
ENL2022,BRITISH LITERATURE II,30,pushed,970,2026-05-06T01:21:57.117979Z,2026-05-06T15:24:38Z,2026-05-06T11:25:09Z,High-volume gen-ed - top priority
INR2002,INTERNATIONAL RELATIONS,30,pushed,970,2026-05-06T20:39:28Z,2026-05-07T21:38:18Z,2026-05-07T21:09:13Z,Top priority - high-volume gen-ed
MAC1147,PRECALCULUS ALGEBRA/TRIGONOMETRY,30,pushed,970,2026-05-06T01:21:57.117979Z,2026-05-06T15:24:38Z,2026-05-06T11:25:10Z,High-volume gen-ed - top priority
MUT1111C,MUSIC THEORY I,30,pushed,970,2026-05-06T20:39:28Z,2026-05-07T21:38:18Z,2026-05-07T21:09:13Z,Top priority - high-volume gen-ed
MUT1112C,MUSIC THEORY II,30,pushed,970,2026-05-06T20:39:28Z,2026-05-07T21:38:18Z,2026-05-07T21:09:13Z,Top priority - high-volume gen-ed
AML2010,AMERICAN LITERATURE I,29,pushed,971,2026-05-06T01:21:57.117979Z,2026-05-06T15:34:02Z,2026-05-06T11:34:51Z,High-volume gen-ed - top priority
AML2020,AMERICAN LITERATURE II,29,pushed,971,2026-05-06T01:21:57.117979Z,2026-05-06T15:34:02Z,2026-05-06T11:34:51Z,High-volume gen-ed - top priority
ANT2000,INTRODUCTION TO ANTHROPOLOGY,29,pushed,971,2026-05-06T01:21:57.117979Z,2026-05-06T15:34:02Z,2026-05-06T11:34:51Z,High-volume gen-ed - top priority
BCV0603C,Electrician Helper,29,pushed,971,2026-05-06T20:39:28Z,2026-05-07T22:06:06Z,2026-05-07T21:09:14Z,Top priority - high-volume gen-ed
BCV0640C,Residential Electrician,29,pushed,971,2026-05-06T20:39:28Z,2026-05-07T22:06:06Z,2026-08-30T17:53:32Z,Top priority - high-volume gen-ed
HCP0020C,Patient Care Assistant,29,pushed,971,2026-05-06T20:39:28Z,2026-05-07T22:06:06Z,2026-05-07T21:09:14Z,Top priority - high-volume gen-ed
HCP0332C,Advanced Home Health Aide,29,pushed,971,2026-05-06T20:39:28Z,2026-05-07T22:06:06Z,2026-05-07T21:09:14Z,Top priority - high-volume gen-ed
MGF1106,MATHEMATICS FOR LIBERAL ARTS I,29,pushed,971,2026-05-06T01:21:57.117979Z,2026-05-06T15:34:02Z,2026-05-06T11:34:52Z,High-volume gen-ed - top priority
MUT2117C,MUSIC THEORY IV,29,pushed,971,2026-05-06T20:39:28Z,2026-05-07T22:06:06Z,2026-05-07T21:09:14Z,Top priority - high-volume gen-ed
NUR3125,PATHOPHYSIOLOGY,29,pushed,971,2026-05-06T20:39:28Z,2026-05-07T23:39:50Z,2026-05-07T21:09:15Z,Top priority - high-volume gen-ed
ACR0041,"Air Conditioning, Refrigeration and Heating Helper",28,pushed,972,2026-05-06T20:39:28Z,2026-05-07T23:39:50Z,2026-05-07T21:09:15Z,Top priority - high-volume gen-ed
ACR0043,"Air Conditioning, Refrigeration and Heating Mechanic Assistant",28,pushed,972,2026-05-06T20:39:28Z,2026-05-07T23:39:50Z,2026-05-07T21:09:15Z,Top priority - high-volume gen-ed
BCV0652C,Commercial Electrician,28,pushed,972,2026-05-06T20:39:28Z,2026-05-07T23:39:50Z,2026-08-30T17:53:33Z,Top priority - high-volume gen-ed
BSC2010C,GENERAL BIOLOGY I,28,pushed,972,2026-05-06T01:21:57.117979Z,2026-05-06T15:34:02Z,2026-05-06T11:34:52Z,High-volume gen-ed - top priority
CJK0393,CROSS-OVER PROGRAM UPDATES,28,pushed,972,2026-05-06T20:39:28Z,2026-05-07T23:39:50Z,2026-05-07T21:09:16Z,Top priority - high-volume gen-ed
ENL2012,BRITISH LITERATURE I,28,pushed,972,2026-05-06T01:21:57.117979Z,2026-05-06T15:52:58Z,2026-05-06T11:53:35Z,High-volume gen-ed - top priority
ESC1000C,EARTH SCIENCE,28,pushed,972,2026-05-06T01:21:57.117979Z,2026-05-06T15:52:58Z,2026-05-06T11:53:35Z,High-volume gen-ed - top priority
LIT2000,INTRODUCTION TO LITERATURE,28,pushed,972,2026-05-06T01:21:57.117979Z,2026-05-06T15:52:58Z,2026-05-06T11:53:36Z,High-volume gen-ed - top priority
MAN4301,HUMAN RESOURCE MANAGEMENT,28,pushed,972,2026-05-06T20:39:28Z,2026-05-08T00:19:18Z,2026-05-07T21:09:16Z,Top priority - high-volume gen-ed
MUT2116C,MUSIC THEORY III,28,pushed,972,2026-05-06T20:39:28Z,2026-05-08T01:27:42Z,2026-05-07T21:31:14Z,Top priority - high-volume gen-ed
MVK1311,PRINCIPAL APPLIED PIANO,28,pushed,972,2026-05-06T20:39:28Z,2026-05-08T19:19:34Z,2026-05-08T15:46:16Z,Top priority - high-volume gen-ed
MVK2321,PRINCIPAL APPLIED PIANO,28,pushed,972,2026-05-06T20:39:28Z,2026-05-08T19:19:34Z,2026-05-08T15:46:17Z,Top priority - high-volume gen-ed
MVV1311C,PRINCIPAL APPLIED VOICE,28,pushed,972,2026-05-06T20:39:28Z,2026-05-08T19:19:34Z,2026-05-08T15:46:17Z,Top priority - high-volume gen-ed
MVV2321,PRINCIPAL APPLIED VOICE,28,pushed,972,2026-05-06T20:39:28Z,2026-05-08T19:19:34Z,2026-05-08T15:46:17Z,Top priority - high-volume gen-ed
PHY2048L,GENERAL PHYSICS WITH CALCULUS I LAB,28,pushed,972,2026-05-06T01:21:57.117979Z,2026-05-06T15:52:58Z,2026-05-06T11:53:36Z,High-volume gen-ed - top priority
PHY2049L,GENERAL PHYSICS WITH CALCULUS II LAB,28,pushed,972,2026-05-06T01:21:57.117979Z,2026-05-06T15:52:58Z,2026-05-06T11:53:36Z,High-volume gen-ed - top priority
SPC2608,PUBLIC SPEAKING,28,pushed,972,2026-05-06T01:21:57.117979Z,2026-05-06T16:17:10Z,2026-05-06T12:17:26Z,High-volume gen-ed - top priority
ACR0047,"Air Conditioning, Refrigeration and Heating Mechanic 1",27,pushed,973,2026-05-06T20:39:28Z,2026-05-08T00:19:18Z,2026-05-07T21:09:16Z,Top priority - high-volume gen-ed
BSC2011C,BIOLOGY II,27,pushed,973,2026-05-06T01:21:57.117979Z,2026-05-06T16:17:10Z,2026-05-06T12:17:26Z,High-volume gen-ed - top priority
CHM1045C,GENERAL CHEMISTRY I,27,pushed,973,2026-05-06T01:21:57.117979Z,2026-05-06T16:17:10Z,2026-05-06T12:17:26Z,High-volume gen-ed - top priority
EDF1005,INTRODUCTION TO EDUCATION,27,pushed,973,2026-05-06T20:39:28Z,2026-05-08T04:46:44Z,2026-05-08T01:17:42Z,Top priority - high-volume gen-ed
HUN1201,HUMAN NUTRITION,27,pushed,973,2026-05-06T01:21:57.117979Z,2026-05-06T16:17:10Z,2026-05-06T12:17:26Z,High-volume gen-ed - top priority
MEA0521C,"Phlebotomist, MA",27,pushed,973,2026-05-06T20:39:28Z,2026-05-08T01:27:42Z,2026-05-07T21:31:14Z,Top priority - high-volume gen-ed
MUT1001,FUNDAMENTALS OF MUSIC,27,pushed,973,2026-05-06T20:39:28Z,2026-05-08T05:01:34Z,2026-05-08T01:17:43Z,Top priority - high-volume gen-ed
MVB1311,PRINCIPAL APPLIED TRUMPET,27,pushed,973,2026-05-06T20:39:28Z,2026-05-08T19:19:34Z,2026-05-08T15:46:17Z,Top priority - high-volume gen-ed
MVP1311,PRINCIPAL APPLIED PERCUSSION,27,pushed,973,2026-05-06T20:39:28Z,2026-05-08T19:19:34Z,2026-05-08T15:46:17Z,Top priority - high-volume gen-ed
MVP2321,PRINCIPAL APPLIED PERCUSSION,27,pushed,973,2026-05-06T20:39:28Z,2026-05-08T19:19:34Z,2026-05-08T15:46:17Z,Top priority - high-volume gen-ed
MVW2321,PRINCIPAL APPLIED FLUTE,27,pushed,973,2026-05-06T20:39:28Z,2026-05-08T19:19:34Z,2026-05-08T15:46:18Z,Top priority - high-volume gen-ed
ACR0045,Refrigeration Mechanic,26,pushed,974,2026-05-06T20:39:28Z,2026-05-08T00:19:18Z,2026-08-30T17:53:33Z,Top priority - high-volume gen-ed
CHM1025C,INTRODUCTORY CHEMISTRY,26,pushed,974,2026-05-06T01:21:57.117979Z,2026-05-06T16:17:10Z,2026-05-06T12:17:26Z,High-volume gen-ed - top priority
CTS0069,Computer Security Technician,26,pushed,974,2026-05-06T20:39:28Z,2026-05-08T05:01:34Z,2026-05-08T01:17:43Z,Top priority - high-volume gen-ed
CTS0082,Computer Systems Technology,26,pushed,974,2026-05-06T20:39:28Z,2026-05-08T13:29:44Z,2026-05-08T12:42:54Z,Top priority - high-volume gen-ed
CTS0083,Computer Network Technician,26,pushed,974,2026-05-06T20:39:28Z,2026-05-08T13:29:44Z,2026-05-08T12:42:54Z,Top priority - high-volume gen-ed
CTS0084,Computer Networking Specialist,26,pushed,974,2026-05-06T20:39:28Z,2026-05-08T13:29:44Z,2026-05-08T12:42:54Z,Top priority - high-volume gen-ed
MEA0543C,"EKG Aide, MA",26,pushed,974,2026-05-06T20:39:28Z,2026-05-08T04:46:44Z,2026-05-08T01:17:43Z,Top priority - high-volume gen-ed
MGF1107,MATHEMATICS FOR LIBERAL ARTS II,26,pushed,974,2026-05-06T01:21:57.117979Z,2026-05-06T16:28:40Z,2026-05-06T12:43:11Z,High-volume gen-ed - top priority
MVB2321,PRINCIPAL APPLIED TRUMPET,26,pushed,974,2026-05-06T20:39:28Z,2026-05-08T19:19:34Z,2026-05-08T15:46:18Z,Top priority - high-volume gen-ed
MVB2323,PRINCIPAL APPLIED TROMBONE,26,pushed,974,2026-05-06T20:39:28Z,2026-05-08T19:19:34Z,2026-05-08T15:46:18Z,Top priority - high-volume gen-ed
MVB2325,PRINCIPAL APPLIED TUBA,26,pushed,974,2026-05-06T20:39:28Z,2026-05-08T19:19:34Z,2026-05-08T15:46:18Z,Top priority - high-volume gen-ed
MVS1316,APPLIED MUSIC - GUITAR,26,pushed,974,2026-05-06T20:39:28Z,2026-05-08T19:19:34Z,2026-05-08T15:46:18Z,Top priority - high-volume gen-ed
MVW1311,APPLIED MUSIC FLUTE,26,pushed,974,2026-05-06T20:39:28Z,2026-05-08T19:19:34Z,2026-05-08T15:46:19Z,Top priority - high-volume gen-ed
MVW2323,PRINCIPAL APPLIED CLARINET,26,pushed,974,2026-05-06T20:39:28Z,2026-05-08T19:19:34Z,2026-05-08T15:46:19Z,Top priority - high-volume gen-ed
NUR4636C,COMMUNITY HEALTH NURSING,26,pushed,974,2026-05-06T20:39:28Z,2026-05-08T01:27:42Z,2026-05-07T21:31:14Z,Top priority - high-volume gen-ed
OTA0631C,Medical Office Technologist,26,pushed,974,2026-05-06T20:39:28Z,2026-05-08T16:31:06Z,2026-05-08T12:42:54Z,Top priority - high-volume gen-ed
OTA0651C,Medical Administrative Specialist,26,pushed,974,2026-05-06T20:39:28Z,2026-05-08T16:31:06Z,2026-05-08T12:42:54Z,Top priority - high-volume gen-ed
TAX2000C,INCOME TAX ACCOUNTING,26,pushed,974,2026-05-06T20:39:28Z,2026-05-08T05:01:34Z,2026-05-08T01:17:44Z,Top priority - high-volume gen-ed
BSC1005L,GENERAL BIOLOGY LAB,25,pushed,975,2026-05-06T01:21:57.117979Z,2026-05-06T16:28:40Z,2026-05-06T12:43:12Z,High-volume gen-ed - top priority
BSC2086L,ANATOMY AND PHYSIOLOGY II LAB,25,pushed,975,2026-05-06T01:21:57.117979Z,2026-05-06T16:28:40Z,2026-05-06T12:43:12Z,High-volume gen-ed - top priority
CHM1046C,GENERAL CHEMISTRY II,25,pushed,975,2026-05-06T01:21:57.117979Z,2026-05-06T16:28:40Z,2026-05-06T12:43:12Z,High-volume gen-ed - top priority
CRW2001,CREATIVE WRITING,25,pushed,975,2026-05-06T20:39:28Z,2026-05-08T05:01:34Z,2026-05-08T01:17:44Z,Top priority - high-volume gen-ed
ENC2210,TECHNICAL WRITING,25,pushed,975,2026-05-06T01:21:57.117979Z,2026-05-06T16:28:40Z,2026-05-06T12:43:12Z,High-volume gen-ed - top priority
HUM1020,INTRODUCTION TO HUMANITIES,25,pushed,975,2026-05-06T01:21:57.117979Z,2026-05-06T17:00:02Z,2026-05-06T13:00:24Z,High-volume gen-ed - top priority
LIT2120,WORLD LITERATURE II,25,pushed,975,2026-05-06T01:21:57.117979Z,2026-05-06T17:00:02Z,2026-05-06T13:00:24Z,High-volume gen-ed - top priority
MVB1312,PRINCIPAL APPLIED FRENCH HORN,25,pushed,975,2026-05-06T20:39:28Z,2026-05-08T19:19:34Z,2026-05-08T15:46:19Z,Top priority - high-volume gen-ed
MVB1315,PRINCIPAL APPLIED TUBA,25,pushed,975,2026-05-06T20:39:28Z,2026-05-08T19:19:34Z,2026-05-08T15:46:19Z,Top priority - high-volume gen-ed
MVB2322,PRINCIPAL APPLIED FRENCH HORN,25,pushed,975,2026-05-06T20:39:28Z,2026-05-08T19:19:34Z,2026-05-08T15:46:19Z,Top priority - high-volume gen-ed
MVB2324,PRINCIPAL APPLIED BARITONE HORN,25,pushed,975,2026-05-06T20:39:28Z,2026-05-08T19:19:34Z,2026-05-08T15:46:19Z,Top priority - high-volume gen-ed
MVS1311,APPLIED MUSIC VIOLIN,25,pushed,975,2026-05-06T20:39:28Z,2026-05-08T19:19:34Z,2026-05-08T15:46:20Z,Top priority - high-volume gen-ed
MVS2326C,PRINCIPAL APPLIED GUITAR,25,pushed,975,2026-05-06T20:39:28Z,2026-05-08T19:19:34Z,2026-05-08T15:46:20Z,Top priority - high-volume gen-ed
MVW1315,PRINCIPAL APPLIED SAXOPHONE,25,pushed,975,2026-05-06T20:39:28Z,2026-05-08T20:03:24Z,2026-05-08T16:03:50Z,Top priority - high-volume gen-ed
MVW2322,PRINCIPAL APPLIED OBOE,25,pushed,975,2026-05-06T20:39:28Z,2026-05-08T20:03:24Z,2026-05-08T16:03:50Z,Top priority - high-volume gen-ed
MVW2324,PRINCIPAL APPLIED BASSOON,25,pushed,975,2026-05-06T20:39:28Z,2026-05-08T20:03:24Z,2026-05-08T16:03:50Z,Top priority - high-volume gen-ed
MVW2325,PRINCIPAL APPLIED SAXOPHONE,25,pushed,975,2026-05-06T20:39:28Z,2026-05-08T20:03:24Z,2026-05-08T16:03:50Z,Top priority - high-volume gen-ed
OTA0030C,Assistant Digital Production Designer,25,pushed,975,2026-05-06T20:39:28Z,2026-05-08T13:29:44Z,2026-05-08T12:42:55Z,Top priority - high-volume gen-ed
OTA0043C,Administrative Office Specialist,25,pushed,975,2026-05-06T20:39:28Z,2026-05-08T13:29:44Z,2026-05-08T12:42:55Z,Top priority - high-volume gen-ed
POS2112,STATE AND LOCAL GOVERNMENT,25,pushed,975,2026-05-06T01:21:57.117979Z,2026-05-06T17:00:02Z,2026-05-06T13:00:24Z,High-volume gen-ed - top priority
THE2000,THEATRE APPRECIATION,25,pushed,975,2026-05-06T01:21:57.117979Z,2026-05-06T17:00:02Z,2026-05-06T13:00:25Z,High-volume gen-ed - top priority
ACR0049,"Air Conditioning, Refrigeration and Heating Mechanic 2",24,pushed,976,2026-05-06T20:39:28Z,2026-05-08T00:19:18Z,2026-05-07T21:09:16Z,Next 75 batch
ART1203C,DESIGN II,24,pushed,976,2026-05-06T01:21:57.117979Z,2026-05-06T17:00:02Z,2026-05-06T13:00:25Z,High-volume gen-ed - top priority
ART2501C,PAINTING II,24,pushed,976,2026-05-06T01:21:57.117979Z,2026-05-06T17:16:08Z,2026-05-06T13:16:27Z,High-volume gen-ed - top priority
BSC2085L,ANATOMY AND PHYSIOLOGY I LAB,24,pushed,976,2026-05-06T01:21:57.117979Z,2026-05-06T17:16:08Z,2026-05-06T13:16:27Z,High-volume gen-ed - top priority
CJK0310,OFFICER SAFETY,24,pushed,976,2026-05-06T20:39:28Z,2026-05-08T05:11:26Z,2026-05-08T01:17:44Z,Next 75 batch
CLP2140,ABNORMAL PSYCHOLOGY,24,pushed,976,2026-05-06T20:39:28Z,2026-05-08T01:27:42Z,2026-05-07T21:31:14Z,Next 75 batch
EMS0110C,EMERGENCY MEDICAL TECHNICIAN,24,pushed,976,2026-05-06T20:39:28Z,2026-05-08T01:27:42Z,2026-08-30T17:53:33Z,Next 75 batch
HFT1000,INTRODUCTION TO HOSPITALITY MANAGEMENT,24,pushed,976,2026-05-06T20:39:28Z,2026-05-08T04:46:44Z,2026-05-08T01:17:45Z,Next 75 batch
HSC1531C,MEDICAL TERMINOLOGY,24,pushed,976,2026-05-06T01:21:57.117979Z,2026-05-06T17:16:08Z,2026-05-06T13:16:28Z,High-volume gen-ed - top priority
MUL2010,MUSIC APPRECIATION,24,pushed,976,2026-05-06T01:21:57.117979Z,2026-05-06T17:16:08Z,2026-05-06T13:16:28Z,High-volume gen-ed - top priority
MVB1313,PRINCIPAL APPLIED TROMBONE,24,pushed,976,2026-05-06T20:39:28Z,2026-05-09T15:31:26Z,2026-05-09T11:31:47Z,Next 75 batch
MVB1314,PRINCIPAL APPLIED BARITONE HORN,24,pushed,976,2026-05-06T20:39:28Z,2026-05-09T15:31:26Z,2026-05-09T11:31:47Z,Next 75 batch
MVK2121,CLASS PIANO III,24,pushed,976,2026-05-06T20:39:28Z,2026-05-08T16:31:06Z,2026-05-08T12:42:55Z,Next 75 batch
MVW1312,PRINCIPAL APPLIED OBOE,24,pushed,976,2026-05-06T20:39:28Z,2026-05-09T15:31:26Z,2026-05-09T11:31:47Z,Next 75 batch
PHI2600,INTRODUCTION TO ETHICS,24,pushed,976,2026-05-06T01:21:57.117979Z,2026-05-06T17:16:08Z,2026-05-06T13:16:28Z,High-volume gen-ed - top priority
RTE1503C,RADIOGRAPHIC PROCEDURES I,24,pushed,976,2026-05-06T20:39:28Z,2026-05-08T04:46:44Z,2026-05-08T01:17:45Z,Next 75 batch
RTE1513C,RADIOGRAPHIC PROCEDURES II,24,pushed,976,2026-05-06T20:39:28Z,2026-05-08T04:46:44Z,2026-05-08T01:17:45Z,Next 75 batch
CJE2600,CRIMINAL INVESTIGATION,23,pushed,977,2026-05-06T20:39:28Z,2026-05-08T00:19:18Z,2026-05-07T21:09:16Z,Next 75 batch
CJK0300,INTRODUCTION TO CORRECTIONS,23,pushed,977,2026-05-06T20:39:28Z,2026-05-08T05:01:34Z,2026-05-08T01:17:45Z,Next 75 batch
CJK0305,COMMUNICATIONS,23,pushed,977,2026-05-06T20:39:28Z,2026-05-08T05:11:26Z,2026-05-08T01:17:45Z,Next 75 batch
CJK0315,FACILITY AND EQUIPMENT,23,pushed,977,2026-05-06T20:39:28Z,2026-05-08T05:11:26Z,2026-05-08T01:17:46Z,Next 75 batch
CJK0320,INTAKE AND RELEASE,23,pushed,977,2026-05-06T20:39:28Z,2026-05-08T05:11:26Z,2026-05-08T01:17:46Z,Next 75 batch
CJK0325,SUPERVISING IN A CORRECTIONAL FACILITY,23,pushed,977,2026-05-06T20:39:28Z,2026-05-08T05:11:26Z,2026-05-08T01:17:46Z,Next 75 batch
CJK0330,SUPERVISING SPECIAL POPULATIONS,23,pushed,977,2026-08-30T17:19:57Z,2026-08-30T23:40:04Z,2026-08-30T23:45:45Z,Refill 2026-08-30
CJK0335,RESPONDING TO INCIDENTS AND EMERGENCIES,23,pushed,977,2026-08-30T17:19:57Z,2026-08-30T23:40:04Z,2026-08-30T23:45:45Z,Refill 2026-08-30
FFP2120C,BUILDING CONSTRUCTION FOR THE FIRE SERVICE,23,pushed,977,2026-08-30T17:19:57Z,2026-08-30T23:43:31Z,2026-08-30T23:45:46Z,Refill 2026-08-30
FIN3400,FINANCIAL MANAGEMENT,23,pushed,977,2026-08-30T17:19:57Z,2026-08-30T23:43:31Z,2026-08-30T23:45:46Z,Refill 2026-08-30
HSC0016C,Allied Health Assistant,23,pushed,977,2026-05-06T01:21:57.117979Z,2026-05-07T00:13:42Z,2026-05-06T20:14:43Z,High-volume gen-ed - top priority
MAN3025,PRINCIPLES OF MANAGEMENT,23,pushed,977,2026-08-30T17:19:57Z,2026-08-30T23:43:31Z,2026-08-30T23:45:46Z,Refill 2026-08-30
MEA0580C,Advanced Allied Health Assistant,23,pushed,977,2026-08-30T17:19:57Z,2026-08-31T00:00:46Z,2026-08-31T00:08:05Z,Refill 2026-08-30
MUT1241C,SIGHT SINGING AND EAR TRAINING I,23,pushed,977,2026-08-30T17:19:57Z,2026-08-31T00:03:52Z,2026-08-31T00:08:05Z,Refill 2026-08-30
NUR3805C,NURSING ROLE AND SCOPE,23,pushed,977,2026-08-30T17:19:57Z,2026-08-31T00:03:52Z,2026-08-31T00:08:05Z,Refill 2026-08-30
OCE1001C,INTRODUCTION TO OCEANOGRAPHY,23,pushed,977,2026-08-30T17:19:57Z,2026-08-31T00:03:52Z,2026-08-31T00:08:06Z,Refill 2026-08-30
PRN0094C,Patient Care Technician,23,pushed,977,2026-08-30T17:19:57Z,2026-08-31T00:00:26Z,2026-08-31T00:08:06Z,Refill 2026-08-30
SPC1017,SPEECH,23,pushed,977,2026-05-06T01:21:57.117979Z,2026-05-06T17:35:54Z,2026-05-06T13:36:14Z,High-volume gen-ed - top priority
SPC1608,PUBLIC SPEAKING,23,pushed,977,2026-05-06T01:21:57.117979Z,2026-05-06T17:35:54Z,2026-05-06T13:36:14Z,High-volume gen-ed - top priority
SYG2430,MARRIAGE AND THE FAMILY,23,pushed,977,2026-05-06T01:21:57.117979Z,2026-05-06T17:35:54Z,2026-05-06T13:36:14Z,High-volume gen-ed - top priority
MUN1310C,CONCERT CHOIR,23,skipped,977,2026-08-30T17:19:57Z,,,"Skipped - applied music/ensemble: individualized instruction, no meaningful statewide guide content"
MUN1710C,JAZZ ENSEMBLE,23,skipped,977,2026-08-30T17:19:57Z,,,"Skipped - applied music/ensemble: individualized instruction, no meaningful statewide guide content"
MVS1312,APPLIED MUSIC VIOLA,23,skipped,977,2026-08-30T17:19:57Z,,,"Skipped - applied music/ensemble: individualized instruction, no meaningful statewide guide content"
MVS1314C,PRINCIPAL APPLIED DOUBLE BASS,23,skipped,977,2026-08-30T17:19:57Z,,,"Skipped - applied music/ensemble: individualized instruction, no meaningful statewide guide content"
MVS2321C,PRINCIPAL APPLIED VIOLIN,23,skipped,977,2026-08-30T17:19:57Z,,,"Skipped - applied music/ensemble: individualized instruction, no meaningful statewide guide content"
MVS2324C,PRINCIPAL APPLIED DOUBLE BASS,23,skipped,977,2026-08-30T17:19:57Z,,,"Skipped - applied music/ensemble: individualized instruction, no meaningful statewide guide content"
MVW1313,PRINCIPAL APPLIED CLARINET,23,skipped,977,2026-08-30T17:19:57Z,,,"Skipped - applied music/ensemble: individualized instruction, no meaningful statewide guide content"
ASL1150C,AMERICAN SIGN LANGUAGE II,22,pushed,978,2026-05-12T13:02:27Z,2026-05-12T17:02:04Z,2026-05-12T13:02:44Z,(added by reconcile from orphan draft)
BSC1011C,GENERAL BIOLOGY II,22,pushed,978,2026-05-06T01:21:57.117979Z,2026-05-06T17:35:54Z,2026-05-06T13:36:15Z,High-volume gen-ed - top priority
CHM2045C,GENERAL CHEMISTRY I,22,pushed,978,2026-05-06T01:21:57.117979Z,2026-05-06T17:52:48Z,2026-05-06T13:55:28Z,High-volume gen-ed - top priority
COP1000C,INTRODUCTION TO COMPUTER PROGRAMMING,22,pushed,978,2026-05-06T00:57:17Z,2026-05-06T03:06:18Z,2026-05-06T00:57:28Z,(added by reconcile from orphan draft)
EMS1119C,EMERGENCY MEDICAL TECHNICIAN,22,pushed,978,2026-08-30T17:19:57Z,2026-09-04T00:14:39Z,2026-09-04T00:14:54Z,Refill 2026-08-30
LIT2110,WORLD LITERATURE I,22,pushed,978,2026-05-06T01:21:57.117979Z,2026-05-06T17:35:54Z,2026-05-06T13:36:15Z,High-volume gen-ed - top priority
MSL1001C,FOUNDATIONS OF OFFICERSHIP,22,pushed,978,2026-08-30T17:19:57Z,2026-09-03T16:01:04Z,2026-09-03T16:01:33Z,Refill 2026-08-30
MSL1002C,BASIC LEADERSHIP,22,pushed,978,2026-08-30T17:19:57Z,2026-09-03T16:01:04Z,2026-09-03T16:01:33Z,Refill 2026-08-30
MSL2101C,INDIVIDUAL LEADERSHIP STUDIES,22,pushed,978,2026-08-30T17:19:57Z,2026-09-03T16:01:04Z,2026-09-03T16:01:33Z,Refill 2026-08-30
MSL2102C,LEADERSHIP AND TEAMWORK,22,pushed,978,2026-08-30T17:19:57Z,2026-09-03T16:01:04Z,2026-09-03T16:01:33Z,Refill 2026-08-30
PCB3063C,GENETICS,22,pushed,978,2026-05-06T01:21:57.117979Z,2026-05-06T21:32:40Z,2026-05-06T17:34:56Z,High-volume gen-ed - top priority
MEA0002C,Introduction to Medical Assisting,22,skipped,978,2026-08-30T17:19:57Z,,,"skipped 2026-09-03 per Ron: no Daytona State catalog coverage, so no Tier-0 source. Deferred rather than abandoned - candidate for the request-driven queue once the Request Curriculum Guide feature is live, or for a later institution's build. PRIOR NOTE: Refill 2026-08-30"
MEA0520C,Phlebotomist,22,skipped,978,2026-08-30T17:19:57Z,,,"skipped 2026-09-03 per Ron: no Daytona State catalog coverage, so no Tier-0 source. Deferred rather than abandoned - candidate for the request-driven queue once the Request Curriculum Guide feature is live, or for a later institution's build. PRIOR NOTE: Refill 2026-08-30"
MVK1112C,CLASS PIANO II,22,skipped,978,2026-08-30T17:19:57Z,,,"Skipped - applied music/ensemble: individualized instruction, no meaningful statewide guide content"
MVS1313C,APPLIED MUSIC CELLO,22,skipped,978,2026-08-31T00:09:01Z,,,"Daytona State College project - skipped: applied music/ensemble, individualized instruction"
MVS2323C,PRINCIPAL APPLIED CELLO,22,skipped,978,2026-08-31T00:09:01Z,,,"Daytona State College project - skipped: applied music/ensemble, individualized instruction"
MVW1314,PRINCIPAL APPLIED BASSOON,22,skipped,978,2026-08-31T00:09:01Z,,,"Daytona State College project - skipped: applied music/ensemble, individualized instruction"
ARH2000,ART APPRECIATION,21,pushed,979,2026-05-06T01:21:57.117979Z,2026-05-06T17:52:48Z,2026-05-06T13:55:28Z,High-volume gen-ed - top priority
ASL1140C,AMERICAN SIGN LANGUAGE I,21,pushed,979,2026-05-12T13:02:27Z,2026-05-12T17:02:04Z,2026-05-12T13:02:44Z,(added by reconcile from orphan draft)
BSC1010C,GENERAL BIOLOGY I,21,pushed,979,2026-05-06T01:21:57.117979Z,2026-05-06T17:52:48Z,2026-05-06T13:55:28Z,High-volume gen-ed - top priority
BSC2010L,BIOLOGY I LABORATORY,21,pushed,979,2026-05-06T01:21:57.117979Z,2026-05-09T15:31:26Z,2026-05-09T11:31:47Z,High-volume gen-ed - top priority
BSC2011L,BIOLOGY II LABORATORY,21,pushed,979,2026-05-06T01:21:57.117979Z,2026-05-09T15:31:26Z,2026-05-09T11:31:48Z,High-volume gen-ed - top priority
CHM2046C,GENERAL CHEMISTRY II,21,pushed,979,2026-05-06T01:21:57.117979Z,2026-05-06T21:32:40Z,2026-05-06T17:34:56Z,High-volume gen-ed - top priority
ETM1010C,MECHANICAL MEASUREMENT AND INSTRUMENTATION,21,pushed,979,2026-05-04T00:33:01Z,2026-05-02T12:31:14Z,2026-05-02T12:31:14.391233+00:00,(added by reconcile from orphan draft)
HUM2020,INTRODUCTION TO HUMANITIES,21,pushed,979,2026-05-06T01:21:57.117979Z,2026-05-06T17:52:48Z,2026-05-06T13:55:28Z,High-volume gen-ed - top priority
MAD2104,DISCRETE MATHEMATICS,21,pushed,979,2026-05-06T01:21:57.117979Z,2026-05-06T18:59:02Z,2026-05-06T14:59:29Z,High-volume gen-ed - top priority
MAT0028C,DEVELOPMENTAL MATHEMATICS II,21,pushed,979,2026-05-06T01:21:57.117979Z,2026-05-07T00:13:42Z,2026-05-06T20:14:43Z,High-volume gen-ed - top priority
MVK1211,PIANO,21,skipped,979,2026-08-31T00:09:01Z,,,"Daytona State College project - skipped: applied music/ensemble, individualized instruction"
ART1301C,DRAWING II,20,pushed,980,2026-05-06T01:21:57.117979Z,2026-05-06T18:59:02Z,2026-05-06T14:59:30Z,High-volume gen-ed - top priority
CGS1060C,INTRODUCTION TO COMPUTERS,20,pushed,980,2026-05-06T01:21:57.117979Z,2026-05-06T18:59:02Z,2026-05-06T14:59:30Z,High-volume gen-ed - top priority
CGS1100C,MICROCOMPUTER APPLICATIONS,20,pushed,980,2026-05-06T01:21:57.117979Z,2026-05-06T18:59:02Z,2026-05-06T14:59:30Z,High-volume gen-ed - top priority
CHM1045L,GENERAL CHEMISTRY I LABORATORY,20,pushed,980,2026-05-06T01:21:57.117979Z,2026-05-09T15:46:58Z,2026-05-09T11:47:27Z,High-volume gen-ed - top priority
EEV0504,Computer Support Assistant,20,pushed,980,2026-05-04T00:33:00Z,2026-05-02T08:19:43Z,2026-05-04T00:33:31Z,(added by reconcile from orphan draft)
ETI1420C,MANUFACTURING PROCESSES AND MATERIALS,20,pushed,980,2026-05-04T00:33:00Z,2026-05-02T11:16:16Z,2026-05-02T11:16:16.690974+00:00,(added by reconcile from orphan draft)
MUL1010,MUSIC APPRECIATION,20,pushed,980,2026-05-06T01:21:57.117979Z,2026-05-06T21:32:40Z,2026-05-06T17:34:57Z,High-volume gen-ed - top priority
ISM3011C,MANAGEMENT INFORMATION SYSTEMS,20,skipped,980,2026-09-04T01:11:50Z,,,"UWF publishes no C-suffix entry for this number. UWF runs the course as a single 3sh offering with hands-on project work built in, published as ISM3011 e-Business Systems Fundamentals, which is live. Standing split-family rule."
ANT2410,CULTURAL ANTHROPOLOGY,19,pushed,981,2026-05-06T01:21:57.117979Z,2026-05-06T18:59:02Z,2026-05-06T14:59:30Z,High-volume gen-ed - top priority
ART2701C,SCULPTURE I,19,pushed,981,2026-05-06T01:21:57.117979Z,2026-05-06T20:05:34Z,2026-05-06T16:05:49Z,High-volume gen-ed - top priority
COP2800C,JAVA PROGRAMMING,19,pushed,981,2026-05-06T01:12:46Z,2026-05-06T05:12:28Z,2026-05-06T01:13:15Z,(added by reconcile from orphan draft)
CTS0029,Wireless Network Administrator,19,pushed,981,2026-05-12T13:02:28Z,2026-05-12T17:02:04Z,2026-05-12T13:02:44Z,(added by reconcile from orphan draft)
EEV0317,Data Communications Analyst,19,pushed,981,2026-05-04T00:33:00Z,2026-05-02T08:16:05Z,2026-05-04T00:33:31Z,(added by reconcile from orphan draft)
HUM2230,HUMANITIES II,19,pushed,981,2026-05-06T01:21:57.117979Z,2026-05-06T20:05:34Z,2026-05-06T16:05:49Z,High-volume gen-ed - top priority
PHY2053L,COLLEGE PHYSICS I LABORATORY,19,pushed,981,2026-05-06T01:21:57.117979Z,2026-05-09T15:46:58Z,2026-05-09T11:47:27Z,High-volume gen-ed - top priority
PHY2054L,COLLEGE PHYSICS II LABORATORY,19,pushed,981,2026-05-06T01:21:57.117979Z,2026-05-09T15:46:58Z,2026-05-09T11:47:27Z,High-volume gen-ed - top priority
MVV1111,CLASS VOICE,19,skipped,981,2026-08-31T00:09:01Z,,,"Daytona State College project - skipped: applied music/ensemble, individualized instruction"
MVV1211C,SECONDARY APPLIED VOICE,19,skipped,981,2026-08-31T00:09:01Z,,,"Daytona State College project - skipped: applied music/ensemble, individualized instruction"
ARH1000,ART APPRECIATION,18,pushed,982,2026-05-06T01:21:57.117979Z,2026-05-06T21:32:40Z,2026-05-06T17:34:57Z,High-volume gen-ed - top priority
ART2750C,CERAMICS I,18,pushed,982,2026-05-06T01:21:57.117979Z,2026-05-06T21:12:30Z,2026-05-06T17:13:35Z,High-volume gen-ed - top priority
CHM1046L,GENERAL CHEMISTRY II LAB,18,pushed,982,2026-05-06T01:21:57.117979Z,2026-05-06T23:47:02Z,2026-05-06T19:47:37Z,High-volume gen-ed - top priority
CHM2045L,GENERAL CHEMISTRY I LAB,18,pushed,982,2026-05-06T01:21:57.117979Z,2026-05-06T23:47:02Z,2026-05-06T19:47:37Z,High-volume gen-ed - top priority
CHM2046L,GENERAL CHEMISTRY II LAB,18,pushed,982,2026-05-06T01:21:57.117979Z,2026-05-06T23:47:02Z,2026-05-06T19:47:37Z,High-volume gen-ed - top priority
ETI1110C,INTRODUCTION TO QUALITY ASSURANCE,18,pushed,982,2026-05-04T00:33:00Z,2026-05-02T11:12:17Z,2026-05-02T11:12:17.371682+00:00,(added by reconcile from orphan draft)
GER1120C,ELEMENTARY GERMAN I,18,pushed,982,2026-05-06T01:21:57.117979Z,2026-05-06T21:12:30Z,2026-05-06T17:13:35Z,High-volume gen-ed - top priority
GER1121C,ELEMENTARY GERMAN II,18,pushed,982,2026-05-06T01:21:57.117979Z,2026-05-06T21:32:40Z,2026-05-06T17:34:57Z,High-volume gen-ed - top priority
GLY2010C,PHYSICAL GEOLOGY,18,pushed,982,2026-05-06T01:21:57.117979Z,2026-05-06T20:05:34Z,2026-05-06T16:05:49Z,High-volume gen-ed - top priority
HUM2210,STUDIES IN CULTURE: ANCIENT TO 17TH CENTURY,18,pushed,982,2026-05-06T01:21:57.117979Z,2026-05-06T21:12:30Z,2026-05-06T17:13:35Z,High-volume gen-ed - top priority
MAN3504,OPERATIONS MANAGEMENT,18,pushed,982,2026-09-04T01:11:50Z,2026-09-04T17:23:36Z,2026-09-04T17:29:37Z,test
MUS1010,STUDENT RECITAL,18,pushed,982,2026-05-06T01:21:57.117979Z,2026-05-06T23:47:02Z,2026-05-06T19:47:38Z,High-volume gen-ed - top priority
SPN2200,INTERMEDIATE SPANISH I,18,pushed,982,2026-05-06T01:21:57.117979Z,2026-05-06T20:05:34Z,2026-05-06T16:05:50Z,High-volume gen-ed - top priority
SPN2220C,INTERMEDIATE SPANISH I,18,pushed,982,2026-05-06T01:21:57.117979Z,2026-05-06T23:47:02Z,2026-05-06T19:47:38Z,High-volume gen-ed - top priority
MUN1120C,CONCERT BAND,18,skipped,982,2026-08-31T00:09:01Z,,,"Daytona State College project - skipped: applied music/ensemble, individualized instruction"
MVP1211,SECONDARY APPLIED PERCUSSION,18,skipped,982,2026-08-31T00:09:01Z,,,"Daytona State College project - skipped: applied music/ensemble, individualized instruction"
MVS1211,SECONDARY APPLIED VIOLIN,18,skipped,982,2026-08-31T00:09:01Z,,,"Daytona State College project - skipped: applied music/ensemble, individualized instruction"
MVS1216,SECONDARY GUITAR,18,skipped,982,2026-08-31T00:09:01Z,,,"Daytona State College project - skipped: applied music/ensemble, individualized instruction"
MVS2322,PRINCIPAL APPLIED VIOLA,18,skipped,982,2026-08-31T00:09:01Z,,,"Daytona State College project - skipped: applied music/ensemble, individualized instruction"
MVW1211,SECONDARY APPLIED FLUTE,18,skipped,982,2026-08-31T00:09:01Z,,,"Daytona State College project - skipped: applied music/ensemble, individualized instruction"
MVW1215,SECONDARY APPLIED SAXOPHONE,18,skipped,982,2026-08-31T00:09:01Z,,,"Daytona State College project - skipped: applied music/ensemble, individualized instruction"
AMH2091,SURVEY OF AFRICAN AMERICAN HISTORY,17,pushed,983,2026-05-06T01:21:57.117979Z,2026-05-06T20:05:34Z,2026-05-06T16:05:50Z,High-volume gen-ed - top priority
MAT0018C,DEVELOPMENTAL MATHEMATICS I,17,pushed,983,2026-05-06T01:21:57.117979Z,2026-05-07T00:13:42Z,2026-05-06T20:14:44Z,High-volume gen-ed - top priority
MCB2010L,MICROBIOLOGY LAB,17,pushed,983,2026-09-04T01:12:11Z,2026-09-04T16:10:11Z,2026-09-04T16:12:59Z,"UWF build 2026-09-04: non-shell, undergraduate (levels 1-4). Graduate 5xxx+ and x9xx shells excluded per the standing procedure in SOURCES.md."
MVK2122,CLASS PIANO IV,17,pushed,983,2026-09-04T01:12:11Z,2026-09-04T17:58:26Z,2026-09-04T17:58:36Z,"UWF build 2026-09-04: non-shell, undergraduate (levels 1-4). Graduate 5xxx+ and x9xx shells excluded per the standing procedure in SOURCES.md."
PGY2401C,PHOTOGRAPHY I,17,pushed,983,2026-09-04T01:12:11Z,2026-09-04T17:58:26Z,2026-09-04T17:58:36Z,"UWF build 2026-09-04: non-shell, undergraduate (levels 1-4). Graduate 5xxx+ and x9xx shells excluded per the standing procedure in SOURCES.md."
PHI2100,INTRODUCTION TO LOGIC,17,pushed,983,2026-05-12T13:02:31Z,2026-05-12T17:02:04Z,2026-05-12T13:02:45Z,(added by reconcile from orphan draft)
SPN2201,INTERMEDIATE SPANISH II,17,pushed,983,2026-05-12T13:02:31Z,2026-05-12T17:02:04Z,2026-05-12T13:02:45Z,(added by reconcile from orphan draft)
WOH1022,WORLD HISTORY SINCE 1500,17,pushed,983,2026-05-12T20:36:14Z,2026-05-12T21:13:50Z,2026-05-12T20:36:25Z,(added by reconcile from orphan draft)
MAN4900,CAPSTONE PROJECT IN SUPERVISION AND MANAGEMENT,17,skipped,983,2026-08-31T00:09:01Z,,,Daytona State College project - skipped: shell course (internship/special topics/thesis etc.)
MCB3020C,MICROBIOLOGY,17,skipped,983,2026-09-04T01:12:11Z,,,"UWF publishes no C-suffix entry for this number. The UWF halves are published separately and are live: MCB3020/MCB3020L, MCB1000/MCB1000L, and MCB4203 (lecture only - UWF publishes no laboratory for it). Standing split-family rule, Tools/CLAUDE.md."
MUN1340C,VOCAL ENSEMBLE,17,skipped,983,2026-08-31T00:09:01Z,,,"Daytona State College project - skipped: applied music/ensemble, individualized instruction"
MVK2221,PIANO,17,skipped,983,2026-08-31T00:09:01Z,,,"Daytona State College project - skipped: applied music/ensemble, individualized instruction"
MVS1116C,CLASS GUITAR,17,skipped,983,2026-08-31T00:09:01Z,,,"Daytona State College project - skipped: applied music/ensemble, individualized instruction"
MVV2221,SECONDARY APPLIED VOICE,17,skipped,983,2026-08-31T00:09:01Z,,,"Daytona State College project - skipped: applied music/ensemble, individualized instruction"
MVW1213,SECONDARY APPLIED CLARINET,17,skipped,983,2026-08-31T00:09:01Z,,,"Daytona State College project - skipped: applied music/ensemble, individualized instruction"
TPP2110C,ACTING I,17,skipped,983,2026-09-04T01:12:11Z,,,UWF publishes TPP2110 Acting I with no C suffix; both forms are studio-format and the suffix difference is a filing decision. TPP2110 is live. See the arts-suffix note in the guide.
AML2600,AFRICAN AMERICAN LITERATURE,16,pushed,984,2026-05-12T20:36:09Z,2026-05-12T21:13:50Z,2026-05-12T20:36:25Z,(added by reconcile from orphan draft)
ART2330C,LIFE DRAWING,16,pushed,984,2026-05-12T20:36:09Z,2026-05-12T21:13:50Z,2026-05-12T20:36:25Z,(added by reconcile from orphan draft)
CHM3120C,ANALYTICAL CHEMISTRY,16,pushed,984,2026-05-12T20:36:10Z,2026-05-12T21:13:50Z,2026-05-12T20:36:25Z,(added by reconcile from orphan draft)
COP2360C,C# PROGRAMMING,16,pushed,984,2026-05-06T01:12:46Z,2026-05-06T05:12:28Z,2026-05-06T01:13:16Z,(added by reconcile from orphan draft)
CPO2002,COMPARATIVE GOVERNMENT,16,pushed,984,2026-09-04T01:12:11Z,2026-09-04T20:14:52Z,2026-09-04T20:15:02Z,"UWF build 2026-09-04: non-shell, undergraduate (levels 1-4). Graduate 5xxx+ and x9xx shells excluded per the standing procedure in SOURCES.md."
ETD1320C,INTRODUCTION TO AUTOCAD,16,pushed,984,2026-05-04T00:33:00Z,2026-05-02T10:28:03Z,2026-05-02T10:28:03.925071+00:00,(added by reconcile from orphan draft)
ETM2315C,HYDRAULICS AND PNEUMATICS,16,pushed,984,2026-05-04T00:33:01Z,2026-05-02T12:43:31Z,2026-05-02T12:43:31.193999+00:00,(added by reconcile from orphan draft)
EUH1000,WESTERN CIVILIZATION I,16,pushed,984,2026-05-12T20:36:13Z,2026-05-12T21:13:50Z,2026-05-12T20:36:25Z,(added by reconcile from orphan draft)
TAX4001,FEDERAL TAX ACCOUNTING I,16,pushed,984,2026-09-04T01:12:11Z,2026-09-04T20:14:52Z,2026-09-04T20:15:02Z,"UWF build 2026-09-04: non-shell, undergraduate (levels 1-4). Graduate 5xxx+ and x9xx shells excluded per the standing procedure in SOURCES.md."
MVB1211,SECONDARY FRESHMAN TRUMPET,16,skipped,984,2026-08-31T00:09:01Z,,,"Daytona State College project - skipped: applied music/ensemble, individualized instruction"
MVB1212,FRENCH HORN,16,skipped,984,2026-08-31T00:09:01Z,,,"Daytona State College project - skipped: applied music/ensemble, individualized instruction"
MVB1213,SECONDARY FRESHMAN TROMBONE,16,skipped,984,2026-08-31T00:09:01Z,,,"Daytona State College project - skipped: applied music/ensemble, individualized instruction"
MVB1215,SECONDARY FRESHMAN TUBA,16,skipped,984,2026-08-31T00:09:01Z,,,"Daytona State College project - skipped: applied music/ensemble, individualized instruction"
MVS1212,VIOLA,16,skipped,984,2026-08-31T00:09:01Z,,,"Daytona State College project - skipped: applied music/ensemble, individualized instruction"
ETS1542C,INTRODUCTION TO PROGRAMMABLE LOGIC CONTROLLERS,15,pushed,985,2026-05-04T00:33:01Z,2026-05-02T13:50:43Z,2026-05-02T13:50:43.767568+00:00,(added by reconcile from orphan draft)
HUN2201,FUNDAMENTALS OF HUMAN NUTRITION,15,pushed,985,2026-09-04T01:12:11Z,2026-09-04T23:47:39Z,2026-09-04T23:48:49Z,"UWF build 2026-09-04: non-shell, undergraduate (levels 1-4). Graduate 5xxx+ and x9xx shells excluded per the standing procedure in SOURCES.md."
MAN3301,HUMAN RESOURCE MANAGEMENT,15,pushed,985,2026-09-04T01:12:11Z,2026-09-04T17:23:36Z,2026-09-04T17:29:38Z,"UWF build 2026-09-04: non-shell, undergraduate (levels 1-4). Graduate 5xxx+ and x9xx shells excluded per the standing procedure in SOURCES.md."
PSY3213C,RESEARCH METHODS IN PSYCHOLOGY,15,pushed,985,2026-09-04T01:12:11Z,2026-09-04T23:47:39Z,2026-09-04T23:48:49Z,"UWF build 2026-09-04: non-shell, undergraduate (levels 1-4). Graduate 5xxx+ and x9xx shells excluded per the standing procedure in SOURCES.md."
ANT2511C,INTRODUCTION TO PHYSICAL ANTHROPOLOGY,15,skipped,985,2026-09-04T01:12:11Z,,,UWF runs the split family; covered by ANT2511 + ANT2511L (both published). Batch 124 rule.
MVK1313,ORGAN,15,skipped,985,2026-08-31T00:09:01Z,,,"Daytona State College project - skipped: applied music/ensemble, individualized instruction"
MVK2323,ORGAN,15,skipped,985,2026-08-31T00:09:01Z,,,"Daytona State College project - skipped: applied music/ensemble, individualized instruction"
MVS1213,SECONDARY FRESHMAN CELLO,15,skipped,985,2026-08-31T00:09:01Z,,,"Daytona State College project - skipped: applied music/ensemble, individualized instruction"
MVW1212,SECONDARY APPLIED OBOE,15,skipped,985,2026-08-31T00:09:01Z,,,"Daytona State College project - skipped: applied music/ensemble, individualized instruction"
MVW1214,SECONDARY APPLIED BASSOON,15,skipped,985,2026-08-31T00:09:01Z,,,"Daytona State College project - skipped: applied music/ensemble, individualized instruction"
COP2224C,PROGRAMMING IN C++,14,pushed,986,2026-05-06T01:12:46Z,2026-05-06T05:12:28Z,2026-05-06T01:13:16Z,(added by reconcile from orphan draft)
COP3530C,DATA STRUCTURES,14,pushed,986,2026-05-06T01:12:46Z,2026-05-06T05:12:28Z,2026-05-06T01:13:16Z,(added by reconcile from orphan draft)
ETD2364C,INTRODUCTION TO SOLIDWORKS,14,pushed,986,2026-05-04T00:33:00Z,2026-05-02T10:28:06Z,2026-05-02T10:28:06.397211+00:00,(added by reconcile from orphan draft)
EUH1001,WESTERN CIVILIZATION II,14,pushed,986,2026-09-04T01:12:11Z,2026-09-04T23:47:39Z,2026-09-04T23:48:49Z,"UWF build 2026-09-04: non-shell, undergraduate (levels 1-4). Graduate 5xxx+ and x9xx shells excluded per the standing procedure in SOURCES.md."
HSC2100,PERSONAL AND COMMUNITY HEALTH,14,pushed,986,2026-09-04T01:12:11Z,2026-09-04T15:33:26Z,2026-09-04T15:33:37Z,"UWF build 2026-09-04: non-shell, undergraduate (levels 1-4). Graduate 5xxx+ and x9xx shells excluded per the standing procedure in SOURCES.md."
MAE4310,CONTENT AND METHODS OF TEACHING ELEMENTARY MATHEMATICS,14,pushed,986,2026-09-04T01:12:11Z,2026-09-04T23:48:03Z,2026-09-04T23:48:50Z,"UWF build 2026-09-04: non-shell, undergraduate (levels 1-4). Graduate 5xxx+ and x9xx shells excluded per the standing procedure in SOURCES.md."
MVB1214,SECONDARY FRESHMAN BARITONE HORN,14,skipped,986,2026-08-31T00:09:01Z,,,"Daytona State College project - skipped: applied music/ensemble, individualized instruction"
MVB2221,SECONDARY SOPHOMORE TRUMPET,14,skipped,986,2026-08-31T00:09:01Z,,,"Daytona State College project - skipped: applied music/ensemble, individualized instruction"
MVB2223,SECONDARY SOPHOMORE TROMBONE,14,skipped,986,2026-08-31T00:09:01Z,,,"Daytona State College project - skipped: applied music/ensemble, individualized instruction"
MVB2224,SECONDARY SOPHOMORE BARITONE HORN,14,skipped,986,2026-08-31T00:09:01Z,,,"Daytona State College project - skipped: applied music/ensemble, individualized instruction"
MVB2225,TUBA,14,skipped,986,2026-08-31T00:09:01Z,,,"Daytona State College project - skipped: applied music/ensemble, individualized instruction"
MVP2221,SECONDARY APPLIED PERCUSSION,14,skipped,986,2026-08-31T00:09:01Z,,,"Daytona State College project - skipped: applied music/ensemble, individualized instruction"
MVS1214,SECONDARY APPLIED DOUBLE BASS,14,skipped,986,2026-08-31T00:09:01Z,,,"Daytona State College project - skipped: applied music/ensemble, individualized instruction"
MVS2221,VIOLIN,14,skipped,986,2026-08-31T00:09:01Z,,,"Daytona State College project - skipped: applied music/ensemble, individualized instruction"
MVS2222C,SECONDARY APPLIED VIOLA,14,skipped,986,2026-08-31T00:09:01Z,,,"Daytona State College project - skipped: applied music/ensemble, individualized instruction"
MVW2221,SECONDARY APPLIED FLUTE,14,skipped,986,2026-08-31T00:09:01Z,,,"Daytona State College project - skipped: applied music/ensemble, individualized instruction"
MVW2223,SECONDARY APPLIED CLARINET,14,skipped,986,2026-08-31T00:09:01Z,,,"Daytona State College project - skipped: applied music/ensemble, individualized instruction"
PCB4233C,IMMUNOLOGY,14,skipped,986,2026-09-04T01:12:11Z,,,"UWF publishes no C-suffix entry for this number. The UWF halves are published separately and both are live: the lecture and the L laboratory (batches 134-135). Standing split-family rule, Tools/CLAUDE.md."
PHT2931,TRENDS IN PHYSICAL THERAPY,14,skipped,986,2026-08-31T00:09:01Z,,,Daytona State College project - skipped: shell course (internship/special topics/thesis etc.)
BCN2405C,CONSTRUCTION MECHANICS,13,pushed,987,2026-09-04T01:12:11Z,2026-09-05T00:05:05Z,2026-09-05T00:05:18Z,"UWF build 2026-09-04: non-shell, undergraduate (levels 1-4). Graduate 5xxx+ and x9xx shells excluded per the standing procedure in SOURCES.md."
BSC4434C,INTRODUCTION TO BIOINFORMATICS,13,pushed,987,2026-09-04T01:12:11Z,2026-09-04T23:47:39Z,2026-09-04T23:48:50Z,"UWF build 2026-09-04: non-shell, undergraduate (levels 1-4). Graduate 5xxx+ and x9xx shells excluded per the standing procedure in SOURCES.md."
CET1600C,NETWORK FUNDAMENTALS,13,pushed,987,2026-05-04T00:32:59Z,2026-05-02T02:55:07Z,2026-05-04T00:33:32Z,(added by reconcile from orphan draft)
GEA2000,WORLD REGIONAL GEOGRAPHY,13,pushed,987,2026-09-04T01:12:11Z,2026-09-05T00:05:05Z,2026-09-05T00:05:18Z,"UWF build 2026-09-04: non-shell, undergraduate (levels 1-4). Graduate 5xxx+ and x9xx shells excluded per the standing procedure in SOURCES.md."
HSA3111,US HEALTH CARE SYSTEMS,13,pushed,987,2026-09-04T01:12:11Z,2026-09-05T00:05:05Z,2026-09-05T00:05:18Z,"UWF build 2026-09-04: non-shell, undergraduate (levels 1-4). Graduate 5xxx+ and x9xx shells excluded per the standing procedure in SOURCES.md."
MAN4350,TRAINING AND DEVELOPMENT,13,pushed,987,2026-09-04T01:12:11Z,2026-09-04T17:25:04Z,2026-09-04T17:29:38Z,"UWF build 2026-09-04: non-shell, undergraduate (levels 1-4). Graduate 5xxx+ and x9xx shells excluded per the standing procedure in SOURCES.md."
MUN1440C,PERCUSSION ENSEMBLE,13,skipped,987,2026-08-31T00:09:01Z,,,"Daytona State College project - skipped: applied music/ensemble, individualized instruction"
MVB2222,FRENCH HORN,13,skipped,987,2026-08-31T00:09:01Z,,,"Daytona State College project - skipped: applied music/ensemble, individualized instruction"
MVS2226C,SECONDARY APPLIED GUITAR,13,skipped,987,2026-08-31T00:09:01Z,,,"Daytona State College project - skipped: applied music/ensemble, individualized instruction"
MVW2225,SECONDARY APPLIED SAXOPHONE,13,skipped,987,2026-08-31T00:09:01Z,,,"Daytona State College project - skipped: applied music/ensemble, individualized instruction"
ACR0560C,Residential Air Conditioning 1,,pushed,988,2026-05-08T00:00:00Z,2026-05-08T20:46:08Z,2026-05-08T16:47:14Z,Military Credits Equivalency Project
AER0001,"Intro to Automotive Industry, Safety, and Tools",,pushed,988,2026-05-08T00:00:00Z,2026-05-09T15:46:58Z,2026-05-09T11:47:27Z,Military Credits Equivalency Project
AER0311C,Fundamentals of Electrical and Electronics 1,,pushed,988,2026-05-08T00:00:00Z,2026-05-08T20:46:08Z,2026-05-08T16:47:14Z,Military Credits Equivalency Project
AER0393C,Automotive Manual Drivetrains 2,,pushed,988,2026-05-08T00:00:00Z,2026-05-08T20:46:08Z,2026-05-08T16:47:14Z,Military Credits Equivalency Project
AER2081C,Basic Skills and Safety,,pushed,988,2026-05-08T00:00:00Z,2026-05-08T20:46:08Z,2026-05-08T16:47:15Z,Military Credits Equivalency Project
AMT0700,Aviation General Maintenance Technician Helper,5,pushed,988,2026-05-08T00:00:00Z,2026-05-08T20:46:08Z,2026-05-08T16:47:15Z,Military Credits Equivalency Project
AMT0733C,Aviation Maintenance Technology Airframe IV,,pushed,988,2026-05-08T00:00:00Z,2026-05-08T20:53:30Z,2026-05-08T16:53:56Z,Military Credits Equivalency Project
AMT0824,Aviation Maintenance Technology Powerplant 4,,pushed,988,2026-05-08T00:00:00Z,2026-05-08T20:53:30Z,2026-05-08T16:53:56Z,Military Credits Equivalency Project
AMT1093,Fundamentals of Electricity,,pushed,988,2026-05-08T00:00:00Z,2026-05-08T20:53:30Z,2026-05-08T16:53:56Z,Military Credits Equivalency Project
AMT1241C,Communications and Navigation Systems,,pushed,988,2026-05-08T00:00:00Z,2026-05-08T20:53:30Z,2026-05-08T16:53:56Z,Military Credits Equivalency Project
AMT1261,Avionics Line Maintenance Fundamentals,,pushed,988,2026-05-08T00:00:00Z,2026-05-08T20:53:30Z,2026-05-08T16:53:56Z,Military Credits Equivalency Project
AMT1261L,Avionics Line Maintenance Fundamentals Lab,,pushed,988,2026-05-08T00:00:00Z,2026-05-09T05:39:12Z,2026-05-09T01:39:44Z,Military Credits Equivalency Project
AMT1313C,Turbine Engines,,pushed,988,2026-05-08T00:00:00Z,2026-05-09T05:39:12Z,2026-05-09T01:39:45Z,Military Credits Equivalency Project
AMT1774C,Aviation Maintenance Technology Powerplant IV,,pushed,988,2026-05-08T00:00:00Z,2026-05-09T05:39:12Z,2026-05-09T01:39:45Z,Military Credits Equivalency Project
AMT2262C,Avionics Line Maintenance Operations,,pushed,988,2026-05-08T00:00:00Z,2026-05-09T05:39:12Z,2026-05-09T01:39:45Z,Military Credits Equivalency Project
ASC1560,Introduction to Unmanned Vehicle Systems,,pushed,988,2026-05-08T00:00:00Z,2026-05-09T05:39:12Z,2026-05-09T01:39:45Z,Military Credits Equivalency Project
ASC2053,Space Transportation System,,pushed,988,2026-05-08T00:00:00Z,2026-05-09T05:45:40Z,2026-05-09T01:45:53Z,Military Credits Equivalency Project
AVS0091C,Avionics Installer,3,pushed,988,2026-05-08T00:00:00Z,2026-05-09T05:45:40Z,2026-05-09T01:45:53Z,Military Credits Equivalency Project
AVS0092C,Avionics Communications System Technician,3,pushed,988,2026-05-08T00:00:00Z,2026-05-09T05:45:40Z,2026-05-09T01:45:53Z,Military Credits Equivalency Project
AVS0093C,Avionics Technician,3,pushed,988,2026-05-08T00:00:00Z,2026-05-09T05:45:40Z,2026-05-09T01:45:54Z,Military Credits Equivalency Project
AVS0680,Basic Electronics Wiring Installer/Technician,,pushed,988,2026-05-08T00:00:00Z,2026-05-09T15:46:58Z,2026-05-09T11:47:27Z,Military Credits Equivalency Project
AVS0682,Analog Circuits Technician,,pushed,988,2026-05-08T00:00:00Z,2026-05-11T01:19:08Z,2026-05-10T21:19:26Z,Military Credits Equivalency Project
AVS0683,AIRCRAFT ELECTRONICS TECHNICIAN,2,pushed,988,2026-05-08T00:00:00Z,2026-05-09T05:45:40Z,2026-05-09T01:45:54Z,Military Credits Equivalency Project
AVS1001,INTRODUCTION TO AVIONICS,2,pushed,988,2026-05-08T00:00:00Z,2026-05-09T05:52:20Z,2026-05-09T01:52:34Z,Military Credits Equivalency Project
BCN2241,Construction Operations,,pushed,988,2026-05-08T00:00:00Z,2026-05-09T05:52:20Z,2026-05-09T01:52:35Z,Military Credits Equivalency Project
BCN3240,Construction Equipment and Operations,,pushed,988,2026-05-08T00:00:00Z,2026-05-09T05:52:20Z,2026-05-09T01:52:35Z,Military Credits Equivalency Project
BCN4240,Construction Equipment,,pushed,988,2026-05-08T00:00:00Z,2026-05-09T05:52:20Z,2026-05-09T01:52:35Z,Military Credits Equivalency Project
BCV0601C,Electrician Helper II,,pushed,988,2026-05-08T00:00:00Z,2026-05-09T05:52:20Z,2026-05-09T01:52:35Z,Military Credits Equivalency Project
BCV0602,Introduction to Electricity,,pushed,988,2026-05-08T00:00:00Z,2026-05-09T05:58:18Z,2026-05-09T01:59:07Z,Military Credits Equivalency Project
BCV0611C,Electrician Helper I,,pushed,988,2026-05-08T00:00:00Z,2026-05-09T05:58:18Z,2026-05-09T01:59:07Z,Military Credits Equivalency Project
BCV0667,Industrial Electrician,,pushed,988,2026-05-08T00:00:00Z,2026-05-11T01:19:08Z,2026-05-10T21:19:27Z,Military Credits Equivalency Project
CET1176,Computer Maintenance and Repair,,pushed,988,2026-05-08T00:00:00Z,2026-05-09T05:58:18Z,2026-05-09T01:59:07Z,Military Credits Equivalency Project
CET1610C,SWITCHING - ROUTING - AND WIRELESS ESSENTIALS,12,pushed,988,2026-05-04T00:32:59Z,2026-05-02T02:56:53Z,2026-05-04T00:33:32Z,(added by reconcile from orphan draft)
CJK0093,Critical Incidents,,pushed,988,2026-05-08T00:00:00Z,2026-05-09T05:58:18Z,2026-05-09T01:59:07Z,Military Credits Equivalency Project
ECO3101,INTERMEDIATE MICROECONOMICS,12,pushed,988,2026-09-04T01:12:11Z,2026-09-05T00:05:05Z,2026-09-05T00:05:18Z,"UWF build 2026-09-04: non-shell, undergraduate (levels 1-4). Graduate 5xxx+ and x9xx shells excluded per the standing procedure in SOURCES.md."
ECT4815,Vocational Shop Management and Safety,,pushed,988,2026-05-08T00:00:00Z,2026-05-09T14:58:32Z,2026-05-09T10:58:52Z,Military Credits Equivalency Project
EEL3115L,Laboratory I,,pushed,988,2026-05-08T00:00:00Z,2026-05-09T14:25:36Z,2026-05-09T10:26:21Z,Military Credits Equivalency Project
EEL4508,Satellite Communications,,pushed,988,2026-05-08T00:00:00Z,2026-05-09T14:33:34Z,2026-05-09T10:33:56Z,Military Credits Equivalency Project
EEL4514,Communication Systems and Components,,pushed,988,2026-05-08T00:00:00Z,2026-05-09T14:33:34Z,2026-05-09T10:33:56Z,Military Credits Equivalency Project
EEL4580,Wireless and Mobile Communications,,pushed,988,2026-05-08T00:00:00Z,2026-05-09T14:33:34Z,2026-05-09T10:33:56Z,Military Credits Equivalency Project
EEL4596,Advanced Topics in Communications,,pushed,988,2026-05-08T00:00:00Z,2026-05-09T14:33:34Z,2026-05-09T10:33:56Z,Military Credits Equivalency Project
EEL6509,Digital Satellite Communication,,pushed,988,2026-05-08T00:00:00Z,2026-05-09T14:33:34Z,2026-05-09T10:33:56Z,Military Credits Equivalency Project
EET1084C,INTRODUCTION TO ELECTRONICS,21,pushed,988,2026-05-08T00:00:00Z,2026-05-09T14:42:14Z,2026-05-09T10:42:40Z,Military Credits Equivalency Project
EEV0140,Turbine Generator Maintenance Technician I,,pushed,988,2026-05-08T00:00:00Z,2026-05-11T01:19:08Z,2026-08-30T17:53:33Z,Military Credits Equivalency Project
EEV0141,Turbine Generator Maintenance Technician II,,pushed,988,2026-05-08T00:00:00Z,2026-05-11T01:00:14Z,2026-08-30T17:53:34Z,Military Credits Equivalency Project
EEV0570L,Network Support Services I Lab,,pushed,988,2026-05-08T00:00:00Z,2026-05-11T01:00:14Z,2026-05-10T21:01:22Z,Military Credits Equivalency Project
ETI0302,Industrial Machinery Maintenance Assistant II,,pushed,988,2026-05-08T00:00:00Z,2026-05-09T14:42:14Z,2026-05-09T10:42:40Z,Military Credits Equivalency Project
ETI1701C,INDUSTRIAL SAFETY,23,pushed,988,2026-05-08T00:00:00Z,2026-05-09T14:42:14Z,2026-05-09T10:42:40Z,Military Credits Equivalency Project
ETI1810C,Introduction to Electricity and Electronics,,pushed,988,2026-05-08T00:00:00Z,2026-05-09T14:42:14Z,2026-05-09T10:42:41Z,Military Credits Equivalency Project
ETI1837,Aerospace Mechanics and Mechanical Systems,,pushed,988,2026-05-08T00:00:00Z,2026-05-09T14:42:14Z,2026-05-09T10:42:41Z,Military Credits Equivalency Project
ETM1005C,Basic Mechanical Operations,,pushed,988,2026-05-08T00:00:00Z,2026-05-09T14:58:32Z,2026-05-09T10:58:52Z,Military Credits Equivalency Project
ETP0173,Trucks and Excavation Equipment,,pushed,988,2026-05-08T00:00:00Z,2026-05-09T14:58:32Z,2026-05-09T10:58:52Z,Military Credits Equivalency Project
ETS1535C,AUTOMATED PROCESS CONTROL,12,pushed,988,2026-05-04T00:33:01Z,2026-05-02T13:46:42Z,2026-05-02T13:46:42.776296+00:00,(added by reconcile from orphan draft)
EVS3654,Hazardous Waste Management,,pushed,988,2026-05-08T00:00:00Z,2026-05-09T14:58:32Z,2026-05-09T10:58:52Z,Military Credits Equivalency Project
HSA3170,HEALTH CARE FINANCE,12,pushed,988,2026-09-04T01:12:11Z,2026-09-05T00:05:05Z,2026-09-05T00:05:19Z,"UWF build 2026-09-04: non-shell, undergraduate (levels 1-4). Graduate 5xxx+ and x9xx shells excluded per the standing procedure in SOURCES.md."
LAH2020,LATIN AMERICAN HISTORY,12,pushed,988,2026-09-04T01:12:11Z,2026-09-05T00:27:03Z,2026-09-05T00:27:13Z,"UWF build 2026-09-04: non-shell, undergraduate (levels 1-4). Graduate 5xxx+ and x9xx shells excluded per the standing procedure in SOURCES.md."
MAA4402,COMPLEX VARIABLES,12,pushed,988,2026-09-04T01:12:11Z,2026-09-05T00:27:03Z,2026-09-05T00:27:13Z,"UWF build 2026-09-04: non-shell, undergraduate (levels 1-4). Graduate 5xxx+ and x9xx shells excluded per the standing procedure in SOURCES.md."
MAN3554,Safety and Risk Management,,pushed,988,2026-05-08T00:00:00Z,2026-05-09T14:58:32Z,2026-05-09T10:58:53Z,Military Credits Equivalency Project
MAS4301,ABSTRACT ALGEBRA I,12,pushed,988,2026-09-04T01:12:11Z,2026-09-05T00:27:03Z,2026-09-05T00:27:13Z,"UWF build 2026-09-04: non-shell, undergraduate (levels 1-4). Graduate 5xxx+ and x9xx shells excluded per the standing procedure in SOURCES.md."
MUM2603,STUDIO MAINTENANCE,3,pushed,988,2026-05-08T00:00:00Z,2026-05-09T15:10:10Z,2026-05-09T11:10:31Z,Military Credits Equivalency Project
NUR4165,NURSING RESEARCH,12,pushed,988,2026-09-04T01:12:11Z,2026-09-04T14:14:59Z,2026-09-04T14:15:16Z,"UWF build 2026-09-04: non-shell, undergraduate (levels 1-4). Graduate 5xxx+ and x9xx shells excluded per the standing procedure in SOURCES.md."
PCB3063L,GENETICS LAB,12,pushed,988,2026-09-04T01:12:11Z,2026-09-04T15:55:43Z,2026-09-04T15:56:01Z,"UWF build 2026-09-04: non-shell, undergraduate (levels 1-4). Graduate 5xxx+ and x9xx shells excluded per the standing procedure in SOURCES.md."
PHY5817L,Building Physics Apparatus,,pushed,988,2026-05-08T00:00:00Z,2026-05-09T15:10:10Z,2026-05-09T11:10:31Z,Military Credits Equivalency Project
TCN5010,Telecommunications Technology and Applications,,pushed,988,2026-05-08T00:00:00Z,2026-05-09T15:10:10Z,2026-05-09T11:10:31Z,Military Credits Equivalency Project
TDR0070,Blueprint Reader,12,pushed,988,2026-05-04T00:33:01Z,2026-05-02T14:50:27Z,2026-05-04T00:33:32Z,(added by reconcile from orphan draft)
TRA0087,Offroad Equipment Operator 1,,pushed,988,2026-05-08T00:00:00Z,2026-05-09T15:10:10Z,2026-05-09T11:10:32Z,Military Credits Equivalency Project
TTE5255,Basic Traffic Signal Operation,,pushed,988,2026-05-08T00:00:00Z,2026-05-09T15:10:10Z,2026-05-09T11:10:32Z,Military Credits Equivalency Project
EEV0571,Network Support Services II,,skipped,988,2026-05-08T00:00:00Z,,,"skipped 2026-09-03 per Ron: no Daytona State catalog coverage, so no Tier-0 source. Deferred rather than abandoned - candidate for the request-driven queue once the Request Curriculum Guide feature is live, or for a later institution's build. PRIOR NOTE: Military Credits Equivalency Project"
MUN1430C,BRASS ENSEMBLE,12,skipped,988,2026-08-31T00:09:01Z,,,"Daytona State College project - skipped: applied music/ensemble, individualized instruction"
MVS2223C,SECONDARY SOPHOMORE CELLO,12,skipped,988,2026-08-31T00:09:01Z,,,"Daytona State College project - skipped: applied music/ensemble, individualized instruction"
MVW2224,SECONDARY APPLIED BASSOON,12,skipped,988,2026-08-31T00:09:01Z,,,"Daytona State College project - skipped: applied music/ensemble, individualized instruction"
CCJ3666,VICTIMOLOGY,11,pushed,989,2026-09-04T01:12:11Z,2026-09-05T00:27:03Z,2026-09-05T00:27:13Z,"UWF build 2026-09-04: non-shell, undergraduate (levels 1-4). Graduate 5xxx+ and x9xx shells excluded per the standing procedure in SOURCES.md."
CJL3510,COURTS AND THE CRIMINAL JUSTICE SYSTEM,11,pushed,989,2026-09-04T01:12:11Z,2026-09-05T00:51:44Z,2026-09-05T00:51:52Z,"UWF build 2026-09-04: non-shell, undergraduate (levels 1-4). Graduate 5xxx+ and x9xx shells excluded per the standing procedure in SOURCES.md."
COP2805C,ADVANCED JAVA PROGRAMMING,11,pushed,989,2026-05-06T01:12:46Z,2026-05-06T05:12:28Z,2026-05-06T01:13:16Z,(added by reconcile from orphan draft)
ECO3203,INTERMEDIATE MACROECONOMICS,11,pushed,989,2026-09-04T01:12:11Z,2026-09-05T00:51:44Z,2026-09-05T00:51:52Z,"UWF build 2026-09-04: non-shell, undergraduate (levels 1-4). Graduate 5xxx+ and x9xx shells excluded per the standing procedure in SOURCES.md."
EET1015C,DC CIRCUITS,11,pushed,989,2026-05-04T00:32:59Z,2026-05-02T10:25:56Z,2026-05-02T10:25:56.857055+00:00,(added by reconcile from orphan draft)
EET1025C,AC CIRCUITS,11,pushed,989,2026-05-04T00:32:59Z,2026-05-02T10:25:57Z,2026-05-02T10:25:57.158668+00:00,(added by reconcile from orphan draft)
EET1141C,ANALOG DEVICES,11,pushed,989,2026-05-04T00:32:59Z,2026-05-02T10:25:58Z,2026-05-02T10:25:58.495915+00:00,(added by reconcile from orphan draft)
FIN4504,INVESTMENTS,11,pushed,989,2026-09-04T01:12:11Z,2026-09-05T00:51:44Z,2026-09-05T00:51:52Z,"UWF build 2026-09-04: non-shell, undergraduate (levels 1-4). Graduate 5xxx+ and x9xx shells excluded per the standing procedure in SOURCES.md."
HSC4500,EPIDEMIOLOGY,11,pushed,989,2026-09-04T01:12:11Z,2026-09-04T15:33:26Z,2026-09-04T15:33:37Z,"UWF build 2026-09-04: non-shell, undergraduate (levels 1-4). Graduate 5xxx+ and x9xx shells excluded per the standing procedure in SOURCES.md."
LAT1120C,BEGINNING LATIN I,11,pushed,989,2026-09-04T01:12:11Z,2026-09-05T00:51:44Z,2026-09-05T00:51:52Z,"UWF build 2026-09-04: non-shell, undergraduate (levels 1-4). Graduate 5xxx+ and x9xx shells excluded per the standing procedure in SOURCES.md."
MCB3020L,MICROBIOLOGY LABORATORY,11,pushed,989,2026-09-04T01:12:11Z,2026-09-04T16:11:46Z,2026-09-04T16:12:59Z,"UWF build 2026-09-04: non-shell, undergraduate (levels 1-4). Graduate 5xxx+ and x9xx shells excluded per the standing procedure in SOURCES.md."
MVK1411,PIANO,11,pushed,989,2026-05-08T12:42:42Z,2026-05-08T16:31:06Z,2026-05-08T12:42:55Z,(added by reconcile from orphan draft)
MVK2421,PIANO,11,pushed,989,2026-09-04T01:12:11Z,2026-09-04T17:58:26Z,2026-09-04T17:58:36Z,"UWF build 2026-09-04: non-shell, undergraduate (levels 1-4). Graduate 5xxx+ and x9xx shells excluded per the standing procedure in SOURCES.md."
PAD3003,INTRODUCTION TO PUBLIC ADMINISTRATION,11,pushed,989,2026-09-04T01:12:11Z,2026-09-05T00:51:44Z,2026-09-05T00:51:52Z,"UWF build 2026-09-04: non-shell, undergraduate (levels 1-4). Graduate 5xxx+ and x9xx shells excluded per the standing procedure in SOURCES.md."
PUR3000,PRINCIPLES OF PUBLIC RELATIONS,11,pushed,989,2026-09-04T01:12:11Z,2026-09-05T01:15:31Z,2026-09-05T01:15:56Z,"UWF build 2026-09-04: non-shell, undergraduate (levels 1-4). Graduate 5xxx+ and x9xx shells excluded per the standing procedure in SOURCES.md."
SCE4310,CONTENT AND METHODS OF TEACHING ELEMENTARY SCIENCE,11,pushed,989,2026-09-04T01:12:11Z,2026-09-05T01:15:31Z,2026-09-05T01:15:56Z,"UWF build 2026-09-04: non-shell, undergraduate (levels 1-4). Graduate 5xxx+ and x9xx shells excluded per the standing procedure in SOURCES.md."
SOP3004,SOCIAL PSYCHOLOGY,11,pushed,989,2026-09-04T01:12:11Z,2026-09-05T01:15:31Z,2026-09-05T01:15:56Z,"UWF build 2026-09-04: non-shell, undergraduate (levels 1-4). Graduate 5xxx+ and x9xx shells excluded per the standing procedure in SOURCES.md."
TDR0370,Drafting Assistant,11,pushed,989,2026-05-04T00:33:01Z,2026-05-02T14:53:35Z,2026-08-30T17:53:34Z,(added by reconcile from orphan draft)
TDR0570,Architectural Drafter,11,pushed,989,2026-05-04T00:33:01Z,2026-05-02T14:57:07Z,2026-05-04T00:33:32Z,(added by reconcile from orphan draft)
TDR0775,Drafting Detailer 1,11,pushed,989,2026-05-04T00:33:01Z,2026-05-02T14:59:01Z,2026-08-30T17:53:34Z,(added by reconcile from orphan draft)
TDR0776,Drafting Detailer 2,11,pushed,989,2026-05-04T00:33:01Z,2026-05-02T15:00:05Z,2026-08-30T17:53:34Z,(added by reconcile from orphan draft)
TDR0777,Mechanical Drafter,11,pushed,989,2026-05-04T00:33:01Z,2026-05-02T15:01:04Z,2026-05-04T00:33:32Z,(added by reconcile from orphan draft)
TDR0874,Civil Drafter,11,pushed,989,2026-05-04T00:33:01Z,2026-05-02T15:02:05Z,2026-05-04T00:33:33Z,(added by reconcile from orphan draft)
TDR0875,Structural Drafter,11,pushed,989,2026-05-04T00:33:01Z,2026-05-02T15:03:05Z,2026-08-30T17:53:34Z,(added by reconcile from orphan draft)
CES4702C,REINFORCED CONCRETE DESIGN,11,error,989,2026-09-04T01:12:11Z,2026-09-05T00:27:03Z,,"UWF build 2026-09-04: non-shell, undergraduate (levels 1-4). Graduate 5xxx+ and x9xx shells excluded per the standing procedure in SOURCES.md."
ANT2100C,INTRODUCTION TO ARCHAEOLOGY,11,skipped,989,2026-09-04T01:12:11Z,,,UWF publishes lecture-only ANT2100; covered by ANT2100 (published). Batch 124 rule.
EMS2659,PARAMEDIC INTERNSHIP,11,skipped,989,2026-08-31T00:09:01Z,,,Daytona State College project - skipped: shell course (internship/special topics/thesis etc.)
MVK2223,ORGAN,11,skipped,989,2026-08-31T00:09:01Z,,,"Daytona State College project - skipped: applied music/ensemble, individualized instruction"
MVS2224C,SECONDARY APPLIED DOUBLE BASS,11,skipped,989,2026-08-31T00:09:01Z,,,"Daytona State College project - skipped: applied music/ensemble, individualized instruction"
MVV3331,PRINCIPAL APPLIED VOICE,11,skipped,989,2026-09-04T01:12:11Z,,,Applied music (individual voice instruction) - out of scope per Ron 2026-09-04
MVV4341,PRINCIPAL APPLIED VOICE,11,skipped,989,2026-09-04T01:12:11Z,,,Applied music (individual voice instruction) - out of scope per Ron 2026-09-04
MVW2222,SECONDARY APPLIED OBOE,11,skipped,989,2026-08-31T00:09:01Z,,,"Daytona State College project - skipped: applied music/ensemble, individualized instruction"
PCB3043C,ECOLOGY,11,skipped,989,2026-09-04T01:12:11Z,,,"UWF publishes no C-suffix entry for this number. The UWF halves are published separately and both are live: the lecture and the L laboratory (batches 134-135). Standing split-family rule, Tools/CLAUDE.md."
STS2944C,SURGICAL CLINICAL I,11,skipped,989,2026-08-31T00:09:01Z,,,Daytona State College project - skipped: shell course (internship/special topics/thesis etc.)
STS2945C,SURGICAL CLINICAL II,11,skipped,989,2026-08-31T00:09:01Z,,,Daytona State College project - skipped: shell course (internship/special topics/thesis etc.)
CCJ4700,METHODS OF RESEARCH IN CRIMINAL JUSTICE,10,pushed,990,2026-09-04T01:12:11Z,2026-09-05T01:29:02Z,2026-09-05T01:29:11Z,"UWF build 2026-09-04: non-shell, undergraduate (levels 1-4). Graduate 5xxx+ and x9xx shells excluded per the standing procedure in SOURCES.md."
EEV0010,Electronics Assembler,10,pushed,990,2026-05-04T00:33:00Z,2026-05-02T07:55:42Z,2026-05-04T00:33:33Z,(added by reconcile from orphan draft)
EEV0100,Electronics Tester,10,pushed,990,2026-05-04T00:33:00Z,2026-05-02T07:57:42Z,2026-08-30T17:53:35Z,(added by reconcile from orphan draft)
EGS1006C,INTRODUCTION TO THE ENGINEERING PROFESSION,10,pushed,990,2026-09-04T01:12:11Z,2026-09-05T01:29:02Z,2026-09-05T01:29:11Z,"UWF build 2026-09-04: non-shell, undergraduate (levels 1-4). Graduate 5xxx+ and x9xx shells excluded per the standing procedure in SOURCES.md."
ETD2371C,INTRODUCTION TO 3D PRINTING,10,pushed,990,2026-05-04T00:33:00Z,2026-05-02T10:28:07Z,2026-05-02T10:28:07.036038+00:00,(added by reconcile from orphan draft)
ETS1603C,FUNDAMENTALS OF ROBOTICS AND SIMULATION,10,pushed,990,2026-05-04T00:33:01Z,2026-05-02T13:52:55Z,2026-05-02T13:52:55.302751+00:00,(added by reconcile from orphan draft)
FRE2200C,INTERMEDIATE FRENCH I,10,pushed,990,2026-09-04T01:12:11Z,2026-09-05T01:29:02Z,2026-09-05T01:29:11Z,"UWF build 2026-09-04: non-shell, undergraduate (levels 1-4). Graduate 5xxx+ and x9xx shells excluded per the standing procedure in SOURCES.md."
HSA4191,HEALTH INFORMATION SYSTEMS,10,pushed,990,2026-09-04T01:12:11Z,2026-09-05T01:29:02Z,2026-09-05T01:29:11Z,"UWF build 2026-09-04: non-shell, undergraduate (levels 1-4). Graduate 5xxx+ and x9xx shells excluded per the standing procedure in SOURCES.md."
MAN4441,NEGOTIATION,10,pushed,990,2026-09-04T01:12:11Z,2026-09-04T17:27:48Z,2026-09-04T17:29:38Z,"UWF build 2026-09-04: non-shell, undergraduate (levels 1-4). Graduate 5xxx+ and x9xx shells excluded per the standing procedure in SOURCES.md."
MMC2000,INTRODUCTION TO MASS MEDIA,10,pushed,990,2026-09-04T01:12:11Z,2026-09-05T01:29:02Z,2026-09-05T01:29:12Z,"UWF build 2026-09-04: non-shell, undergraduate (levels 1-4). Graduate 5xxx+ and x9xx shells excluded per the standing procedure in SOURCES.md."
MUE2040,INTRODUCTION TO MUSIC EDUCATION,10,pushed,990,2026-09-04T01:12:11Z,2026-09-05T13:50:05Z,2026-09-05T13:50:29Z,"UWF build 2026-09-04: non-shell, undergraduate (levels 1-4). Graduate 5xxx+ and x9xx shells excluded per the standing procedure in SOURCES.md."
MUH3212,MUSIC HISTORY II,10,pushed,990,2026-09-04T01:12:11Z,2026-09-05T13:50:05Z,2026-09-05T13:50:30Z,"UWF build 2026-09-04: non-shell, undergraduate (levels 1-4). Graduate 5xxx+ and x9xx shells excluded per the standing procedure in SOURCES.md."
MVV1411,VOICE,10,pushed,990,2026-05-08T12:42:42Z,2026-05-08T16:31:06Z,2026-05-08T12:42:55Z,(added by reconcile from orphan draft)
NUR4636L,COMMUNITY HEALTH NURSING PRACTICUM,10,pushed,990,2026-09-04T01:12:11Z,2026-09-04T14:14:00Z,2026-09-04T14:15:16Z,"UWF build 2026-09-04: non-shell, undergraduate (levels 1-4). Graduate 5xxx+ and x9xx shells excluded per the standing procedure in SOURCES.md."
TPP2100,ACTING I,10,pushed,990,2026-09-04T01:12:11Z,2026-09-04T17:58:26Z,2026-09-04T17:58:36Z,"UWF build 2026-09-04: non-shell, undergraduate (levels 1-4). Graduate 5xxx+ and x9xx shells excluded per the standing procedure in SOURCES.md."
EPI0940C,FIELD EXPERIENCE,10,skipped,990,2026-08-31T00:09:01Z,,,Daytona State College project - skipped: shell course (internship/special topics/thesis etc.)
GEB4930,SELECTED TOPICS IN MANAGEMENT,10,skipped,990,2026-08-31T00:09:01Z,,,Daytona State College project - skipped: shell course (internship/special topics/thesis etc.)
HFT2942C,HOSPITALITY INTERNSHIP,10,skipped,990,2026-08-31T00:09:01Z,,,Daytona State College project - skipped: shell course (internship/special topics/thesis etc.)
MUN1210,SYMPHONY ORCHESTRA,10,skipped,990,2026-08-31T00:09:01Z,,,"Daytona State College project - skipped: applied music/ensemble, individualized instruction"
MVB2421,TRUMPET,10,skipped,990,2026-09-04T01:12:11Z,,,Applied music: individual studio instruction - out of scope per Ron 2026-09-04
MVK1213,ORGAN,10,skipped,990,2026-08-31T00:09:01Z,,,"Daytona State College project - skipped: applied music/ensemble, individualized instruction"
MVP2421,PERCUSSION,10,skipped,990,2026-09-04T01:12:11Z,,,Applied music: individual studio instruction - out of scope per Ron 2026-09-04
PLA2949,INTERNSHIP,10,skipped,990,2026-08-31T00:09:01Z,,,Daytona State College project - skipped: shell course (internship/special topics/thesis etc.)
CES4605C,STEEL DESIGN,9,queued,991,2026-09-04T01:12:11Z,,,"UWF build 2026-09-04: non-shell, undergraduate (levels 1-4). Graduate 5xxx+ and x9xx shells excluded per the standing procedure in SOURCES.md."
CWR3201C,FLUID MECHANICS,9,queued,991,2026-09-04T01:12:11Z,,,"UWF build 2026-09-04: non-shell, undergraduate (levels 1-4). Graduate 5xxx+ and x9xx shells excluded per the standing procedure in SOURCES.md."
CWR4202C,HYDRAULICS,9,queued,991,2026-09-04T01:12:11Z,,,"UWF build 2026-09-04: non-shell, undergraduate (levels 1-4). Graduate 5xxx+ and x9xx shells excluded per the standing procedure in SOURCES.md."
MUN3313,CONCERT CHOIR,9,queued,991,2026-09-04T01:12:11Z,,,"UWF build 2026-09-04: non-shell, undergraduate (levels 1-4). Graduate 5xxx+ and x9xx shells excluded per the standing procedure in SOURCES.md."
PEL1341,BEGINNING TENNIS,9,queued,991,2026-09-04T01:12:11Z,,,"UWF build 2026-09-04: non-shell, undergraduate (levels 1-4). Graduate 5xxx+ and x9xx shells excluded per the standing procedure in SOURCES.md."
ACG4201,ADVANCED ACCOUNTING,9,pushed,991,2026-09-04T01:12:11Z,2026-09-05T13:50:05Z,2026-09-05T13:50:30Z,"UWF build 2026-09-04: non-shell, undergraduate (levels 1-4). Graduate 5xxx+ and x9xx shells excluded per the standing procedure in SOURCES.md."
ACG4651,AUDITING,9,pushed,991,2026-09-04T01:12:11Z,2026-09-05T13:50:05Z,2026-09-05T13:50:30Z,"UWF build 2026-09-04: non-shell, undergraduate (levels 1-4). Graduate 5xxx+ and x9xx shells excluded per the standing procedure in SOURCES.md."
CAP4770,DATA MINING,9,pushed,991,2026-09-04T01:12:11Z,2026-09-05T13:50:05Z,2026-09-05T13:50:30Z,"UWF build 2026-09-04: non-shell, undergraduate (levels 1-4). Graduate 5xxx+ and x9xx shells excluded per the standing procedure in SOURCES.md."
CCJ4641,ORGANIZED CRIME,9,pushed,991,2026-09-04T01:12:11Z,2026-09-05T17:47:46Z,2026-09-05T17:48:19Z,"UWF build 2026-09-04: non-shell, undergraduate (levels 1-4). Graduate 5xxx+ and x9xx shells excluded per the standing procedure in SOURCES.md."
CET2620C,ACCESSING THE WAN,9,pushed,991,2026-05-04T00:32:59Z,2026-05-02T02:29:02Z,2026-05-04T00:33:33Z,(added by reconcile from orphan draft)
CHM4130C,INSTRUMENTAL ANALYSIS,9,pushed,991,2026-09-04T01:12:11Z,2026-09-05T17:47:46Z,2026-09-05T17:48:19Z,"UWF build 2026-09-04: non-shell, undergraduate (levels 1-4). Graduate 5xxx+ and x9xx shells excluded per the standing procedure in SOURCES.md."
CLP4314,HEALTH PSYCHOLOGY,9,pushed,991,2026-09-04T01:12:11Z,2026-09-05T17:47:46Z,2026-09-05T17:48:19Z,"UWF build 2026-09-04: non-shell, undergraduate (levels 1-4). Graduate 5xxx+ and x9xx shells excluded per the standing procedure in SOURCES.md."
COP2830C,WEB PROGRAMMING,9,pushed,991,2026-09-04T01:12:11Z,2026-09-05T17:48:09Z,2026-09-05T17:48:19Z,"UWF build 2026-09-04: non-shell, undergraduate (levels 1-4). Graduate 5xxx+ and x9xx shells excluded per the standing procedure in SOURCES.md."
COP4020,PROGRAMMING LANGUAGES,9,pushed,991,2026-09-04T01:12:11Z,2026-09-05T17:47:46Z,2026-09-05T17:48:20Z,"UWF build 2026-09-04: non-shell, undergraduate (levels 1-4). Graduate 5xxx+ and x9xx shells excluded per the standing procedure in SOURCES.md."
COT3100C,DISCRETE STRUCTURES,9,pushed,991,2026-05-05T22:11:59Z,2026-05-05T23:41:06Z,2026-05-05T22:12:21Z,(added by reconcile from orphan draft)
EEV0500,Electronics Equipment Repairer,9,pushed,991,2026-05-04T00:33:00Z,2026-05-02T08:18:03Z,2026-08-30T17:53:35Z,(added by reconcile from orphan draft)
EEV0616,Electronics Technician,9,pushed,991,2026-05-04T00:33:00Z,2026-05-02T08:21:40Z,2026-08-30T17:53:35Z,(added by reconcile from orphan draft)
EGN1111C,ENGINEERING GRAPHICS,9,pushed,991,2026-05-03T12:47:43Z,2026-05-03T12:01:32Z,2026-05-03T12:01:32.526820+00:00,Drafted in chat sessions 1-2
EGN2312,ENGINEERING ANALYSIS - STATICS,9,pushed,991,2026-05-03T12:47:43Z,2026-05-03T12:02:32Z,2026-05-03T12:02:32.810526+00:00,Drafted in chat sessions 1-2
ETD2340C,AUTOCAD 2,9,pushed,991,2026-05-04T00:33:00Z,2026-05-02T10:28:05Z,2026-05-02T10:28:05.479231+00:00,(added by reconcile from orphan draft)
ETI1843C,MOTORS AND CONTROLS,9,pushed,991,2026-05-04T00:33:00Z,2026-05-02T11:28:05Z,2026-05-02T11:28:05.421269+00:00,(added by reconcile from orphan draft)
ETS2604C,ROBOTICS APPLICATIONS,9,pushed,991,2026-05-04T00:33:01Z,2026-05-02T14:29:25Z,2026-05-02T14:29:25.627683+00:00,(added by reconcile from orphan draft)
MAP4341,PARTIAL DIFFERENTIAL EQUATIONS,9,pushed,991,2026-09-04T01:12:11Z,2026-09-05T18:21:43Z,2026-09-05T18:21:53Z,"UWF build 2026-09-04: non-shell, undergraduate (levels 1-4). Graduate 5xxx+ and x9xx shells excluded per the standing procedure in SOURCES.md."
MUE4480,MARCHING BAND TECHNIQUES,9,pushed,991,2026-09-04T01:12:11Z,2026-09-05T18:21:43Z,2026-09-05T18:21:53Z,"UWF build 2026-09-04: non-shell, undergraduate (levels 1-4). Graduate 5xxx+ and x9xx shells excluded per the standing procedure in SOURCES.md."
MVK3331,PRINCIPAL APPLIED PIANO,9,pushed,991,2026-09-04T01:12:11Z,2026-09-04T18:53:41Z,2026-09-04T18:55:33Z,"UWF build 2026-09-04: non-shell, undergraduate (levels 1-4). Graduate 5xxx+ and x9xx shells excluded per the standing procedure in SOURCES.md."
MVK4341,PRINCIPAL APPLIED PIANO,9,pushed,991,2026-09-04T01:12:11Z,2026-09-04T18:53:41Z,2026-09-04T18:55:33Z,"UWF build 2026-09-04: non-shell, undergraduate (levels 1-4). Graduate 5xxx+ and x9xx shells excluded per the standing procedure in SOURCES.md."
PHY4604,QUANTUM THEORY I,9,pushed,991,2026-09-04T01:12:11Z,2026-09-05T18:21:43Z,2026-09-05T18:21:53Z,"UWF build 2026-09-04: non-shell, undergraduate (levels 1-4). Graduate 5xxx+ and x9xx shells excluded per the standing procedure in SOURCES.md."
SOW4522,FIELD SEMINAR I,9,pushed,991,2026-09-04T01:12:11Z,2026-09-05T18:21:43Z,2026-09-05T18:21:53Z,"UWF build 2026-09-04: non-shell, undergraduate (levels 1-4). Graduate 5xxx+ and x9xx shells excluded per the standing procedure in SOURCES.md."
STA4321,INTRODUCTION TO MATHEMATICAL STATISTICS I,9,pushed,991,2026-09-04T01:12:11Z,2026-09-05T18:21:43Z,2026-09-05T18:21:53Z,"UWF build 2026-09-04: non-shell, undergraduate (levels 1-4). Graduate 5xxx+ and x9xx shells excluded per the standing procedure in SOURCES.md."
THE2300,SURVEY OF DRAMATIC LITERATURE,9,pushed,991,2026-09-04T01:12:11Z,2026-09-05T18:42:30Z,2026-09-05T18:42:42Z,"UWF build 2026-09-04: non-shell, undergraduate (levels 1-4). Graduate 5xxx+ and x9xx shells excluded per the standing procedure in SOURCES.md."
TPA2000C,INTRODUCTION TO THEATRICAL DESIGN,9,pushed,991,2026-09-04T01:12:11Z,2026-09-05T18:42:30Z,2026-09-05T18:42:42Z,"UWF build 2026-09-04: non-shell, undergraduate (levels 1-4). Graduate 5xxx+ and x9xx shells excluded per the standing procedure in SOURCES.md."
TPA2248C,STAGE MAKEUP,9,pushed,991,2026-09-04T01:12:11Z,2026-09-05T18:42:30Z,2026-09-05T18:42:42Z,"UWF build 2026-09-04: non-shell, undergraduate (levels 1-4). Graduate 5xxx+ and x9xx shells excluded per the standing procedure in SOURCES.md."
ZOO4513C,ANIMAL BEHAVIOR,9,pushed,991,2026-09-04T01:12:11Z,2026-09-05T18:42:30Z,2026-09-05T18:42:43Z,"UWF build 2026-09-04: non-shell, undergraduate (levels 1-4). Graduate 5xxx+ and x9xx shells excluded per the standing procedure in SOURCES.md."
MAN4905,DIRECTED STUDY,9,skipped,991,2026-08-31T00:09:01Z,,,Daytona State College project - skipped: shell course (internship/special topics/thesis etc.)
MAN4930,SELECTED TOPICS IN MANAGEMENT,9,skipped,991,2026-08-31T00:09:01Z,,,Daytona State College project - skipped: shell course (internship/special topics/thesis etc.)
MVB3331,PRINCIPAL APPLIED TRUMPET,9,skipped,991,2026-09-04T01:12:11Z,,,Applied music: individual studio instruction - out of scope per Ron 2026-09-04
MVB3332,PRINCIPAL APPLIED FRENCH HORN,9,skipped,991,2026-09-04T01:12:11Z,,,Applied music: individual studio instruction - out of scope per Ron 2026-09-04
MVB3333,PRINCIPAL APPLIED TROMBONE,9,skipped,991,2026-09-04T01:12:11Z,,,Applied music: individual studio instruction - out of scope per Ron 2026-09-04
MVB3334,PRINCIPAL APPLIED BARITONE HORN,9,skipped,991,2026-09-04T01:12:11Z,,,Applied music: individual studio instruction - out of scope per Ron 2026-09-04
MVB3335,PRINCIPAL APPLIED TUBA,9,skipped,991,2026-09-04T01:12:11Z,,,Applied music: individual studio instruction - out of scope per Ron 2026-09-04
MVB4341,PRINCIPAL APPLIED TRUMPET,9,skipped,991,2026-09-04T01:12:11Z,,,Applied music: individual studio instruction - out of scope per Ron 2026-09-04
MVB4342,PRINCIPAL APPLIED FRENCH HORN,9,skipped,991,2026-09-04T01:12:11Z,,,Applied music: individual studio instruction - out of scope per Ron 2026-09-04
MVB4343,PRINCIPAL APPLIED TROMBONE,9,skipped,991,2026-09-04T01:12:11Z,,,Applied music: individual studio instruction - out of scope per Ron 2026-09-04
MVB4345,PRINCIPAL APPLIED TUBA,9,skipped,991,2026-09-04T01:12:11Z,,,Applied music: individual studio instruction - out of scope per Ron 2026-09-04
MVP3331,PRINCIPAL APPLIED PERCUSSION,9,skipped,991,2026-09-04T01:12:11Z,,,Applied music: individual studio instruction - out of scope per Ron 2026-09-04
MVS4346,PRINCIPAL APPLIED GUITAR,9,skipped,991,2026-09-04T01:12:11Z,,,Applied music: individual studio instruction - out of scope per Ron 2026-09-04
MVV2421,VOICE,9,skipped,991,2026-09-04T01:12:11Z,,,Applied music: individual studio instruction - out of scope per Ron 2026-09-04
MVW2421,FLUTE,9,skipped,991,2026-09-04T01:12:11Z,,,Applied music: individual studio instruction - out of scope per Ron 2026-09-04
MVW3331,PRINCIPAL APPLIED FLUTE,9,skipped,991,2026-09-04T01:12:11Z,,,Applied music: individual studio instruction - out of scope per Ron 2026-09-04
MVW3332,PRINCIPAL APPLIED OBOE,9,skipped,991,2026-09-04T01:12:11Z,,,Applied music: individual studio instruction - out of scope per Ron 2026-09-04
MVW4341,PRINCIPAL APPLIED FLUTE,9,skipped,991,2026-09-04T01:12:11Z,,,Applied music: individual studio instruction - out of scope per Ron 2026-09-04
MVW4342,PRINCIPAL APPLIED OBOE,9,skipped,991,2026-09-04T01:12:11Z,,,Applied music: individual studio instruction - out of scope per Ron 2026-09-04
MUN3713,JAZZ ENSEMBLE,8,queued,992,2026-09-04T01:12:11Z,,,"UWF build 2026-09-04: non-shell, undergraduate (levels 1-4). Graduate 5xxx+ and x9xx shells excluded per the standing procedure in SOURCES.md."
ACG3401,ACCOUNTING INFORMATION SYSTEMS,8,pushed,992,2026-09-04T01:12:11Z,2026-09-05T18:42:30Z,2026-09-05T18:42:43Z,"UWF build 2026-09-04: non-shell, undergraduate (levels 1-4). Graduate 5xxx+ and x9xx shells excluded per the standing procedure in SOURCES.md."
ART2203C,THREE-DIMENSIONAL DESIGN,8,pushed,992,2026-09-04T01:12:11Z,2026-09-04T14:36:41Z,2026-09-04T14:36:54Z,"UWF build 2026-09-04: non-shell, undergraduate (levels 1-4). Graduate 5xxx+ and x9xx shells excluded per the standing procedure in SOURCES.md."
ATT1100C,PRIVATE PILOT GROUND SCHOOL,8,pushed,992,2026-09-04T01:12:11Z,2026-09-05T18:58:41Z,2026-09-05T18:58:52Z,"UWF build 2026-09-04: non-shell, undergraduate (levels 1-4). Graduate 5xxx+ and x9xx shells excluded per the standing procedure in SOURCES.md."
BOT2010C,GENERAL BOTANY,8,pushed,992,2026-09-04T01:12:11Z,2026-09-05T18:58:41Z,2026-09-05T18:58:52Z,"UWF build 2026-09-04: non-shell, undergraduate (levels 1-4). Graduate 5xxx+ and x9xx shells excluded per the standing procedure in SOURCES.md."
CCJ3024,THE CRIMINAL JUSTICE SYSTEM,8,pushed,992,2026-09-04T01:12:11Z,2026-09-05T18:58:41Z,2026-09-05T18:58:53Z,"UWF build 2026-09-04: non-shell, undergraduate (levels 1-4). Graduate 5xxx+ and x9xx shells excluded per the standing procedure in SOURCES.md."
CCJ4644,WHITE COLLAR CRIME,8,pushed,992,2026-09-04T01:12:11Z,2026-09-05T18:58:41Z,2026-09-05T18:58:53Z,"UWF build 2026-09-04: non-shell, undergraduate (levels 1-4). Graduate 5xxx+ and x9xx shells excluded per the standing procedure in SOURCES.md."
CET1178C,A+ FUNDAMENTALS,8,pushed,992,2026-05-04T00:32:59Z,2026-05-02T02:49:36Z,2026-05-04T00:33:33Z,(added by reconcile from orphan draft)
CHM4130L,INSTRUMENTAL ANALYSIS LAB,8,pushed,992,2026-09-04T01:12:11Z,2026-09-05T18:58:41Z,2026-09-05T18:58:53Z,"UWF build 2026-09-04: non-shell, undergraduate (levels 1-4). Graduate 5xxx+ and x9xx shells excluded per the standing procedure in SOURCES.md."
EGN1002C,INTRODUCTION TO ENGINEERING,8,pushed,992,2026-05-03T12:47:43Z,2026-05-03T12:03:33Z,2026-05-03T12:03:32.999748+00:00,Drafted in chat sessions 1-2
EGN3311,STATICS,8,pushed,992,2026-05-03T12:47:43Z,2026-05-03T12:04:33Z,2026-05-03T12:04:33.229357+00:00,Drafted in chat sessions 1-2
EGN3321,DYNAMICS,8,pushed,992,2026-05-03T12:47:43Z,2026-05-03T12:05:33Z,2026-05-03T12:05:33.441379+00:00,Drafted in chat sessions 1-2
EGN3331C,STRENGTH OF MATERIALS,8,pushed,992,2026-05-03T12:47:43Z,2026-05-03T12:06:33Z,2026-05-03T12:06:33.644352+00:00,Drafted in chat sessions 1-2
EGN3343C,THERMODYNAMICS,8,pushed,992,2026-05-03T12:47:43Z,2026-05-03T12:07:33Z,2026-05-03T12:07:33.833277+00:00,Drafted in chat sessions 1-2
ETP2410C,PHOTOVOLTAIC TECHNOLOGY,8,pushed,992,2026-05-04T00:33:01Z,2026-05-02T13:36:53Z,2026-05-02T13:36:53.053116+00:00,(added by reconcile from orphan draft)
ETS2542C,PROGRAMMABLE LOGIC CONTROLLERS,8,pushed,992,2026-05-04T00:33:01Z,2026-05-02T14:25:36Z,2026-05-02T14:25:36.727185+00:00,(added by reconcile from orphan draft)
HSC4730,PUBLIC HEALTH RESEARCH,8,pushed,992,2026-09-04T01:12:11Z,2026-09-04T15:29:53Z,2026-09-04T15:33:37Z,"UWF build 2026-09-04: non-shell, undergraduate (levels 1-4). Graduate 5xxx+ and x9xx shells excluded per the standing procedure in SOURCES.md."
MAD4401,NUMERICAL ANALYSIS,8,pushed,992,2026-09-04T01:12:11Z,2026-09-05T19:33:16Z,2026-09-05T19:33:26Z,"UWF build 2026-09-04: non-shell, undergraduate (levels 1-4). Graduate 5xxx+ and x9xx shells excluded per the standing procedure in SOURCES.md."
MAN3583,PROJECT MANAGEMENT,8,pushed,992,2026-09-04T01:12:11Z,2026-09-04T17:26:26Z,2026-09-04T17:29:38Z,"UWF build 2026-09-04: non-shell, undergraduate (levels 1-4). Graduate 5xxx+ and x9xx shells excluded per the standing procedure in SOURCES.md."
MAN4570,GLOBAL SOURCING,8,pushed,992,2026-09-04T01:12:11Z,2026-09-04T17:29:18Z,2026-09-04T17:29:38Z,"UWF build 2026-09-04: non-shell, undergraduate (levels 1-4). Graduate 5xxx+ and x9xx shells excluded per the standing procedure in SOURCES.md."
MUH3211,MUSIC HISTORY I,8,pushed,992,2026-09-04T01:12:11Z,2026-09-05T19:33:16Z,2026-09-05T19:33:26Z,"UWF build 2026-09-04: non-shell, undergraduate (levels 1-4). Graduate 5xxx+ and x9xx shells excluded per the standing procedure in SOURCES.md."
NUR4286,GERONTOLOGICAL NURSING,8,pushed,992,2026-09-04T01:12:11Z,2026-09-04T13:21:45Z,2026-09-04T13:23:51Z,"UWF build 2026-09-04: non-shell, undergraduate (levels 1-4). Graduate 5xxx+ and x9xx shells excluded per the standing procedure in SOURCES.md."
PHI3640,ENVIRONMENTAL ETHICS,8,pushed,992,2026-09-04T01:12:11Z,2026-09-05T19:33:16Z,2026-09-05T19:33:26Z,"UWF build 2026-09-04: non-shell, undergraduate (levels 1-4). Graduate 5xxx+ and x9xx shells excluded per the standing procedure in SOURCES.md."
PHI3700,PHILOSOPHY OF RELIGION,8,pushed,992,2026-09-04T01:12:11Z,2026-09-05T19:33:16Z,2026-09-05T19:33:26Z,"UWF build 2026-09-04: non-shell, undergraduate (levels 1-4). Graduate 5xxx+ and x9xx shells excluded per the standing procedure in SOURCES.md."
PHY4605,QUANTUM MECHANICS II,8,pushed,992,2026-09-04T01:12:11Z,2026-09-05T19:33:16Z,2026-09-05T19:33:27Z,"UWF build 2026-09-04: non-shell, undergraduate (levels 1-4). Graduate 5xxx+ and x9xx shells excluded per the standing procedure in SOURCES.md."
PPE4003,THEORIES OF PERSONALITY,8,pushed,992,2026-09-04T01:12:11Z,2026-09-05T20:24:50Z,2026-09-05T20:25:03Z,"UWF build 2026-09-04: non-shell, undergraduate (levels 1-4). Graduate 5xxx+ and x9xx shells excluded per the standing procedure in SOURCES.md."
SPM3306,SPORT MARKETING,8,pushed,992,2026-09-04T01:12:11Z,2026-09-05T20:24:50Z,2026-09-05T20:25:03Z,"UWF build 2026-09-04: non-shell, undergraduate (levels 1-4). Graduate 5xxx+ and x9xx shells excluded per the standing procedure in SOURCES.md."
SPM4505,SPORT FINANCE,8,pushed,992,2026-09-04T01:12:11Z,2026-09-05T20:24:50Z,2026-09-05T20:25:03Z,"UWF build 2026-09-04: non-shell, undergraduate (levels 1-4). Graduate 5xxx+ and x9xx shells excluded per the standing procedure in SOURCES.md."
STA4222,SAMPLE SURVEY DESIGN,8,pushed,992,2026-09-04T01:12:11Z,2026-09-05T20:24:50Z,2026-09-05T20:25:03Z,"UWF build 2026-09-04: non-shell, undergraduate (levels 1-4). Graduate 5xxx+ and x9xx shells excluded per the standing procedure in SOURCES.md."
TSL4080,ESOL CURRICULUM & PEDAGOGY,8,pushed,992,2026-09-04T01:12:11Z,2026-09-05T20:24:50Z,2026-09-05T20:25:04Z,"UWF build 2026-09-04: non-shell, undergraduate (levels 1-4). Graduate 5xxx+ and x9xx shells excluded per the standing procedure in SOURCES.md."
EEL3111C,CIRCUITS I,8,skipped,992,2026-09-04T01:12:11Z,,,UWF runs the split family; covered by EEL3111 + EEL3111L (both published 2026-09-04). Batch 124.
EEL3472C,FUNDAMENTALS OF ELECTROMAGNETIC FIELDS,8,skipped,992,2026-09-04T01:12:11Z,,,UWF publishes lecture-only EEL3472; covered by EEL3472 (published 2026-09-04). Batch 124.
GEB2949,BUSINESS,8,skipped,992,2026-08-31T00:09:01Z,,,Daytona State College project - skipped: shell course (internship/special topics/thesis etc.)
MCB4203C,PATHOGENIC MICROBIOLOGY,8,skipped,992,2026-09-04T01:12:11Z,,,"UWF publishes no C-suffix entry for this number. The UWF halves are published separately and are live: MCB3020/MCB3020L, MCB1000/MCB1000L, and MCB4203 (lecture only - UWF publishes no laboratory for it). Standing split-family rule, Tools/CLAUDE.md."
MUN1460,CHAMBER ENSEMBLE,8,skipped,992,2026-08-31T00:09:01Z,,,"Daytona State College project - skipped: applied music/ensemble, individualized instruction"
MUN1480C,GUITAR ENSEMBLE,8,skipped,992,2026-08-31T00:09:01Z,,,"Daytona State College project - skipped: applied music/ensemble, individualized instruction"
MVB4344,PRINCIPAL APPLIED BARITONE HORN,8,skipped,992,2026-09-04T01:12:11Z,,,Applied music: individual studio instruction - out of scope per Ron 2026-09-04
MVP4341,PRINCIPAL APPLIED PERCUSSION,8,skipped,992,2026-09-04T01:12:11Z,,,Applied music: individual studio instruction - out of scope per Ron 2026-09-04
MVS1315,HARP,8,skipped,992,2026-08-31T00:09:01Z,,,"Daytona State College project - skipped: applied music/ensemble, individualized instruction"
MVS2325C,PRINCIPAL SOPHOMORE HARP,8,skipped,992,2026-08-31T00:09:01Z,,,"Daytona State College project - skipped: applied music/ensemble, individualized instruction"
MVS3334,PRINCIPAL APPLIED DOUBLE BASS,8,skipped,992,2026-09-04T01:12:11Z,,,Applied music: individual studio instruction - out of scope per Ron 2026-09-04
MVS3336,PRINCIPAL APPLIED GUITAR,8,skipped,992,2026-09-04T01:12:11Z,,,Applied music: individual studio instruction - out of scope per Ron 2026-09-04
MVS4344,PRINCIPAL APPLIED DOUBLE BASS,8,skipped,992,2026-09-04T01:12:11Z,,,Applied music: individual studio instruction - out of scope per Ron 2026-09-04
MVW3333,PRINCIPAL APPLIED CLARINET,8,skipped,992,2026-09-04T01:12:11Z,,,Applied music: individual studio instruction - out of scope per Ron 2026-09-04
MVW3334,PRINCIPAL APPLIED BASSOON,8,skipped,992,2026-09-04T01:12:11Z,,,Applied music: individual studio instruction - out of scope per Ron 2026-09-04
MVW3335,PRINCIPAL APPLIED SAXOPHONE,8,skipped,992,2026-09-04T01:12:11Z,,,Applied music: individual studio instruction - out of scope per Ron 2026-09-04
MVW4344,PRINCIPAL APPLIED BASSOON,8,skipped,992,2026-09-04T01:12:11Z,,,Applied music: individual studio instruction - out of scope per Ron 2026-09-04
PCB4253C,DEVELOPMENTAL BIOLOGY,8,skipped,992,2026-09-04T01:12:11Z,,,"UWF publishes no C-suffix entry for this number. The UWF halves are published separately and both are live: the lecture and the L laboratory (batches 134-135). Standing split-family rule, Tools/CLAUDE.md."
PLA2930,SELECTED TOPICS IN PARALEGAL STUDIES,8,skipped,992,2026-08-31T00:09:01Z,,,Daytona State College project - skipped: shell course (internship/special topics/thesis etc.)
RET2934C,RESPIRATORY CARE SEMINAR,8,skipped,992,2026-08-31T00:09:01Z,,,Daytona State College project - skipped: shell course (internship/special topics/thesis etc.)
ASC1610C,AIRCRAFT SYSTEMS AND COMPONENTS,7,queued,993,2026-09-04T01:12:11Z,,,"UWF build 2026-09-04: non-shell, undergraduate (levels 1-4). Graduate 5xxx+ and x9xx shells excluded per the standing procedure in SOURCES.md."
CEG3011C,SOIL MECHANICS,7,queued,993,2026-09-04T01:12:11Z,,,"UWF build 2026-09-04: non-shell, undergraduate (levels 1-4). Graduate 5xxx+ and x9xx shells excluded per the standing procedure in SOURCES.md."
LAE3314,CHILDREN'S LITERATURE,7,queued,993,2026-09-04T01:12:11Z,,,"UWF build 2026-09-04: non-shell, undergraduate (levels 1-4). Graduate 5xxx+ and x9xx shells excluded per the standing procedure in SOURCES.md."
ACG4682,FRAUD EXAMINATION,7,pushed,993,2026-09-04T01:12:11Z,2026-09-05T20:50:48Z,2026-09-05T20:50:57Z,"UWF build 2026-09-04: non-shell, undergraduate (levels 1-4). Graduate 5xxx+ and x9xx shells excluded per the standing procedure in SOURCES.md."
ANT3212,PEOPLES OF THE WORLD,7,pushed,993,2026-09-04T01:12:11Z,2026-09-04T09:35:16Z,2026-09-04T09:50:26Z,"UWF build 2026-09-04: non-shell, undergraduate (levels 1-4). Graduate 5xxx+ and x9xx shells excluded per the standing procedure in SOURCES.md."
ANT3610,LANGUAGE AND CULTURE,7,pushed,993,2026-09-04T01:12:11Z,2026-09-04T09:37:19Z,2026-09-04T09:50:26Z,"UWF build 2026-09-04: non-shell, undergraduate (levels 1-4). Graduate 5xxx+ and x9xx shells excluded per the standing procedure in SOURCES.md."
ANT4034,HISTORY OF ANTHROPOLOGY,7,pushed,993,2026-09-04T01:12:11Z,2026-09-04T09:37:19Z,2026-09-04T09:50:26Z,"UWF build 2026-09-04: non-shell, undergraduate (levels 1-4). Graduate 5xxx+ and x9xx shells excluded per the standing procedure in SOURCES.md."
ANT4824,ARCHAEOLOGICAL FIELD METHODS,7,pushed,993,2026-09-04T01:12:11Z,2026-09-04T01:37:01Z,2026-09-04T01:37:18Z,"UWF build 2026-09-04: non-shell, undergraduate (levels 1-4). Graduate 5xxx+ and x9xx shells excluded per the standing procedure in SOURCES.md."
ARH4450,MODERN ART,7,pushed,993,2026-09-04T01:12:11Z,2026-09-05T20:50:48Z,2026-09-05T20:50:57Z,"UWF build 2026-09-04: non-shell, undergraduate (levels 1-4). Graduate 5xxx+ and x9xx shells excluded per the standing procedure in SOURCES.md."
ARH4710,HISTORY OF PHOTOGRAPHY,7,pushed,993,2026-09-04T01:12:11Z,2026-09-05T20:50:48Z,2026-09-05T20:50:58Z,"UWF build 2026-09-04: non-shell, undergraduate (levels 1-4). Graduate 5xxx+ and x9xx shells excluded per the standing procedure in SOURCES.md."
ART2602C,PHOTOSHOP,7,pushed,993,2026-09-04T01:12:11Z,2026-09-04T14:35:33Z,2026-09-04T14:36:55Z,"UWF build 2026-09-04: non-shell, undergraduate (levels 1-4). Graduate 5xxx+ and x9xx shells excluded per the standing procedure in SOURCES.md."
ASC1210,AVIATION WEATHER,7,pushed,993,2026-09-04T01:12:11Z,2026-09-05T20:50:48Z,2026-09-05T20:50:58Z,"UWF build 2026-09-04: non-shell, undergraduate (levels 1-4). Graduate 5xxx+ and x9xx shells excluded per the standing procedure in SOURCES.md."
BOT4503C,PLANT PHYSIOLOGY,7,pushed,993,2026-09-04T01:12:11Z,2026-09-05T20:50:48Z,2026-09-05T20:50:58Z,"UWF build 2026-09-04: non-shell, undergraduate (levels 1-4). Graduate 5xxx+ and x9xx shells excluded per the standing procedure in SOURCES.md."
CET2123C,MICROPROCESSORS,7,pushed,993,2026-05-04T00:32:59Z,2026-05-02T03:02:20Z,2026-05-04T00:33:34Z,(added by reconcile from orphan draft)
CET2880C,DIGITAL FORENSICS,7,pushed,993,2026-05-04T00:32:59Z,2026-05-02T09:59:38Z,2026-05-04T00:33:01Z,(added by reconcile from orphan draft)
CIS4361,APPLIED SECURITY,7,pushed,993,2026-09-04T01:12:11Z,2026-09-05T21:07:52Z,2026-09-05T21:08:02Z,"UWF build 2026-09-04: non-shell, undergraduate (levels 1-4). Graduate 5xxx+ and x9xx shells excluded per the standing procedure in SOURCES.md."
CJE4610,CRIMINAL INVESTIGATION,7,pushed,993,2026-09-04T01:12:11Z,2026-09-05T21:07:52Z,2026-09-05T21:08:03Z,"UWF build 2026-09-04: non-shell, undergraduate (levels 1-4). Graduate 5xxx+ and x9xx shells excluded per the standing procedure in SOURCES.md."
CNT4403,DATA SECURITY,7,pushed,993,2026-09-04T01:12:11Z,2026-09-05T21:07:52Z,2026-09-05T21:08:03Z,"UWF build 2026-09-04: non-shell, undergraduate (levels 1-4). Graduate 5xxx+ and x9xx shells excluded per the standing procedure in SOURCES.md."
COP2334C,BEGINNING C++ PROGRAMMING,7,pushed,993,2026-09-04T01:12:11Z,2026-09-05T21:07:52Z,2026-09-05T21:08:03Z,"UWF build 2026-09-04: non-shell, undergraduate (levels 1-4). Graduate 5xxx+ and x9xx shells excluded per the standing procedure in SOURCES.md."
ECO4401,MATHEMATICAL ECONOMICS,7,pushed,993,2026-09-04T01:12:11Z,2026-09-05T21:07:52Z,2026-09-05T21:08:03Z,"UWF build 2026-09-04: non-shell, undergraduate (levels 1-4). Graduate 5xxx+ and x9xx shells excluded per the standing procedure in SOURCES.md."
ECO4704,INTERNATIONAL TRADE,7,pushed,993,2026-09-04T01:12:11Z,2026-09-05T21:07:52Z,2026-09-05T21:08:03Z,"UWF build 2026-09-04: non-shell, undergraduate (levels 1-4). Graduate 5xxx+ and x9xx shells excluded per the standing procedure in SOURCES.md."
EEL3112,CIRCUITS 2,7,pushed,993,2026-09-04T01:12:11Z,2026-09-04T10:02:19Z,2026-09-04T10:18:19Z,"UWF build 2026-09-04: non-shell, undergraduate (levels 1-4). Graduate 5xxx+ and x9xx shells excluded per the standing procedure in SOURCES.md."
EEL3135,SIGNALS & SYSTEMS,7,pushed,993,2026-09-04T01:12:11Z,2026-09-04T10:02:19Z,2026-09-04T10:18:19Z,"UWF build 2026-09-04: non-shell, undergraduate (levels 1-4). Graduate 5xxx+ and x9xx shells excluded per the standing procedure in SOURCES.md."
EET2142C,ELECTRONICS II,7,pushed,993,2026-05-04T00:32:59Z,2026-05-02T10:27:55Z,2026-05-02T10:27:55.916605+00:00,(added by reconcile from orphan draft)
EEX3070,TEACHING EXCEPTIONAL STUDENTS,7,pushed,993,2026-09-04T01:12:11Z,2026-09-05T21:41:08Z,2026-09-05T21:41:23Z,"UWF build 2026-09-04: non-shell, undergraduate (levels 1-4). Graduate 5xxx+ and x9xx shells excluded per the standing procedure in SOURCES.md."
EGN1007C,ENGINEERING CONCEPTS AND METHODS,7,pushed,993,2026-05-03T12:47:43Z,2026-05-03T12:08:34Z,2026-05-03T12:08:34.079505+00:00,Drafted in chat sessions 1-2
EGN2322,ENGINEERING ANALYSIS-DYNAMICS,7,pushed,993,2026-05-03T12:47:43Z,2026-05-03T12:09:34Z,2026-05-03T12:09:34.295489+00:00,Drafted in chat sessions 1-2
EGN3365,STRUCTURE AND PROPERTIES OF MATERIALS,7,pushed,993,2026-05-03T12:47:43Z,2026-05-03T12:10:34Z,2026-05-03T12:10:34.497520+00:00,Drafted in chat sessions 1-2
ENL4251,VICTORIAN LITERATURE,7,pushed,993,2026-09-04T01:12:11Z,2026-09-05T21:41:08Z,2026-09-05T21:41:25Z,"UWF build 2026-09-04: non-shell, undergraduate (levels 1-4). Graduate 5xxx+ and x9xx shells excluded per the standing procedure in SOURCES.md."
ETD1340C,AUTOCAD II,7,pushed,993,2026-05-04T00:33:00Z,2026-05-02T10:28:04Z,2026-05-02T10:28:04.144291+00:00,(added by reconcile from orphan draft)
ETD2372C,ADVANCED RAPID PROTOTYPING,7,pushed,993,2026-05-04T00:33:00Z,2026-05-02T10:28:07Z,2026-05-02T10:28:07.256752+00:00,(added by reconcile from orphan draft)
ETS1540C,INDUSTRIAL APPLICATIONS USING PLCS AND ROBOTICS,7,pushed,993,2026-05-04T00:33:01Z,2026-05-02T13:48:44Z,2026-05-02T13:48:44.893156+00:00,(added by reconcile from orphan draft)
FIN4414,FINANCIAL MANAGEMENT,7,pushed,993,2026-09-04T01:12:11Z,2026-09-05T21:41:08Z,2026-09-05T21:41:27Z,"UWF build 2026-09-04: non-shell, undergraduate (levels 1-4). Graduate 5xxx+ and x9xx shells excluded per the standing procedure in SOURCES.md."
FIN4424,PROBLEMS IN FINANCIAL MANAGEMENT,7,pushed,993,2026-09-04T01:12:11Z,2026-09-05T21:41:08Z,2026-09-05T21:41:34Z,"UWF build 2026-09-04: non-shell, undergraduate (levels 1-4). Graduate 5xxx+ and x9xx shells excluded per the standing procedure in SOURCES.md."
FIN4514,SECURITY ANALYSIS AND PORTFOLIO MANAGEMENT,7,pushed,993,2026-09-04T01:12:11Z,2026-09-05T21:41:08Z,2026-09-05T21:41:35Z,"UWF build 2026-09-04: non-shell, undergraduate (levels 1-4). Graduate 5xxx+ and x9xx shells excluded per the standing procedure in SOURCES.md."
ISM4113,SYSTEMS DESIGN,7,pushed,993,2026-09-04T01:12:11Z,2026-09-04T16:21:46Z,2026-09-04T16:23:56Z,"UWF build 2026-09-04: non-shell, undergraduate (levels 1-4). Graduate 5xxx+ and x9xx shells excluded per the standing procedure in SOURCES.md."
LIT2030,INTRODUCTION TO POETRY,7,pushed,993,2026-09-04T01:12:11Z,2026-09-05T21:41:08Z,2026-09-05T21:41:35Z,"UWF build 2026-09-04: non-shell, undergraduate (levels 1-4). Graduate 5xxx+ and x9xx shells excluded per the standing procedure in SOURCES.md."
MAA4211,ADVANCED CALCULUS I,7,pushed,993,2026-09-04T01:12:11Z,2026-09-06T00:42:45Z,2026-09-06T00:42:57Z,"UWF build 2026-09-04: non-shell, undergraduate (levels 1-4). Graduate 5xxx+ and x9xx shells excluded per the standing procedure in SOURCES.md."
MUG3104,BASIC CONDUCTING,7,pushed,993,2026-09-04T01:12:11Z,2026-09-06T00:42:45Z,2026-09-06T00:42:57Z,"UWF build 2026-09-04: non-shell, undergraduate (levels 1-4). Graduate 5xxx+ and x9xx shells excluded per the standing procedure in SOURCES.md."
MUT3611,FORM AND ANALYSIS,7,pushed,993,2026-09-04T01:12:11Z,2026-09-06T00:42:45Z,2026-09-06T00:42:57Z,"UWF build 2026-09-04: non-shell, undergraduate (levels 1-4). Graduate 5xxx+ and x9xx shells excluded per the standing procedure in SOURCES.md."
MVK3431,PIANO,7,pushed,993,2026-09-04T01:12:11Z,2026-09-04T18:53:41Z,2026-09-04T18:55:34Z,"UWF build 2026-09-04: non-shell, undergraduate (levels 1-4). Graduate 5xxx+ and x9xx shells excluded per the standing procedure in SOURCES.md."
MVK4441,PIANO,7,pushed,993,2026-09-04T01:12:11Z,2026-09-04T18:53:41Z,2026-09-04T18:55:34Z,"UWF build 2026-09-04: non-shell, undergraduate (levels 1-4). Graduate 5xxx+ and x9xx shells excluded per the standing procedure in SOURCES.md."
NUR4257,CRITICAL CARE NURSING,7,pushed,993,2026-09-04T01:12:11Z,2026-09-04T14:14:00Z,2026-09-04T14:15:16Z,"UWF build 2026-09-04: non-shell, undergraduate (levels 1-4). Graduate 5xxx+ and x9xx shells excluded per the standing procedure in SOURCES.md."
NUR4826,ETHICS,7,pushed,993,2026-09-04T01:12:11Z,2026-09-04T13:21:45Z,2026-09-04T13:23:51Z,"UWF build 2026-09-04: non-shell, undergraduate (levels 1-4). Graduate 5xxx+ and x9xx shells excluded per the standing procedure in SOURCES.md."
PCB3043L,ECOLOGY LAB,7,pushed,993,2026-09-04T01:12:11Z,2026-09-04T15:51:30Z,2026-09-04T15:56:01Z,"UWF build 2026-09-04: non-shell, undergraduate (levels 1-4). Graduate 5xxx+ and x9xx shells excluded per the standing procedure in SOURCES.md."
PHH3100,ANCIENT PHILOSOPHY,7,pushed,993,2026-09-04T01:12:11Z,2026-09-06T00:42:45Z,2026-09-06T00:42:57Z,"UWF build 2026-09-04: non-shell, undergraduate (levels 1-4). Graduate 5xxx+ and x9xx shells excluded per the standing procedure in SOURCES.md."
PHI2103,CRITICAL THINKING,7,pushed,993,2026-09-04T01:12:11Z,2026-09-06T00:42:45Z,2026-09-06T00:42:58Z,"UWF build 2026-09-04: non-shell, undergraduate (levels 1-4). Graduate 5xxx+ and x9xx shells excluded per the standing procedure in SOURCES.md."
PHP3786,EXISTENTIALISM,7,pushed,993,2026-09-04T01:12:11Z,2026-09-06T00:42:45Z,2026-09-06T00:42:58Z,"UWF build 2026-09-04: non-shell, undergraduate (levels 1-4). Graduate 5xxx+ and x9xx shells excluded per the standing procedure in SOURCES.md."
POS3413,THE AMERICAN PRESIDENCY,7,pushed,993,2026-09-04T01:12:11Z,2026-09-06T03:07:13Z,2026-09-06T03:07:50Z,"UWF build 2026-09-04: non-shell, undergraduate (levels 1-4). Graduate 5xxx+ and x9xx shells excluded per the standing procedure in SOURCES.md."
PSY4302C,PSYCHOLOGICAL TESTING,7,pushed,993,2026-09-04T01:12:11Z,2026-09-06T03:07:13Z,2026-09-06T03:07:50Z,"UWF build 2026-09-04: non-shell, undergraduate (levels 1-4). Graduate 5xxx+ and x9xx shells excluded per the standing procedure in SOURCES.md."
PUR4800C,PUBLIC RELATIONS CAMPAIGNS,7,pushed,993,2026-09-04T01:12:11Z,2026-09-06T03:07:13Z,2026-09-06T03:07:51Z,"UWF build 2026-09-04: non-shell, undergraduate (levels 1-4). Graduate 5xxx+ and x9xx shells excluded per the standing procedure in SOURCES.md."
SPC3301,INTERPERSONAL COMMUNICATION,7,pushed,993,2026-09-04T01:12:11Z,2026-09-06T03:07:13Z,2026-09-06T03:07:51Z,"UWF build 2026-09-04: non-shell, undergraduate (levels 1-4). Graduate 5xxx+ and x9xx shells excluded per the standing procedure in SOURCES.md."
SPM4723,SPORT LAW,7,pushed,993,2026-09-04T01:12:11Z,2026-09-06T03:07:13Z,2026-09-06T03:07:51Z,"UWF build 2026-09-04: non-shell, undergraduate (levels 1-4). Graduate 5xxx+ and x9xx shells excluded per the standing procedure in SOURCES.md."
TPP2710C,VOICE FOR THE ACTOR,7,pushed,993,2026-09-04T01:12:11Z,2026-09-04T18:58:45Z,2026-09-04T19:01:40Z,"UWF build 2026-09-04: non-shell, undergraduate (levels 1-4). Graduate 5xxx+ and x9xx shells excluded per the standing procedure in SOURCES.md."
ACG2949,INTERNSHIP IN ACCOUNTING,7,skipped,993,2026-08-31T00:09:01Z,,,Daytona State College project - skipped: shell course (internship/special topics/thesis etc.)
ART2949,COOPERATIVE EDUCATION,7,skipped,993,2026-08-31T00:09:01Z,,,Daytona State College project - skipped: shell course (internship/special topics/thesis etc.)
CCJ2949,COOP WORK EXPERIENCE,7,skipped,993,2026-08-31T00:09:01Z,,,Daytona State College project - skipped: shell course (internship/special topics/thesis etc.)
CIS2949,CO-OP WORK EXPERIENCE,7,skipped,993,2026-08-31T00:09:01Z,,,Daytona State College project - skipped: shell course (internship/special topics/thesis etc.)
HFT2949,HOSPITALITY,7,skipped,993,2026-08-31T00:09:01Z,,,Daytona State College project - skipped: shell course (internship/special topics/thesis etc.)
MUN1420C,WOODWIND ENSEMBLE,7,skipped,993,2026-08-31T00:09:01Z,,,"Daytona State College project - skipped: applied music/ensemble, individualized instruction"
MVS2225C,HARP,7,skipped,993,2026-08-31T00:09:01Z,,,"Daytona State College project - skipped: applied music/ensemble, individualized instruction"
MVS3331,PRINCIPAL APPLIED VIOLIN,7,skipped,993,2026-09-04T01:12:11Z,,,Applied music: individual studio instruction - out of scope per Ron 2026-09-04
MVS3332,PRINCIPAL APPLIED VIOLA,7,skipped,993,2026-09-04T01:12:11Z,,,Applied music: individual studio instruction - out of scope per Ron 2026-09-04
MVS3333,APP MUS PRIN CELLO,7,skipped,993,2026-09-04T01:12:11Z,,,Applied music: individual studio instruction - out of scope per Ron 2026-09-04
MVS4342,PRINCIPAL APPLIED VIOLA,7,skipped,993,2026-09-04T01:12:11Z,,,Applied music: individual studio instruction - out of scope per Ron 2026-09-04
MVV3431,VOICE,7,skipped,993,2026-09-04T01:12:11Z,,,Applied music: individual studio instruction - out of scope per Ron 2026-09-04
MVV4441,VOICE,7,skipped,993,2026-09-04T01:12:11Z,,,Applied music: individual studio instruction - out of scope per Ron 2026-09-04
MVW4343,PRINCIPAL APPLIED CLARINET,7,skipped,993,2026-09-04T01:12:11Z,,,Applied music: individual studio instruction - out of scope per Ron 2026-09-04
MVW4345,PRINCIPAL APPLIED SAXOPHONE,7,skipped,993,2026-09-04T01:12:11Z,,,Applied music: individual studio instruction - out of scope per Ron 2026-09-04
PCB4723C,ANIMAL PHYSIOLOGY,7,skipped,993,2026-09-04T01:12:11Z,,,"UWF publishes no C-suffix entry for this number. The UWF halves are published separately and both are live: the lecture and the L laboratory (batches 134-135). Standing split-family rule, Tools/CLAUDE.md."
SLS2940,SERVICE LEARNING,7,skipped,993,2026-08-31T00:09:01Z,,,Daytona State College project - skipped: shell course (internship/special topics/thesis etc.)
TPP3251C,ACTING THE SONG,7,skipped,993,2026-09-04T01:12:11Z,,,"No UWF equivalent at any suffix. UWF's musical theatre line runs TPP2167C, TPP2715L, TPP3252C, TPP3257L and TPP3250; it publishes no TPP3251. Genuine no-coverage, not a split family."
CES3100C,STRUCTURAL ANALYSIS,6,queued,994,2026-09-04T01:12:11Z,,,"UWF build 2026-09-04: non-shell, undergraduate (levels 1-4). Graduate 5xxx+ and x9xx shells excluded per the standing procedure in SOURCES.md."
ENV3001C,ENVIRONMENTAL ENGINEERING,6,queued,994,2026-09-04T01:12:11Z,,,"UWF build 2026-09-04: non-shell, undergraduate (levels 1-4). Graduate 5xxx+ and x9xx shells excluded per the standing procedure in SOURCES.md."
MUG2101,CONDUCTING I,6,queued,994,2026-09-04T01:12:11Z,,,"REFRAMED batch 173 - not a sourcing mystery. It is the LOWER-DIVISION number for conducting, whose university counterpart MUG3104 (BASIC CONDUCTING, 7 inst) is ALREADY PUSHED. Conducting is numbered at 1000/2000/3000/4000 across Florida (MUG1200, MUG2101, MUG3104, MUG3301, MUG4104). Checked and absent at both new Coursedog schools (FSCJ 22693 courses, NWFSC 1781). Inventory wrongly lists UWF - UWF carries MUG3104, not MUG2101. Direct source still blocked (FSW/MDC/SPC). Now a SCOPE call, not a sourcing one."
MUN3443,PERCUSSION ENSEMBLE,6,queued,994,2026-09-04T01:12:11Z,,,"UWF build 2026-09-04: non-shell, undergraduate (levels 1-4). Graduate 5xxx+ and x9xx shells excluded per the standing procedure in SOURCES.md."
ACG3111,FINANCIAL ACCOUNTING & REPORTING II,6,pushed,994,2026-09-04T01:12:11Z,2026-09-06T03:07:13Z,2026-09-06T03:07:51Z,"UWF build 2026-09-04: non-shell, undergraduate (levels 1-4). Graduate 5xxx+ and x9xx shells excluded per the standing procedure in SOURCES.md."
AFR4211,U.S. DEFENSE POLICY & STRATEG. FORMULAT.,6,pushed,994,2026-09-04T01:12:11Z,2026-09-06T03:42:25Z,2026-09-06T03:42:52Z,"UWF build 2026-09-04: non-shell, undergraduate (levels 1-4). Graduate 5xxx+ and x9xx shells excluded per the standing procedure in SOURCES.md."
ANT2511L,BIOLOGICAL ANTHROPOLOGY LAB,6,pushed,994,2026-09-04T01:12:11Z,2026-09-04T03:07:44Z,2026-09-04T03:08:28Z,"UWF build 2026-09-04: non-shell, undergraduate (levels 1-4). Graduate 5xxx+ and x9xx shells excluded per the standing procedure in SOURCES.md."
ANT3241,ANTHROPOLOGY OF RELIGION,6,pushed,994,2026-09-04T01:12:11Z,2026-09-04T09:39:27Z,2026-09-04T09:50:26Z,"UWF build 2026-09-04: non-shell, undergraduate (levels 1-4). Graduate 5xxx+ and x9xx shells excluded per the standing procedure in SOURCES.md."
APK3110C,EXERCISE PHYSIOLOGY,6,pushed,994,2026-09-04T01:12:11Z,2026-09-06T03:42:25Z,2026-09-06T03:42:52Z,"UWF build 2026-09-04: non-shell, undergraduate (levels 1-4). Graduate 5xxx+ and x9xx shells excluded per the standing procedure in SOURCES.md."
APK4125C,EXERCISE PRESCRIPTION,6,pushed,994,2026-09-04T01:12:11Z,2026-09-06T03:42:25Z,2026-09-06T03:42:52Z,"UWF build 2026-09-04: non-shell, undergraduate (levels 1-4). Graduate 5xxx+ and x9xx shells excluded per the standing procedure in SOURCES.md."
CET1112C,LOGIC CIRCUITS I,6,pushed,994,2026-05-04T00:32:59Z,2026-05-02T02:25:40Z,2026-05-04T00:33:34Z,(added by reconcile from orphan draft)
CET1114C,DIGITAL CIRCUITS,6,pushed,994,2026-05-04T00:32:59Z,2026-05-02T02:40:04Z,2026-05-04T00:33:34Z,(added by reconcile from orphan draft)
CET2113C,ADVANCED DIGITAL CIRCUITS,6,pushed,994,2026-05-04T00:32:59Z,2026-05-02T02:58:32Z,2026-05-04T00:33:34Z,(added by reconcile from orphan draft)
CET2660C,NETWORK SECURITY,6,pushed,994,2026-05-04T00:32:59Z,2026-05-02T02:30:05Z,2026-05-04T00:33:34Z,(added by reconcile from orphan draft)
CHM3400C,BASIC PHYSICAL CHEMISTRY,6,pushed,994,2026-09-04T01:12:11Z,2026-09-06T03:42:25Z,2026-09-06T03:42:52Z,"UWF build 2026-09-04: non-shell, undergraduate (levels 1-4). Graduate 5xxx+ and x9xx shells excluded per the standing procedure in SOURCES.md."
CJE3444,CRIME PREVENTION,6,pushed,994,2026-09-04T01:12:11Z,2026-09-06T03:42:25Z,2026-09-06T03:42:53Z,"UWF build 2026-09-04: non-shell, undergraduate (levels 1-4). Graduate 5xxx+ and x9xx shells excluded per the standing procedure in SOURCES.md."
DEP3103,CHILD PSYCHOLOGY,6,pushed,994,2026-09-04T01:12:11Z,2026-09-06T19:15:16Z,2026-09-06T19:15:47Z,"UWF build 2026-09-04: non-shell, undergraduate (levels 1-4). Graduate 5xxx+ and x9xx shells excluded per the standing procedure in SOURCES.md."
DEP4305,ADOLESCENT PSYCHOLOGY,6,pushed,994,2026-09-04T01:12:11Z,2026-09-06T19:15:16Z,2026-09-06T19:15:47Z,"UWF build 2026-09-04: non-shell, undergraduate (levels 1-4). Graduate 5xxx+ and x9xx shells excluded per the standing procedure in SOURCES.md."
DEP4404,PSYCHOLOGY OF ADULT DEVELOPMENT AND AGING,6,pushed,994,2026-09-04T01:12:11Z,2026-09-06T19:15:16Z,2026-09-06T19:15:47Z,"UWF build 2026-09-04: non-shell, undergraduate (levels 1-4). Graduate 5xxx+ and x9xx shells excluded per the standing procedure in SOURCES.md."
ECP3530,ECONOMICS OF HEALTH,6,pushed,994,2026-09-04T01:12:11Z,2026-09-06T19:15:16Z,2026-09-06T19:15:48Z,"UWF build 2026-09-04: non-shell, undergraduate (levels 1-4). Graduate 5xxx+ and x9xx shells excluded per the standing procedure in SOURCES.md."
EEL4213,POWER SYSTEMS I,6,pushed,994,2026-09-04T01:12:11Z,2026-09-04T10:18:12Z,2026-09-04T10:18:20Z,"UWF build 2026-09-04: non-shell, undergraduate (levels 1-4). Graduate 5xxx+ and x9xx shells excluded per the standing procedure in SOURCES.md."
EET2949,WORK EXPERIENCE,6,pushed,994,2026-05-06T11:24:56Z,2026-05-02T10:27:58Z,2026-05-02T10:27:58.894220+00:00,(added by reconcile from orphan draft)
EGN2440,PROBABILITY AND STATISTICS FOR ENGINEERS,6,pushed,994,2026-05-04T13:16:05Z,2026-05-04T19:36:22Z,2026-05-04T15:36:38Z,EGN remaining (all 55)
EML4321,MANUFACTURING,6,pushed,994,2026-09-03T00:49:10Z,2026-09-03T00:49:02Z,2026-09-03T00:49:21Z,(added by reconcile from orphan draft)
EML4804C,MECHATRONICS II,6,pushed,994,2026-09-04T01:12:11Z,2026-09-06T19:15:16Z,2026-09-06T19:15:48Z,"UWF build 2026-09-04: non-shell, undergraduate (levels 1-4). Graduate 5xxx+ and x9xx shells excluded per the standing procedure in SOURCES.md."
ENC3213,WRITING FOR MANAGERS,6,pushed,994,2026-09-04T01:12:11Z,2026-09-06T19:15:16Z,2026-09-06T19:15:48Z,"UWF build 2026-09-04: non-shell, undergraduate (levels 1-4). Graduate 5xxx+ and x9xx shells excluded per the standing procedure in SOURCES.md."
ENL4240,BRITISH ROMANTIC LITERATURE,6,pushed,994,2026-09-04T01:12:11Z,2026-09-06T20:53:09Z,2026-09-06T20:53:23Z,"UWF build 2026-09-04: non-shell, undergraduate (levels 1-4). Graduate 5xxx+ and x9xx shells excluded per the standing procedure in SOURCES.md."
ENL4341,MILTON,6,pushed,994,2026-09-04T01:12:11Z,2026-09-06T20:53:09Z,2026-09-06T20:53:23Z,"UWF build 2026-09-04: non-shell, undergraduate (levels 1-4). Graduate 5xxx+ and x9xx shells excluded per the standing procedure in SOURCES.md."
ESC2000,INTRODUCTION TO EARTH SCIENCE,6,pushed,994,2026-09-04T01:12:11Z,2026-09-06T20:53:09Z,2026-09-06T20:53:23Z,"UWF build 2026-09-04: non-shell, undergraduate (levels 1-4). Graduate 5xxx+ and x9xx shells excluded per the standing procedure in SOURCES.md."
ETD2368C,ADVANCED SOLIDWORKS,6,pushed,994,2026-05-04T00:33:00Z,2026-05-02T10:28:06Z,2026-05-02T10:28:06.612529+00:00,(added by reconcile from orphan draft)
ETD2551,CAD-CIVIL,6,pushed,994,2026-05-04T00:33:00Z,2026-05-02T10:41:09Z,2026-05-02T10:41:09.309060+00:00,(added by reconcile from orphan draft)
ETD2930C,SPECIAL TOPICS IN DRAFTING,6,pushed,994,2026-05-06T11:24:57Z,2026-05-02T10:43:18Z,2026-05-02T10:43:18.387095+00:00,(added by reconcile from orphan draft)
ETI1644,PRODUCTION AND INVENTORY CONTROL,6,pushed,994,2026-05-04T00:33:00Z,2026-05-02T11:22:02Z,2026-05-02T11:22:02.129539+00:00,(added by reconcile from orphan draft)
ETS1511C,MOTORS AND CONTROLS,6,pushed,994,2026-05-04T00:33:01Z,2026-05-02T13:42:44Z,2026-05-02T13:42:44.789389+00:00,(added by reconcile from orphan draft)
ETS2511C,MOTORS AND CONTROLS,6,pushed,994,2026-05-04T00:33:01Z,2026-05-02T14:19:36Z,2026-05-02T14:19:36.717011+00:00,(added by reconcile from orphan draft)
EXP4404,PSYCHOLOGY OF LEARNING,6,pushed,994,2026-09-04T01:12:11Z,2026-09-06T20:53:09Z,2026-09-06T20:53:23Z,"UWF build 2026-09-04: non-shell, undergraduate (levels 1-4). Graduate 5xxx+ and x9xx shells excluded per the standing procedure in SOURCES.md."
FIN3124,FINANCIAL PLANNING,6,pushed,994,2026-09-04T01:12:11Z,2026-09-06T20:53:09Z,2026-09-06T20:53:23Z,"UWF build 2026-09-04: non-shell, undergraduate (levels 1-4). Graduate 5xxx+ and x9xx shells excluded per the standing procedure in SOURCES.md."
FIN4132,ESTATE PLANNING,6,pushed,994,2026-09-04T01:12:11Z,2026-09-06T20:53:09Z,2026-09-06T20:53:24Z,"UWF build 2026-09-04: non-shell, undergraduate (levels 1-4). Graduate 5xxx+ and x9xx shells excluded per the standing procedure in SOURCES.md."
FIN4560,EQUITY FUND MANAGEMENT,6,pushed,994,2026-09-04T01:12:11Z,2026-09-06T21:13:20Z,2026-09-06T21:13:35Z,"UWF build 2026-09-04: non-shell, undergraduate (levels 1-4). Graduate 5xxx+ and x9xx shells excluded per the standing procedure in SOURCES.md."
GLY2010L,PHYSICAL GEOLOGY LABORATORY,6,pushed,994,2026-09-04T01:12:11Z,2026-09-05T19:16:15Z,2026-09-05T19:16:25Z,"UWF build 2026-09-04: non-shell, undergraduate (levels 1-4). Graduate 5xxx+ and x9xx shells excluded per the standing procedure in SOURCES.md."
GRA2111C,GRAPHIC DESIGN I,6,pushed,994,2026-09-04T01:12:11Z,2026-09-06T21:13:20Z,2026-09-06T21:13:35Z,"UWF build 2026-09-04: non-shell, undergraduate (levels 1-4). Graduate 5xxx+ and x9xx shells excluded per the standing procedure in SOURCES.md."
HFT4295,RESORT & HOSP STRATEGIC MGMT,6,pushed,994,2026-09-04T01:12:11Z,2026-09-06T21:13:20Z,2026-09-06T21:13:36Z,"UWF build 2026-09-04: non-shell, undergraduate (levels 1-4). Graduate 5xxx+ and x9xx shells excluded per the standing procedure in SOURCES.md."
ISM4320,APPLICATIONS IN INFORMATION SECURITY,6,pushed,994,2026-09-04T01:12:11Z,2026-09-04T16:21:46Z,2026-09-04T16:23:56Z,"UWF build 2026-09-04: non-shell, undergraduate (levels 1-4). Graduate 5xxx+ and x9xx shells excluded per the standing procedure in SOURCES.md."
ISM4545,VISUAL ANALYTICS I,6,pushed,994,2026-09-04T01:12:11Z,2026-09-04T16:23:36Z,2026-09-04T16:23:56Z,"UWF build 2026-09-04: non-shell, undergraduate (levels 1-4). Graduate 5xxx+ and x9xx shells excluded per the standing procedure in SOURCES.md."
JOU3101C,REPORTING I,6,pushed,994,2026-09-04T01:12:11Z,2026-09-06T21:13:20Z,2026-09-06T21:13:36Z,"UWF build 2026-09-04: non-shell, undergraduate (levels 1-4). Graduate 5xxx+ and x9xx shells excluded per the standing procedure in SOURCES.md."
JOU4181,PUBLIC AFFAIRS REPORTING,6,pushed,994,2026-09-04T01:12:11Z,2026-09-06T21:13:20Z,2026-09-06T21:13:36Z,"UWF build 2026-09-04: non-shell, undergraduate (levels 1-4). Graduate 5xxx+ and x9xx shells excluded per the standing procedure in SOURCES.md."
JPN1120C,JAPANESE I,6,pushed,994,2026-09-04T01:12:11Z,2026-09-06T21:53:49Z,2026-09-06T21:53:57Z,"UWF build 2026-09-04: non-shell, undergraduate (levels 1-4). Graduate 5xxx+ and x9xx shells excluded per the standing procedure in SOURCES.md."
JPN1121C,JAPANESE II,6,pushed,994,2026-09-04T01:12:11Z,2026-09-06T21:53:49Z,2026-09-06T21:53:57Z,"UWF build 2026-09-04: non-shell, undergraduate (levels 1-4). Graduate 5xxx+ and x9xx shells excluded per the standing procedure in SOURCES.md."
MAE4320,TEACHING MATHEMATICS IN MIDDLE SCHOOL,6,pushed,994,2026-09-04T01:12:11Z,2026-09-06T21:53:49Z,2026-09-06T21:53:57Z,"UWF build 2026-09-04: non-shell, undergraduate (levels 1-4). Graduate 5xxx+ and x9xx shells excluded per the standing procedure in SOURCES.md."
MUE3311,PUBLIC SCHOOL MUSIC,6,pushed,994,2026-09-04T01:12:11Z,2026-09-06T21:53:49Z,2026-09-06T21:53:58Z,"UWF build 2026-09-04: non-shell, undergraduate (levels 1-4). Graduate 5xxx+ and x9xx shells excluded per the standing procedure in SOURCES.md."
MUT4311,ORCHESTRATION,6,pushed,994,2026-09-04T01:12:11Z,2026-09-06T21:53:49Z,2026-09-06T21:53:58Z,"UWF build 2026-09-04: non-shell, undergraduate (levels 1-4). Graduate 5xxx+ and x9xx shells excluded per the standing procedure in SOURCES.md."
MVK4343,PRINCIPAL APPLIED ORGAN,6,pushed,994,2026-09-04T01:12:11Z,2026-09-04T18:53:41Z,2026-09-04T18:55:34Z,"UWF build 2026-09-04: non-shell, undergraduate (levels 1-4). Graduate 5xxx+ and x9xx shells excluded per the standing procedure in SOURCES.md."
PHI3320,PHILOSOPHY OF MIND,6,pushed,994,2026-09-04T01:12:11Z,2026-09-06T21:53:49Z,2026-09-06T21:53:58Z,"UWF build 2026-09-04: non-shell, undergraduate (levels 1-4). Graduate 5xxx+ and x9xx shells excluded per the standing procedure in SOURCES.md."
PHI3670,ETHICAL THEORY,6,pushed,994,2026-09-04T01:12:11Z,2026-09-06T22:25:29Z,2026-09-06T22:25:37Z,"UWF build 2026-09-04: non-shell, undergraduate (levels 1-4). Graduate 5xxx+ and x9xx shells excluded per the standing procedure in SOURCES.md."
PHY3424C,OPTICS,6,pushed,994,2026-09-04T01:12:11Z,2026-09-07T01:08:06Z,2026-09-07T01:08:15Z,"UWF build 2026-09-04: non-shell, undergraduate (levels 1-4). Graduate 5xxx+ and x9xx shells excluded per the standing procedure in SOURCES.md."
POS3424,LEGISLATIVE PROCESS,6,pushed,994,2026-09-04T01:12:11Z,2026-09-06T22:25:29Z,2026-09-06T22:25:38Z,"UWF build 2026-09-04: non-shell, undergraduate (levels 1-4). Graduate 5xxx+ and x9xx shells excluded per the standing procedure in SOURCES.md."
POT4204,AMERICAN POLITICAL THOUGHT,6,pushed,994,2026-09-04T01:12:11Z,2026-09-06T22:25:29Z,2026-09-06T22:25:38Z,"UWF build 2026-09-04: non-shell, undergraduate (levels 1-4). Graduate 5xxx+ and x9xx shells excluded per the standing procedure in SOURCES.md."
PSY2023,CAREERS IN PSYCHOLOGY,6,pushed,994,2026-09-04T01:12:11Z,2026-09-06T22:25:29Z,2026-09-06T22:25:38Z,"UWF build 2026-09-04: non-shell, undergraduate (levels 1-4). Graduate 5xxx+ and x9xx shells excluded per the standing procedure in SOURCES.md."
PUR3100,WRITING FOR PUBLIC RELATIONS,6,pushed,994,2026-09-04T01:12:11Z,2026-09-06T22:25:29Z,2026-09-06T22:25:38Z,"UWF build 2026-09-04: non-shell, undergraduate (levels 1-4). Graduate 5xxx+ and x9xx shells excluded per the standing procedure in SOURCES.md."
PUR4400C,CRISIS COMMUNICATIONS,6,pushed,994,2026-09-04T01:12:12Z,2026-09-07T01:08:06Z,2026-09-07T01:08:15Z,"UWF build 2026-09-04: non-shell, undergraduate (levels 1-4). Graduate 5xxx+ and x9xx shells excluded per the standing procedure in SOURCES.md."
SOW3203,INTRODUCTION TO SOCIAL WORK,6,pushed,994,2026-09-04T01:12:12Z,2026-09-06T22:25:29Z,2026-09-06T22:25:39Z,"UWF build 2026-09-04: non-shell, undergraduate (levels 1-4). Graduate 5xxx+ and x9xx shells excluded per the standing procedure in SOURCES.md."
SOW3350,INTERVIEWING AND DOCUMENTATION,6,pushed,994,2026-09-04T01:12:12Z,2026-09-07T01:08:06Z,2026-09-07T01:08:15Z,"UWF build 2026-09-04: non-shell, undergraduate (levels 1-4). Graduate 5xxx+ and x9xx shells excluded per the standing procedure in SOURCES.md."
SOW4510C,INTEGRATIVE SEMINAR AND FIELD PLACEMENT,6,pushed,994,2026-09-04T01:12:12Z,2026-09-07T01:08:06Z,2026-09-07T01:08:16Z,"UWF build 2026-09-04: non-shell, undergraduate (levels 1-4). Graduate 5xxx+ and x9xx shells excluded per the standing procedure in SOURCES.md."
ZOO4454C,ICHTHYOLOGY,6,pushed,994,2026-09-04T01:12:12Z,2026-09-07T01:08:06Z,2026-09-07T01:08:16Z,"UWF build 2026-09-04: non-shell, undergraduate (levels 1-4). Graduate 5xxx+ and x9xx shells excluded per the standing procedure in SOURCES.md."
ANT4525C,HUMAN OSTEOLOGY,6,skipped,994,2026-09-04T01:12:11Z,,,UWF runs the split family; covered by ANT4525 + ANT4525L (both published). Batch 124 rule.
ART2905,INDEPENDENT STUDY,6,skipped,994,2026-08-31T00:09:01Z,,,Daytona State College project - skipped: shell course (internship/special topics/thesis etc.)
HSC2949,COOPERATIVE EDUCATION,6,skipped,994,2026-08-31T00:09:01Z,,,Daytona State College project - skipped: shell course (internship/special topics/thesis etc.)
ISM4905,DIRECTED STUDY,6,skipped,994,2026-08-31T00:09:01Z,,,Daytona State College project - skipped: shell course (internship/special topics/thesis etc.)
MUN1711,JAZZ COMBO,6,skipped,994,2026-08-31T00:09:01Z,,,"Daytona State College project - skipped: applied music/ensemble, individualized instruction"
MUS2905,DIRECTED STUDY,6,skipped,994,2026-08-31T00:09:01Z,,,Daytona State College project - skipped: shell course (internship/special topics/thesis etc.)
MVK2222,SECONDARY PIANO 4,6,skipped,994,2026-08-31T00:09:01Z,,,"Daytona State College project - skipped: applied music/ensemble, individualized instruction"
MVK2322,HARPSICHORD--PRINCIPAL,6,skipped,994,2026-08-31T00:09:01Z,,,"Daytona State College project - skipped: applied music/ensemble, individualized instruction"
MVS1215,HARP,6,skipped,994,2026-08-31T00:09:01Z,,,"Daytona State College project - skipped: applied music/ensemble, individualized instruction"
MVS2126,INTERMEDIATE CLASS GUITAR,6,skipped,994,2026-08-31T00:09:01Z,,,"Daytona State College project - skipped: applied music/ensemble, individualized instruction"
MVS4341,PRINCIPAL APPLIED VIOLIN,6,skipped,994,2026-09-04T01:12:11Z,,,Applied music: individual studio instruction - out of scope per Ron 2026-09-04
MVS4343,APP MUS PRIN CELLO,6,skipped,994,2026-09-04T01:12:11Z,,,Applied music: individual studio instruction - out of scope per Ron 2026-09-04
NUR3065L,HEALTH ASSESSMENT,6,skipped,994,2026-09-04T01:12:11Z,,,No UWF equivalent; UWF publishes NUR3067 Health Assessment and Promotion instead (published batch 128). Batch 129.
NUR4828C,PROFESSIONAL NURSING III,6,skipped,994,2026-09-04T01:12:11Z,,,UWF publishes lecture-only NUR4828; covered by NUR4828 (published batch 128). Batch 129.
PGY2905C,INDEPENDENT STUDY,6,skipped,994,2026-08-31T00:09:01Z,,,Daytona State College project - skipped: shell course (internship/special topics/thesis etc.)
MUN3133,SYMPHONIC BAND,5,queued,995,2026-09-04T01:12:12Z,,,"UWF build 2026-09-04: non-shell, undergraduate (levels 1-4). Graduate 5xxx+ and x9xx shells excluded per the standing procedure in SOURCES.md."
MUN3323,CHORALE,5,queued,995,2026-09-04T01:12:12Z,,,"UWF build 2026-09-04: non-shell, undergraduate (levels 1-4). Graduate 5xxx+ and x9xx shells excluded per the standing procedure in SOURCES.md."
MUN4714,CHAMBER JAZZ,5,queued,995,2026-09-04T01:12:12Z,,,"UWF build 2026-09-04: non-shell, undergraduate (levels 1-4). Graduate 5xxx+ and x9xx shells excluded per the standing procedure in SOURCES.md."
MVV4640,VOCAL PEDAGOGY,5,queued,995,2026-09-04T01:12:12Z,,,"UWF build 2026-09-04: non-shell, undergraduate (levels 1-4). Graduate 5xxx+ and x9xx shells excluded per the standing procedure in SOURCES.md."
PUR4801,PUBLIC RELATIONS CASES,5,queued,995,2026-09-04T01:12:12Z,,,"HELD for Ron - batch 173. Numbering collision, already flagged in CLAUDE.md. Statewide PUR4801 = Public Relations Cases (FAMU/UCF/UNF/USF/UWF); UWF alone uses PUR4801 for the campaigns capstone that FGCU/FSU/FIU number PUR4800 and that is ALREADY PUBLISHED here as PUR4800C. Writing from UWF alone would duplicate live content under a number meaning something else elsewhere. See REVIEW_QUEUE item 26."
TPA3230C,COSTUME DESIGN,5,queued,995,2026-09-04T01:12:12Z,,,HELD for Ron - batch 173. THREE subjects under one number: UWF TPA3230 = Costume Construction; FGCU TPA3230 = Costume Design; FIU TPA3230 = Costume History; FSU TPA3230 = Costuming I (sewing). Also NO institution carries the C suffix. Statewide title (Costume Design) matches only the FGCU minority reading. See REVIEW_QUEUE item 25.
TTE4804,HIGHWAY GEOMETRIC DESIGN,5,queued,995,2026-09-04T01:12:12Z,,,"UWF build 2026-09-04: non-shell, undergraduate (levels 1-4). Graduate 5xxx+ and x9xx shells excluded per the standing procedure in SOURCES.md."
ADV2000C,ADVERTISING,5,pushed,995,2026-09-04T01:12:12Z,2026-09-07T15:04:22Z,2026-09-07T15:04:35Z,"UWF build 2026-09-04: non-shell, undergraduate (levels 1-4). Graduate 5xxx+ and x9xx shells excluded per the standing procedure in SOURCES.md."
AMH4575,THE CIVIL RIGHTS MOVEMENT,5,pushed,995,2026-09-04T01:12:12Z,2026-09-07T01:08:06Z,2026-09-07T01:08:16Z,"UWF build 2026-09-04: non-shell, undergraduate (levels 1-4). Graduate 5xxx+ and x9xx shells excluded per the standing procedure in SOURCES.md."
AMS2010,CIVIL DISCOURSE AND THE AMERICAN POLITICAL ORDER,5,pushed,995,2026-09-04T01:12:12Z,2026-09-07T01:46:47Z,2026-09-07T01:46:57Z,"UWF build 2026-09-04: non-shell, undergraduate (levels 1-4). Graduate 5xxx+ and x9xx shells excluded per the standing procedure in SOURCES.md."
ART3504C,INTERMEDIATE PAINTING,5,pushed,995,2026-09-04T01:12:12Z,2026-09-04T14:34:36Z,2026-09-04T14:36:55Z,"UWF build 2026-09-04: non-shell, undergraduate (levels 1-4). Graduate 5xxx+ and x9xx shells excluded per the standing procedure in SOURCES.md."
ART3505C,PAINTING II,5,pushed,995,2026-09-04T01:12:12Z,2026-09-04T14:34:36Z,2026-09-04T14:36:55Z,"UWF build 2026-09-04: non-shell, undergraduate (levels 1-4). Graduate 5xxx+ and x9xx shells excluded per the standing procedure in SOURCES.md."
BCH3033,BIOCHEMISTRY I,5,pushed,995,2026-09-04T01:12:12Z,2026-09-07T01:46:47Z,2026-09-07T01:46:57Z,"UWF build 2026-09-04: non-shell, undergraduate (levels 1-4). Graduate 5xxx+ and x9xx shells excluded per the standing procedure in SOURCES.md."
BCH3033L,BIOCHEMISTRY I LAB,5,pushed,995,2026-09-04T01:12:12Z,2026-09-07T01:46:47Z,2026-09-07T01:46:58Z,"UWF build 2026-09-04: non-shell, undergraduate (levels 1-4). Graduate 5xxx+ and x9xx shells excluded per the standing procedure in SOURCES.md."
BCH3034,BIOCHEMISTRY II,5,pushed,995,2026-09-04T01:12:12Z,2026-09-07T01:46:47Z,2026-09-07T01:46:58Z,"UWF build 2026-09-04: non-shell, undergraduate (levels 1-4). Graduate 5xxx+ and x9xx shells excluded per the standing procedure in SOURCES.md."
BCN3762,CODES AND STANDARDS,5,pushed,995,2026-09-04T01:12:12Z,2026-09-07T11:52:46Z,2026-09-07T11:53:19Z,"UWF build 2026-09-04: non-shell, undergraduate (levels 1-4). Graduate 5xxx+ and x9xx shells excluded per the standing procedure in SOURCES.md."
BCN4720C,SCHEDULING,5,pushed,995,2026-09-04T01:12:12Z,2026-09-07T11:52:46Z,2026-09-07T11:53:19Z,"UWF build 2026-09-04: non-shell, undergraduate (levels 1-4). Graduate 5xxx+ and x9xx shells excluded per the standing procedure in SOURCES.md."
CAI4203,DEEP LEARNING,5,pushed,995,2026-09-04T01:12:12Z,2026-09-07T01:46:47Z,2026-09-07T01:46:58Z,"UWF build 2026-09-04: non-shell, undergraduate (levels 1-4). Graduate 5xxx+ and x9xx shells excluded per the standing procedure in SOURCES.md."
CCJ3014,CRIMINOLOGY,5,pushed,995,2026-09-04T01:12:12Z,2026-09-07T01:46:47Z,2026-09-07T01:46:58Z,"UWF build 2026-09-04: non-shell, undergraduate (levels 1-4). Graduate 5xxx+ and x9xx shells excluded per the standing procedure in SOURCES.md."
CEN4721,HUMAN COMPUTER INTERACTION,5,pushed,995,2026-09-04T01:12:12Z,2026-09-07T11:52:46Z,2026-09-07T11:53:19Z,"UWF build 2026-09-04: non-shell, undergraduate (levels 1-4). Graduate 5xxx+ and x9xx shells excluded per the standing procedure in SOURCES.md."
CET1171C,IT ESSENTIALS,5,pushed,995,2026-05-04T00:32:59Z,2026-05-02T02:45:45Z,2026-05-04T00:33:34Z,(added by reconcile from orphan draft)
CET1179C,A+ CERTIFICATION SOFTWARE,5,pushed,995,2026-05-04T00:32:59Z,2026-05-02T02:51:22Z,2026-05-04T00:33:35Z,(added by reconcile from orphan draft)
CHM3410,PHYSICAL CHEMISTRY I,5,pushed,995,2026-09-04T01:12:12Z,2026-09-07T02:21:29Z,2026-09-07T02:21:39Z,"UWF build 2026-09-04: non-shell, undergraduate (levels 1-4). Graduate 5xxx+ and x9xx shells excluded per the standing procedure in SOURCES.md."
CHM3411,PHYSICAL CHEMISTRY II,5,pushed,995,2026-09-04T01:12:12Z,2026-09-07T02:21:29Z,2026-09-07T02:21:40Z,"UWF build 2026-09-04: non-shell, undergraduate (levels 1-4). Graduate 5xxx+ and x9xx shells excluded per the standing procedure in SOURCES.md."
CHM4455,POLYMER CHEMISTRY,5,pushed,995,2026-09-04T01:12:12Z,2026-09-07T11:52:46Z,2026-09-07T11:53:19Z,"UWF build 2026-09-04: non-shell, undergraduate (levels 1-4). Graduate 5xxx+ and x9xx shells excluded per the standing procedure in SOURCES.md."
CLP4302,INTRODUCTION TO CLINICAL PSYCHOLOGY,5,pushed,995,2026-09-04T01:12:12Z,2026-09-07T02:21:29Z,2026-09-07T02:21:40Z,"UWF build 2026-09-04: non-shell, undergraduate (levels 1-4). Graduate 5xxx+ and x9xx shells excluded per the standing procedure in SOURCES.md."
CLP4390,FORENSIC PSYCHOLOGY,5,pushed,995,2026-09-04T01:12:12Z,2026-09-07T02:21:29Z,2026-09-07T02:21:40Z,"UWF build 2026-09-04: non-shell, undergraduate (levels 1-4). Graduate 5xxx+ and x9xx shells excluded per the standing procedure in SOURCES.md."
COM3465,CONFLICT RESOLUTION,5,pushed,995,2026-09-04T01:12:12Z,2026-09-07T02:21:29Z,2026-09-07T02:21:40Z,"UWF build 2026-09-04: non-shell, undergraduate (levels 1-4). Graduate 5xxx+ and x9xx shells excluded per the standing procedure in SOURCES.md."
COP3813C,INTERNET PROGRAMMING,5,pushed,995,2026-09-04T01:12:12Z,2026-09-07T15:04:22Z,2026-09-07T15:04:35Z,"UWF build 2026-09-04: non-shell, undergraduate (levels 1-4). Graduate 5xxx+ and x9xx shells excluded per the standing procedure in SOURCES.md."
COP4710,DATABASE SYSTEMS,5,pushed,995,2026-09-04T01:12:12Z,2026-09-07T11:52:46Z,2026-09-07T11:53:20Z,"UWF build 2026-09-04: non-shell, undergraduate (levels 1-4). Graduate 5xxx+ and x9xx shells excluded per the standing procedure in SOURCES.md."
COT4210,DISCRETE STRUCTURES II,5,pushed,995,2026-05-05T22:11:59Z,2026-05-05T23:41:06Z,2026-05-05T22:12:21Z,(added by reconcile from orphan draft)
COT4400,DESIGN AND ANALYSIS OF ALGORITHMS,5,pushed,995,2026-05-05T22:11:59Z,2026-05-05T23:41:06Z,2026-05-05T22:12:21Z,(added by reconcile from orphan draft)
COT5405,DESIGN AND ANALYSIS OF ALGORITHMS,5,pushed,995,2026-05-05T22:11:59Z,2026-05-05T23:41:06Z,2026-05-05T22:12:21Z,(added by reconcile from orphan draft)
CRW3110,FICTION WRITING,5,pushed,995,2026-09-04T01:12:12Z,2026-09-07T02:21:29Z,2026-09-07T02:21:40Z,"UWF build 2026-09-04: non-shell, undergraduate (levels 1-4). Graduate 5xxx+ and x9xx shells excluded per the standing procedure in SOURCES.md."
EET2325C,RF COMMUNICATION,5,pushed,995,2026-05-04T00:32:59Z,2026-05-02T10:27:56Z,2026-05-02T10:27:56.881415+00:00,(added by reconcile from orphan draft)
EGN3613,ENGINEERING ECONOMIC ANALYSIS,5,pushed,995,2026-05-04T13:16:05Z,2026-05-04T19:36:22Z,2026-05-04T15:36:38Z,EGN remaining (all 55)
EME3410,INTEGRATING TECHNOLOGY IN THE CLASSROOM,5,pushed,995,2026-09-04T01:12:12Z,2026-09-07T17:08:27Z,2026-09-07T17:09:00Z,"UWF build 2026-09-04: non-shell, undergraduate (levels 1-4). Graduate 5xxx+ and x9xx shells excluded per the standing procedure in SOURCES.md."
EML3015C,FLUIDS,5,pushed,995,2026-09-03T00:18:12Z,2026-09-03T00:18:11Z,2026-09-03T00:18:45Z,(added by reconcile from orphan draft)
EML4542,MATERIALS SELECTION,5,pushed,995,2026-09-03T00:49:10Z,2026-09-03T00:49:02Z,2026-09-03T00:49:21Z,(added by reconcile from orphan draft)
ENC3416,DIGITAL WRITING,5,pushed,995,2026-09-04T01:12:12Z,2026-09-07T11:52:46Z,2026-09-07T11:53:20Z,"UWF build 2026-09-04: non-shell, undergraduate (levels 1-4). Graduate 5xxx+ and x9xx shells excluded per the standing procedure in SOURCES.md."
ENL4333,SHAKESPEARE,5,pushed,995,2026-09-04T01:12:12Z,2026-09-07T15:04:22Z,2026-09-07T15:04:36Z,"UWF build 2026-09-04: non-shell, undergraduate (levels 1-4). Graduate 5xxx+ and x9xx shells excluded per the standing procedure in SOURCES.md."
ETD2320C,AUTOCAD FUNDAMENTALS,5,pushed,995,2026-05-04T00:33:00Z,2026-05-02T10:28:05Z,2026-05-02T10:28:05.252959+00:00,(added by reconcile from orphan draft)
ETI0450,Industrial Machinery Maintenance Assistant,5,pushed,995,2026-05-04T00:33:00Z,2026-05-02T11:01:07Z,2026-08-30T17:53:35Z,(added by reconcile from orphan draft)
ETI0456,Machinery Maintenance Mechanic,5,pushed,995,2026-05-04T00:33:00Z,2026-05-02T11:02:26Z,2026-05-04T00:33:35Z,(added by reconcile from orphan draft)
ETI0457,Machinery Maintenance Technician,5,pushed,995,2026-05-04T00:33:00Z,2026-05-02T11:03:41Z,2026-05-04T00:33:35Z,(added by reconcile from orphan draft)
ETI2411C,INDUSTRIAL PROCESSES,5,pushed,995,2026-05-04T00:33:00Z,2026-05-02T11:50:33Z,2026-05-02T11:50:33.962895+00:00,(added by reconcile from orphan draft)
ETI2622C,CONCEPTS OF LEAN SIX SIGMA MANUFACTURING,5,pushed,995,2026-05-04T00:33:00Z,2026-05-02T12:01:05Z,2026-05-02T12:01:05.368135+00:00,(added by reconcile from orphan draft)
ETS2527C,ELECTROMECHANICAL COMPONENTS AND MECHANISMS,5,pushed,995,2026-05-04T00:33:01Z,2026-05-02T14:21:27Z,2026-05-02T14:21:27.775589+00:00,(added by reconcile from orphan draft)
EUH3411,ANCIENT ROME,5,pushed,995,2026-09-04T01:12:12Z,2026-09-07T15:04:22Z,2026-09-07T15:04:36Z,"UWF build 2026-09-04: non-shell, undergraduate (levels 1-4). Graduate 5xxx+ and x9xx shells excluded per the standing procedure in SOURCES.md."
EUH3576,SOVIET UNION SINCE 1917,5,pushed,995,2026-09-04T01:12:12Z,2026-09-07T15:04:22Z,2026-09-07T15:04:36Z,"UWF build 2026-09-04: non-shell, undergraduate (levels 1-4). Graduate 5xxx+ and x9xx shells excluded per the standing procedure in SOURCES.md."
EXP4204C,PERCEPTION,5,pushed,995,2026-09-04T01:12:12Z,2026-09-07T17:08:27Z,2026-09-07T17:09:00Z,"UWF build 2026-09-04: non-shell, undergraduate (levels 1-4). Graduate 5xxx+ and x9xx shells excluded per the standing procedure in SOURCES.md."
FIN4128,FINANCIAL PLAN DEVELOPMENT,5,pushed,995,2026-09-04T01:12:12Z,2026-09-07T17:08:27Z,2026-09-07T17:09:01Z,"UWF build 2026-09-04: non-shell, undergraduate (levels 1-4). Graduate 5xxx+ and x9xx shells excluded per the standing procedure in SOURCES.md."
GIS4043C,GEOGRAPHIC INFORMATION SYSTEMS,5,pushed,995,2026-09-04T01:12:12Z,2026-09-07T15:04:22Z,2026-09-07T15:04:36Z,"UWF build 2026-09-04: non-shell, undergraduate (levels 1-4). Graduate 5xxx+ and x9xx shells excluded per the standing procedure in SOURCES.md."
GRA2208C,TYPOGRAPHY,5,pushed,995,2026-09-04T01:12:12Z,2026-09-07T17:08:27Z,2026-09-07T17:09:01Z,"UWF build 2026-09-04: non-shell, undergraduate (levels 1-4). Graduate 5xxx+ and x9xx shells excluded per the standing procedure in SOURCES.md."
GRA3102C,VISUAL COMMUNICATION,5,pushed,995,2026-09-04T01:12:12Z,2026-09-07T17:08:27Z,2026-09-07T17:09:01Z,"UWF build 2026-09-04: non-shell, undergraduate (levels 1-4). Graduate 5xxx+ and x9xx shells excluded per the standing procedure in SOURCES.md."
HSA4430,HEALTH ECONOMICS,5,pushed,995,2026-09-04T01:12:12Z,2026-09-07T17:08:27Z,2026-09-07T17:09:01Z,"UWF build 2026-09-04: non-shell, undergraduate (levels 1-4). Graduate 5xxx+ and x9xx shells excluded per the standing procedure in SOURCES.md."
HSC3032,FOUNDATIONS OF PUBLIC HEALTH,5,pushed,995,2026-09-04T01:12:12Z,2026-09-04T15:29:53Z,2026-09-04T15:33:37Z,"UWF build 2026-09-04: non-shell, undergraduate (levels 1-4). Graduate 5xxx+ and x9xx shells excluded per the standing procedure in SOURCES.md."
IDS4890,SENIOR CAPSTONE,5,pushed,995,2026-09-04T01:12:12Z,2026-09-07T20:55:13Z,2026-09-07T20:55:22Z,"UWF build 2026-09-04: non-shell, undergraduate (levels 1-4). Graduate 5xxx+ and x9xx shells excluded per the standing procedure in SOURCES.md."
INR4102,AMERICAN FOREIGN POLICY,5,pushed,995,2026-09-04T01:12:12Z,2026-09-07T20:55:13Z,2026-09-07T20:55:22Z,"UWF build 2026-09-04: non-shell, undergraduate (levels 1-4). Graduate 5xxx+ and x9xx shells excluded per the standing procedure in SOURCES.md."
MAN3802,PRINCIPLES OF ENTREPRENEURSHIP,5,pushed,995,2026-09-04T01:12:12Z,2026-09-04T17:29:30Z,2026-09-04T17:29:39Z,"UWF build 2026-09-04: non-shell, undergraduate (levels 1-4). Graduate 5xxx+ and x9xx shells excluded per the standing procedure in SOURCES.md."
MHF3202,SETS & LOGIC,5,pushed,995,2026-09-04T01:12:12Z,2026-09-07T20:55:13Z,2026-09-07T20:55:22Z,"UWF build 2026-09-04: non-shell, undergraduate (levels 1-4). Graduate 5xxx+ and x9xx shells excluded per the standing procedure in SOURCES.md."
MUE4481C,JAZZ ENSEMBLE TECHNIQUES,5,pushed,995,2026-09-04T01:12:12Z,2026-09-07T20:55:13Z,2026-09-07T20:55:23Z,"UWF build 2026-09-04: non-shell, undergraduate (levels 1-4). Graduate 5xxx+ and x9xx shells excluded per the standing procedure in SOURCES.md."
MUL4400,PIANO LITERATURE,5,pushed,995,2026-09-04T01:12:12Z,2026-09-07T20:55:13Z,2026-09-07T20:55:23Z,"UWF build 2026-09-04: non-shell, undergraduate (levels 1-4). Graduate 5xxx+ and x9xx shells excluded per the standing procedure in SOURCES.md."
MVK3333,APP MUS PRIN ORGAN,5,pushed,995,2026-09-04T01:12:12Z,2026-09-04T18:53:41Z,2026-09-04T18:55:34Z,"UWF build 2026-09-04: non-shell, undergraduate (levels 1-4). Graduate 5xxx+ and x9xx shells excluded per the standing procedure in SOURCES.md."
MVK3702,ACCOMPANYING,5,pushed,995,2026-09-04T01:12:12Z,2026-09-04T18:55:15Z,2026-09-04T18:55:35Z,"UWF build 2026-09-04: non-shell, undergraduate (levels 1-4). Graduate 5xxx+ and x9xx shells excluded per the standing procedure in SOURCES.md."
NUR1010,INTRODUCTION TO NURSING,5,pushed,995,2026-09-04T01:12:12Z,2026-09-04T13:23:42Z,2026-09-04T13:23:52Z,"UWF build 2026-09-04: non-shell, undergraduate (levels 1-4). Graduate 5xxx+ and x9xx shells excluded per the standing procedure in SOURCES.md."
PHH3400,MODERN PHILOSOPHY,5,pushed,995,2026-09-04T01:12:12Z,2026-09-07T21:13:07Z,2026-09-07T21:13:19Z,"UWF build 2026-09-04: non-shell, undergraduate (levels 1-4). Graduate 5xxx+ and x9xx shells excluded per the standing procedure in SOURCES.md."
PHI3130,LOGIC,5,pushed,995,2026-09-04T01:12:12Z,2026-09-07T20:55:13Z,2026-09-07T20:55:23Z,"UWF build 2026-09-04: non-shell, undergraduate (levels 1-4). Graduate 5xxx+ and x9xx shells excluded per the standing procedure in SOURCES.md."
PHI3500,METAPHYSICS,5,pushed,995,2026-09-04T01:12:12Z,2026-09-07T21:13:07Z,2026-09-07T21:13:19Z,"UWF build 2026-09-04: non-shell, undergraduate (levels 1-4). Graduate 5xxx+ and x9xx shells excluded per the standing procedure in SOURCES.md."
PHI3800,AESTHETICS,5,pushed,995,2026-09-04T01:12:12Z,2026-09-07T21:13:07Z,2026-09-07T21:13:20Z,"UWF build 2026-09-04: non-shell, undergraduate (levels 1-4). Graduate 5xxx+ and x9xx shells excluded per the standing procedure in SOURCES.md."
PHY3722C,ELECTRONICS,5,pushed,995,2026-09-04T01:12:12Z,2026-09-07T21:13:07Z,2026-09-07T21:13:20Z,"UWF build 2026-09-04: non-shell, undergraduate (levels 1-4). Graduate 5xxx+ and x9xx shells excluded per the standing procedure in SOURCES.md."
PHY3802L,INTERMEDIATE PHYSICS LAB,5,pushed,995,2026-09-04T01:12:12Z,2026-09-07T21:13:07Z,2026-09-07T21:13:21Z,"UWF build 2026-09-04: non-shell, undergraduate (levels 1-4). Graduate 5xxx+ and x9xx shells excluded per the standing procedure in SOURCES.md."
SPC4540,PERSUASION,5,pushed,995,2026-09-04T01:12:12Z,2026-09-07T21:13:07Z,2026-09-07T21:13:21Z,"UWF build 2026-09-04: non-shell, undergraduate (levels 1-4). Graduate 5xxx+ and x9xx shells excluded per the standing procedure in SOURCES.md."
SPM3004,PRINCIPLES OF SPORTS MGT,5,pushed,995,2026-09-04T01:12:12Z,2026-09-07T21:58:07Z,2026-09-07T21:58:17Z,"UWF build 2026-09-04: non-shell, undergraduate (levels 1-4). Graduate 5xxx+ and x9xx shells excluded per the standing procedure in SOURCES.md."
SPN3400,ADVANCED STYLISTICS,5,pushed,995,2026-09-04T01:12:12Z,2026-09-07T21:58:07Z,2026-09-07T21:58:17Z,"UWF build 2026-09-04: non-shell, undergraduate (levels 1-4). Graduate 5xxx+ and x9xx shells excluded per the standing procedure in SOURCES.md."
SYO4250,SOCIOLOGY OF EDUCATION,5,pushed,995,2026-09-04T01:12:12Z,2026-09-07T21:58:07Z,2026-09-07T21:58:17Z,"UWF build 2026-09-04: non-shell, undergraduate (levels 1-4). Graduate 5xxx+ and x9xx shells excluded per the standing procedure in SOURCES.md."
TPA2232C,BEGINNING COSTUME,5,pushed,995,2026-09-04T01:12:12Z,2026-09-07T21:58:07Z,2026-09-07T21:58:17Z,"UWF build 2026-09-04: non-shell, undergraduate (levels 1-4). Graduate 5xxx+ and x9xx shells excluded per the standing procedure in SOURCES.md."
TRA4202,LOGISTICS SYSTEMS MANAGEMENT,5,pushed,995,2026-09-04T01:12:12Z,2026-09-08T09:17:29Z,2026-09-08T09:17:59Z,"UWF build 2026-09-04: non-shell, undergraduate (levels 1-4). Graduate 5xxx+ and x9xx shells excluded per the standing procedure in SOURCES.md."
AER2949,CO-OP WORK EXPERIENCE,5,skipped,995,2026-08-31T00:09:01Z,,,Daytona State College project - skipped: shell course (internship/special topics/thesis etc.)
ANT4586C,HUMAN ORIGINS,5,skipped,995,2026-09-04T01:12:12Z,,,UWF publishes lecture-only ANT4586; covered by ANT4586 (published). Batch 124 rule.
BSC2905,DIRECTED STUDY,5,skipped,995,2026-08-31T00:09:01Z,,,Daytona State College project - skipped: shell course (internship/special topics/thesis etc.)
EDG2905,DIRECTED STUDY,5,skipped,995,2026-08-31T00:09:01Z,,,Daytona State College project - skipped: shell course (internship/special topics/thesis etc.)
GEB4932,SPECIAL TOPICS,5,skipped,995,2026-08-31T00:09:01Z,,,Daytona State College project - skipped: shell course (internship/special topics/thesis etc.)
HSC4143C,SUBSTANCE ABUSE,5,skipped,995,2026-09-04T01:12:12Z,,,UWF publishes lecture-only HSC4143 Drugs in Society (no C); covered by HSC4143 (published 2026-09-04). Batch 133.
IND1935,BUILDING AND BARRIER FREE CODES,5,skipped,995,2026-08-31T00:09:01Z,,,Daytona State College project - skipped: shell course (internship/special topics/thesis etc.)
JOU2949,COOP: JOURNALISM,5,skipped,995,2026-08-31T00:09:01Z,,,Daytona State College project - skipped: shell course (internship/special topics/thesis etc.)
MUN1720C,JAZZ CHOIR,5,skipped,995,2026-08-31T00:09:01Z,,,"Daytona State College project - skipped: applied music/ensemble, individualized instruction"
MVK1312,HARPSICHORD--PRINCIPAL,5,skipped,995,2026-08-31T00:09:01Z,,,"Daytona State College project - skipped: applied music/ensemble, individualized instruction"
MVK4641C,PIANO PEDAGOGY,5,skipped,995,2026-09-04T01:12:12Z,,,UWF publishes MVK4641 Piano Pedagogy with no C suffix; the format is a methods and application course in both forms. MVK4641 is live. Standing split-family rule.
OST2949,WORK EXPERIENCE,5,skipped,995,2026-08-31T00:09:01Z,,,Daytona State College project - skipped: shell course (internship/special topics/thesis etc.)
PCB3103C,CELL BIOLOGY,5,skipped,995,2026-09-04T01:12:12Z,,,"UWF publishes no C-suffix entry for this number. The UWF halves are published separately and both are live: the lecture and the L laboratory (batches 134-135). Standing split-family rule, Tools/CLAUDE.md."
PGY2930C,SELECTED TOPICS IN PHOTOGRAPHY,5,skipped,995,2026-08-31T00:09:01Z,,,Daytona State College project - skipped: shell course (internship/special topics/thesis etc.)
THE2905,DIRECTED STUDY,5,skipped,995,2026-08-31T00:09:01Z,,,Daytona State College project - skipped: shell course (internship/special topics/thesis etc.)
TPP2500C,MOVEMENT FOR THE ACTOR,5,skipped,995,2026-09-04T01:12:12Z,,,UWF publishes this number without a C suffix; both forms are studio-format and the suffix difference is a filing decision. The UWF form is live. Standing split-family rule.
TPP3310C,DIRECTING I,5,skipped,995,2026-09-04T01:12:12Z,,,UWF publishes this number without a C suffix; both forms are studio-format and the suffix difference is a filing decision. The UWF form is live. Standing split-family rule.
BCN3224C,CONSTRUCTION TECHNIQUES,4,queued,996,2026-09-04T01:12:12Z,,,"UWF build 2026-09-04: non-shell, undergraduate (levels 1-4). Graduate 5xxx+ and x9xx shells excluded per the standing procedure in SOURCES.md."
CEG4801C,GEOTECHNICAL DESIGN,4,queued,996,2026-09-04T01:12:12Z,,,"UWF build 2026-09-04: non-shell, undergraduate (levels 1-4). Graduate 5xxx+ and x9xx shells excluded per the standing procedure in SOURCES.md."
CGN3501C,CIVIL ENGINEERING MATERIALS,4,queued,996,2026-09-04T01:12:12Z,,,"UWF build 2026-09-04: non-shell, undergraduate (levels 1-4). Graduate 5xxx+ and x9xx shells excluded per the standing procedure in SOURCES.md."
CJE3674C,INTRODUCTION TO FORENSIC SCIENCE,4,queued,996,2026-09-04T01:12:12Z,,,"UWF build 2026-09-04: non-shell, undergraduate (levels 1-4). Graduate 5xxx+ and x9xx shells excluded per the standing procedure in SOURCES.md."
COP3014C,PROGRAMMING 2,4,queued,996,2026-09-04T01:12:12Z,,,"HELD batch 176 - inventory lists UWF but UWF carries COP3014 (no C suffix), 'Algorithm and Program Design'. No reachable institution carries the C-suffixed id; FAMU and FAU unfetchable. Subject is consistent (statewide 'Programming 2'), only the suffix is in doubt - lighter case than TPA3230C. Rewrite when a source for the C version is reachable."
CTS4348C,LINUX ADMINISTRATION,4,queued,996,2026-09-04T01:12:12Z,,,"UWF build 2026-09-04: non-shell, undergraduate (levels 1-4). Graduate 5xxx+ and x9xx shells excluded per the standing procedure in SOURCES.md."
DAA2204C,BALLET I,4,queued,996,2026-09-04T01:12:12Z,,,"UWF build 2026-09-04: non-shell, undergraduate (levels 1-4). Graduate 5xxx+ and x9xx shells excluded per the standing procedure in SOURCES.md."
EEC4301,EARLY CHILDHOOD EDUCATION FOUNDATIONS,4,queued,996,2026-09-04T01:12:12Z,,,"UWF build 2026-09-04: non-shell, undergraduate (levels 1-4). Graduate 5xxx+ and x9xx shells excluded per the standing procedure in SOURCES.md."
EEE3308C,ELECTRONIC CIRCUITS 1,4,queued,996,2026-09-04T01:12:12Z,,,"UWF build 2026-09-04: non-shell, undergraduate (levels 1-4). Graduate 5xxx+ and x9xx shells excluded per the standing procedure in SOURCES.md."
EEE3396C,SOLID STATE ELECTRONIC DEVICES,4,queued,996,2026-09-04T01:12:12Z,,,"UWF build 2026-09-04: non-shell, undergraduate (levels 1-4). Graduate 5xxx+ and x9xx shells excluded per the standing procedure in SOURCES.md."
EME4673,FOUNDATIONS OF INSTRUCTIONAL DESIGN,4,queued,996,2026-09-04T01:12:12Z,,,"UWF build 2026-09-04: non-shell, undergraduate (levels 1-4). Graduate 5xxx+ and x9xx shells excluded per the standing procedure in SOURCES.md."
ENV4351,SOLID WASTE ENGINEERING,4,queued,996,2026-09-04T01:12:12Z,,,"UWF build 2026-09-04: non-shell, undergraduate (levels 1-4). Graduate 5xxx+ and x9xx shells excluded per the standing procedure in SOURCES.md."
ENV4514C,WATER & WASTEWATER ENGINEERING,4,queued,996,2026-09-04T01:12:12Z,,,"UWF build 2026-09-04: non-shell, undergraduate (levels 1-4). Graduate 5xxx+ and x9xx shells excluded per the standing procedure in SOURCES.md."
EUH3570,MODERN RUSSIA,4,queued,996,2026-09-04T01:12:12Z,,,"UWF build 2026-09-04: non-shell, undergraduate (levels 1-4). Graduate 5xxx+ and x9xx shells excluded per the standing procedure in SOURCES.md."
FIN4133,RETIREMENT PLANNING,4,queued,996,2026-09-04T01:12:12Z,,,"UWF build 2026-09-04: non-shell, undergraduate (levels 1-4). Graduate 5xxx+ and x9xx shells excluded per the standing procedure in SOURCES.md."
GIS4035C,REMOTE SENSING OF ENVIRONMENT,4,queued,996,2026-09-04T01:12:12Z,,,"UWF build 2026-09-04: non-shell, undergraduate (levels 1-4). Graduate 5xxx+ and x9xx shells excluded per the standing procedure in SOURCES.md."
GRA3112C,TYPOGRAPHIC DESIGN LAB 2,4,queued,996,2026-09-04T01:12:12Z,,,"UWF build 2026-09-04: non-shell, undergraduate (levels 1-4). Graduate 5xxx+ and x9xx shells excluded per the standing procedure in SOURCES.md."
GRA4154C,ADVANCED ILLUSTRATION,4,queued,996,2026-09-04T01:12:12Z,,,"UWF build 2026-09-04: non-shell, undergraduate (levels 1-4). Graduate 5xxx+ and x9xx shells excluded per the standing procedure in SOURCES.md."
HFT4274,RESORT MANAGEMENT,4,queued,996,2026-09-04T01:12:12Z,,,"UWF build 2026-09-04: non-shell, undergraduate (levels 1-4). Graduate 5xxx+ and x9xx shells excluded per the standing procedure in SOURCES.md."
HFT4343,RESORT & REC FACILITIES MGT.,4,queued,996,2026-09-04T01:12:12Z,,,"UWF build 2026-09-04: non-shell, undergraduate (levels 1-4). Graduate 5xxx+ and x9xx shells excluded per the standing procedure in SOURCES.md."
INP3004C,INDUSTRIAL PSYCHOLOGY,4,queued,996,2026-09-04T01:12:12Z,,,"HELD batch 178 - inventory carries the C suffix but UWF and FIU both carry INP3004 (no C). Subject is NOT in doubt (industrial/organisational psychology, consistent at both). Third instance of the same class problem after TPA3230C and COP3014C. See REVIEW_QUEUE item 28, which asks for one decision covering all three."
MMC4601,VIDEO GAME ANALYSIS,4,queued,996,2026-09-04T01:12:12Z,,,"HELD batch 177 - statewide title is VIDEO GAME ANALYSIS (FAMU;FIU;STU;UWF) but UWF teaches 'Minorities and the Mass Media' under this number. Two different subjects. Only UWF is sourceable; FIU cache has no description, FAMU and STU unreachable. Same shape as LAE3314: UWF holds a reading that differs from the statewide title and the -SCNS half cannot be sourced. See REVIEW_QUEUE item 27."
MUN3123,CONCERT BAND,4,queued,996,2026-09-04T01:12:12Z,,,"UWF build 2026-09-04: non-shell, undergraduate (levels 1-4). Graduate 5xxx+ and x9xx shells excluded per the standing procedure in SOURCES.md."
MUN3427,FLUTE CHOIR,4,queued,996,2026-09-04T01:12:12Z,,,"UWF build 2026-09-04: non-shell, undergraduate (levels 1-4). Graduate 5xxx+ and x9xx shells excluded per the standing procedure in SOURCES.md."
PET3640C,ADAPTED PHYSICAL ACTIVITES,4,queued,996,2026-09-04T01:12:12Z,,,"UWF build 2026-09-04: non-shell, undergraduate (levels 1-4). Graduate 5xxx+ and x9xx shells excluded per the standing procedure in SOURCES.md."
PHI4633,BIOMEDICAL ETHICS,4,queued,996,2026-09-04T01:12:12Z,,,"UWF build 2026-09-04: non-shell, undergraduate (levels 1-4). Graduate 5xxx+ and x9xx shells excluded per the standing procedure in SOURCES.md."
PHY3220,CLASSICAL MECHANICS,4,queued,996,2026-09-04T01:12:12Z,,,"UWF build 2026-09-04: non-shell, undergraduate (levels 1-4). Graduate 5xxx+ and x9xx shells excluded per the standing procedure in SOURCES.md."
PHZ3151C,COMPUTATIONAL PHYSICS,4,queued,996,2026-09-04T01:12:12Z,,,"UWF build 2026-09-04: non-shell, undergraduate (levels 1-4). Graduate 5xxx+ and x9xx shells excluded per the standing procedure in SOURCES.md."
PLA3703,ETHICS,4,queued,996,2026-09-04T01:12:12Z,,,"UWF build 2026-09-04: non-shell, undergraduate (levels 1-4). Graduate 5xxx+ and x9xx shells excluded per the standing procedure in SOURCES.md."
PLA4263,EVIDENCE,4,queued,996,2026-09-04T01:12:12Z,,,"UWF build 2026-09-04: non-shell, undergraduate (levels 1-4). Graduate 5xxx+ and x9xx shells excluded per the standing procedure in SOURCES.md."
PLA4885,CONSTITUTIONAL LAW,4,queued,996,2026-09-04T01:12:12Z,,,"UWF build 2026-09-04: non-shell, undergraduate (levels 1-4). Graduate 5xxx+ and x9xx shells excluded per the standing procedure in SOURCES.md."
PSB4002,BRAIN & BEHAVIOR,4,queued,996,2026-09-04T01:12:12Z,,,"UWF build 2026-09-04: non-shell, undergraduate (levels 1-4). Graduate 5xxx+ and x9xx shells excluded per the standing procedure in SOURCES.md."
RTV2000,INTRODUCTION TO BROADCASTING,4,queued,996,2026-09-04T01:12:12Z,,,"UWF build 2026-09-04: non-shell, undergraduate (levels 1-4). Graduate 5xxx+ and x9xx shells excluded per the standing procedure in SOURCES.md."
RTV3511,VIDEO STORYTELLING,4,queued,996,2026-09-04T01:12:12Z,,,"UWF build 2026-09-04: non-shell, undergraduate (levels 1-4). Graduate 5xxx+ and x9xx shells excluded per the standing procedure in SOURCES.md."
SCE4320,SPECIAL METHODS: MIDDLE GRADES SCIENCE,4,queued,996,2026-09-04T01:12:12Z,,,"UWF build 2026-09-04: non-shell, undergraduate (levels 1-4). Graduate 5xxx+ and x9xx shells excluded per the standing procedure in SOURCES.md."
SOW4403,RESEARCH METHODS IN SOCIAL WORK,4,queued,996,2026-09-04T01:12:12Z,,,"UWF build 2026-09-04: non-shell, undergraduate (levels 1-4). Graduate 5xxx+ and x9xx shells excluded per the standing procedure in SOURCES.md."
SOW4700,SOCIAL WORK AND CHEMICAL ADDICTION,4,queued,996,2026-09-04T01:12:12Z,,,"UWF build 2026-09-04: non-shell, undergraduate (levels 1-4). Graduate 5xxx+ and x9xx shells excluded per the standing procedure in SOURCES.md."
SPC4680,RHETORICAL CRITICISM,4,queued,996,2026-09-04T01:12:12Z,,,"UWF build 2026-09-04: non-shell, undergraduate (levels 1-4). Graduate 5xxx+ and x9xx shells excluded per the standing procedure in SOURCES.md."
SPM3403,SPORTS COMMUNICATION,4,queued,996,2026-09-04T01:12:12Z,,,"UWF build 2026-09-04: non-shell, undergraduate (levels 1-4). Graduate 5xxx+ and x9xx shells excluded per the standing procedure in SOURCES.md."
SPM4604,SPORT GOVERNANCE,4,queued,996,2026-09-04T01:12:12Z,,,"UWF build 2026-09-04: non-shell, undergraduate (levels 1-4). Graduate 5xxx+ and x9xx shells excluded per the standing procedure in SOURCES.md."
SPM4703,SPORT ANALYTICS,4,queued,996,2026-09-04T01:12:12Z,,,"UWF build 2026-09-04: non-shell, undergraduate (levels 1-4). Graduate 5xxx+ and x9xx shells excluded per the standing procedure in SOURCES.md."
STA4234,REGRESSION ANALYSIS,4,queued,996,2026-09-04T01:12:12Z,,,"UWF build 2026-09-04: non-shell, undergraduate (levels 1-4). Graduate 5xxx+ and x9xx shells excluded per the standing procedure in SOURCES.md."
SYD4800,GENDER AND SOCIETY,4,queued,996,2026-09-04T01:12:12Z,,,"UWF build 2026-09-04: non-shell, undergraduate (levels 1-4). Graduate 5xxx+ and x9xx shells excluded per the standing procedure in SOURCES.md."
TPA2290L,TECHNICAL THEATRE LAB,4,queued,996,2026-09-04T01:12:12Z,,,"UWF build 2026-09-04: non-shell, undergraduate (levels 1-4). Graduate 5xxx+ and x9xx shells excluded per the standing procedure in SOURCES.md."
TPA3223C,LIGHTING TECHNOLOGY,4,queued,996,2026-09-04T01:12:12Z,,,"UWF build 2026-09-04: non-shell, undergraduate (levels 1-4). Graduate 5xxx+ and x9xx shells excluded per the standing procedure in SOURCES.md."
TTE3004C,TRANSPORTATION ENGINEERING,4,queued,996,2026-09-04T01:12:12Z,,,"UWF build 2026-09-04: non-shell, undergraduate (levels 1-4). Graduate 5xxx+ and x9xx shells excluded per the standing procedure in SOURCES.md."
ZOO4472C,ORNITHOLOGY,4,queued,996,2026-09-04T01:12:12Z,,,"UWF build 2026-09-04: non-shell, undergraduate (levels 1-4). Graduate 5xxx+ and x9xx shells excluded per the standing procedure in SOURCES.md."
ZOO4485,MARINE MAMMAL BIOLOGY,4,queued,996,2026-09-04T01:12:12Z,,,"UWF build 2026-09-04: non-shell, undergraduate (levels 1-4). Graduate 5xxx+ and x9xx shells excluded per the standing procedure in SOURCES.md."
AMH3403,MODERN SOUTH,4,pushed,996,2026-09-04T01:12:12Z,2026-09-08T12:17:56Z,2026-09-08T12:18:03Z,"UWF build 2026-09-04: non-shell, undergraduate (levels 1-4). Graduate 5xxx+ and x9xx shells excluded per the standing procedure in SOURCES.md."
BSC1050,ENVIRONMENTAL SCIENCE,4,pushed,996,2026-09-04T01:12:12Z,2026-09-08T12:17:56Z,2026-09-08T12:18:03Z,"UWF build 2026-09-04: non-shell, undergraduate (levels 1-4). Graduate 5xxx+ and x9xx shells excluded per the standing procedure in SOURCES.md."
CCJ2002,CRIME IN AMERICA,4,pushed,996,2026-09-04T01:12:12Z,2026-09-08T12:17:56Z,2026-09-08T12:18:04Z,"UWF build 2026-09-04: non-shell, undergraduate (levels 1-4). Graduate 5xxx+ and x9xx shells excluded per the standing procedure in SOURCES.md."
CJJ4010,JUVENILE JUSTICE,4,pushed,996,2026-09-04T01:12:12Z,2026-09-08T12:17:56Z,2026-09-08T12:18:04Z,"UWF build 2026-09-04: non-shell, undergraduate (levels 1-4). Graduate 5xxx+ and x9xx shells excluded per the standing procedure in SOURCES.md."
ECO3303,HISTORY OF ECONOMIC THOUGHT,4,pushed,996,2026-09-04T01:12:12Z,2026-09-08T12:17:56Z,2026-09-08T12:18:04Z,"UWF build 2026-09-04: non-shell, undergraduate (levels 1-4). Graduate 5xxx+ and x9xx shells excluded per the standing procedure in SOURCES.md."
EUH3121,EARLY MIDDLE AGES,4,pushed,996,2026-09-04T01:12:12Z,2026-09-08T12:17:56Z,2026-09-08T12:18:04Z,"UWF build 2026-09-04: non-shell, undergraduate (levels 1-4). Graduate 5xxx+ and x9xx shells excluded per the standing procedure in SOURCES.md."
ACG3343,COST ACCOUNTING,4,pushed,996,2026-09-04T01:12:12Z,2026-09-07T21:58:07Z,2026-09-07T21:58:18Z,"UWF build 2026-09-04: non-shell, undergraduate (levels 1-4). Graduate 5xxx+ and x9xx shells excluded per the standing procedure in SOURCES.md."
ADV3300,MEDIA PLANNING,4,pushed,996,2026-09-04T01:12:12Z,2026-09-07T21:58:07Z,2026-09-07T21:58:18Z,"UWF build 2026-09-04: non-shell, undergraduate (levels 1-4). Graduate 5xxx+ and x9xx shells excluded per the standing procedure in SOURCES.md."
AFR1101L,HERITAGE AND VALUES I LAB,4,pushed,996,2026-09-04T01:12:12Z,2026-09-05T19:16:15Z,2026-09-05T19:16:25Z,"UWF build 2026-09-04: non-shell, undergraduate (levels 1-4). Graduate 5xxx+ and x9xx shells excluded per the standing procedure in SOURCES.md."
AFR2130L,LEADERSHIP LABORATORY-FALL TERM,4,pushed,996,2026-09-04T01:12:12Z,2026-09-05T19:16:15Z,2026-09-05T19:16:25Z,"UWF build 2026-09-04: non-shell, undergraduate (levels 1-4). Graduate 5xxx+ and x9xx shells excluded per the standing procedure in SOURCES.md."
AMH4170,CIVIL WAR AND RECONSTRUCTION,4,pushed,996,2026-09-04T01:12:12Z,2026-09-07T22:19:40Z,2026-09-07T22:19:48Z,"UWF build 2026-09-04: non-shell, undergraduate (levels 1-4). Graduate 5xxx+ and x9xx shells excluded per the standing procedure in SOURCES.md."
AML3604,AFRICAN-AMERICAN LITERATURE,4,pushed,996,2026-09-04T01:12:12Z,2026-09-07T23:56:15Z,2026-09-07T23:56:26Z,"UWF build 2026-09-04: non-shell, undergraduate (levels 1-4). Graduate 5xxx+ and x9xx shells excluded per the standing procedure in SOURCES.md."
ANT2301,HUMAN SEXUALITY AND CULTURE,4,pushed,996,2026-09-04T01:12:12Z,2026-09-04T09:49:34Z,2026-09-04T09:50:26Z,"UWF build 2026-09-04: non-shell, undergraduate (levels 1-4). Graduate 5xxx+ and x9xx shells excluded per the standing procedure in SOURCES.md."
ANT3141,WORLD PREHISTORY,4,pushed,996,2026-09-04T01:12:12Z,2026-09-04T01:26:48Z,2026-09-04T01:27:04Z,"UWF build 2026-09-04: non-shell, undergraduate (levels 1-4). Graduate 5xxx+ and x9xx shells excluded per the standing procedure in SOURCES.md."
ANT3312,NORTH AMERICAN INDIANS,4,pushed,996,2026-09-04T01:12:12Z,2026-09-04T09:41:48Z,2026-09-04T09:50:27Z,"UWF build 2026-09-04: non-shell, undergraduate (levels 1-4). Graduate 5xxx+ and x9xx shells excluded per the standing procedure in SOURCES.md."
ARH4470,CONTEMPORARY ART,4,pushed,996,2026-09-04T01:12:12Z,2026-09-07T23:25:52Z,2026-09-07T23:26:05Z,"UWF build 2026-09-04: non-shell, undergraduate (levels 1-4). Graduate 5xxx+ and x9xx shells excluded per the standing procedure in SOURCES.md."
ART2201C,BASIC DESIGN I,4,pushed,996,2026-09-04T01:12:12Z,2026-09-04T14:36:41Z,2026-09-04T14:36:55Z,"UWF build 2026-09-04: non-shell, undergraduate (levels 1-4). Graduate 5xxx+ and x9xx shells excluded per the standing procedure in SOURCES.md."
ART3442C,PRINTMAKING: INTAGLIO,4,pushed,996,2026-09-04T01:12:12Z,2026-09-04T14:36:41Z,2026-09-04T14:36:55Z,"UWF build 2026-09-04: non-shell, undergraduate (levels 1-4). Graduate 5xxx+ and x9xx shells excluded per the standing procedure in SOURCES.md."
ASH4404,MODERN CHINA,4,pushed,996,2026-09-04T01:12:12Z,2026-09-07T22:19:40Z,2026-09-07T22:19:49Z,"UWF build 2026-09-04: non-shell, undergraduate (levels 1-4). Graduate 5xxx+ and x9xx shells excluded per the standing procedure in SOURCES.md."
ATT1120,INSTRUMENT PILOT GROUND SCHOOL,4,pushed,996,2026-09-04T01:12:12Z,2026-09-07T23:56:15Z,2026-09-07T23:56:26Z,"UWF build 2026-09-04: non-shell, undergraduate (levels 1-4). Graduate 5xxx+ and x9xx shells excluded per the standing procedure in SOURCES.md."
BOT2010L,GENERAL BOTANY LABORATORY,4,pushed,996,2026-09-04T01:12:12Z,2026-09-05T19:16:15Z,2026-09-05T19:16:25Z,"UWF build 2026-09-04: non-shell, undergraduate (levels 1-4). Graduate 5xxx+ and x9xx shells excluded per the standing procedure in SOURCES.md."
BOT4404C,PHYCOLOGY,4,pushed,996,2026-09-04T01:12:12Z,2026-09-07T23:56:15Z,2026-09-07T23:56:26Z,"UWF build 2026-09-04: non-shell, undergraduate (levels 1-4). Graduate 5xxx+ and x9xx shells excluded per the standing procedure in SOURCES.md."
BOT4503L,PLANT PHYSIOLOGY LAB,4,pushed,996,2026-09-04T01:12:12Z,2026-09-05T20:50:48Z,2026-09-05T20:50:58Z,"UWF build 2026-09-04: non-shell, undergraduate (levels 1-4). Graduate 5xxx+ and x9xx shells excluded per the standing procedure in SOURCES.md."
BSC1085L,ANATOMY & PHYSIOLOGY I LABORATORY,4,pushed,996,2026-09-04T01:12:12Z,2026-09-05T19:16:15Z,2026-09-05T19:16:25Z,"UWF build 2026-09-04: non-shell, undergraduate (levels 1-4). Graduate 5xxx+ and x9xx shells excluded per the standing procedure in SOURCES.md."
CCJ3651,DRUGS AND CRIME,4,pushed,996,2026-09-04T01:12:12Z,2026-09-07T22:19:40Z,2026-09-07T22:19:49Z,"UWF build 2026-09-04: non-shell, undergraduate (levels 1-4). Graduate 5xxx+ and x9xx shells excluded per the standing procedure in SOURCES.md."
CDA3101,INTRODUCTION TO COMPUTER ORGANIZATION,4,pushed,996,2026-09-04T01:12:12Z,2026-09-07T22:19:40Z,2026-09-07T22:19:49Z,"UWF build 2026-09-04: non-shell, undergraduate (levels 1-4). Graduate 5xxx+ and x9xx shells excluded per the standing procedure in SOURCES.md."
CET2890C,NETWORK INFRASTRUCTURE SECURITY,4,pushed,996,2026-05-04T00:32:59Z,2026-05-02T10:12:19Z,2026-05-02T10:12:19.571577+00:00,(added by reconcile from orphan draft)
CET2940,COMPUTER ENGINEERING INTERNSHIP,4,pushed,996,2026-05-06T11:24:55Z,2026-05-02T10:14:27Z,2026-05-02T10:14:27.061414+00:00,(added by reconcile from orphan draft)
CHM4611,ADVANCED INORGANIC CHEMISTRY,4,pushed,996,2026-09-04T01:12:12Z,2026-09-07T22:19:40Z,2026-09-07T22:19:49Z,"UWF build 2026-09-04: non-shell, undergraduate (levels 1-4). Graduate 5xxx+ and x9xx shells excluded per the standing procedure in SOURCES.md."
CIS4368,INTRODUCTION TO DATABASE SECURITY,4,pushed,996,2026-09-04T01:12:12Z,2026-09-07T23:25:52Z,2026-09-07T23:26:05Z,"UWF build 2026-09-04: non-shell, undergraduate (levels 1-4). Graduate 5xxx+ and x9xx shells excluded per the standing procedure in SOURCES.md."
CJC4010,CORRECTIONS,4,pushed,996,2026-09-04T01:12:12Z,2026-09-07T22:19:40Z,2026-09-07T22:19:49Z,"UWF build 2026-09-04: non-shell, undergraduate (levels 1-4). Graduate 5xxx+ and x9xx shells excluded per the standing procedure in SOURCES.md."
COM3003,HUMAN COMMUNICATION,4,pushed,996,2026-09-04T01:12:12Z,2026-09-07T23:25:52Z,2026-09-07T23:26:05Z,"UWF build 2026-09-04: non-shell, undergraduate (levels 1-4). Graduate 5xxx+ and x9xx shells excluded per the standing procedure in SOURCES.md."
COM3014,GENDER & COMMUNICATION,4,pushed,996,2026-09-04T01:12:12Z,2026-09-07T23:56:15Z,2026-09-07T23:56:27Z,"UWF build 2026-09-04: non-shell, undergraduate (levels 1-4). Graduate 5xxx+ and x9xx shells excluded per the standing procedure in SOURCES.md."
COT4420,THEORY OF COMPUTATION,4,pushed,996,2026-05-05T22:11:59Z,2026-05-05T23:41:06Z,2026-05-05T22:12:21Z,(added by reconcile from orphan draft)
COT6405,ANALYSIS OF ALGORITHMS,4,pushed,996,2026-05-05T22:12:03Z,2026-05-06T00:02:00Z,2026-05-05T22:12:22Z,(added by reconcile from orphan draft)
CPO3055,DICTATORSHIPS,4,pushed,996,2026-09-04T01:12:12Z,2026-09-04T20:14:52Z,2026-09-04T20:15:02Z,"UWF build 2026-09-04: non-shell, undergraduate (levels 1-4). Graduate 5xxx+ and x9xx shells excluded per the standing procedure in SOURCES.md."
CRW3310,POETRY WRITING,4,pushed,996,2026-09-04T01:12:12Z,2026-09-07T23:25:52Z,2026-09-07T23:26:05Z,"UWF build 2026-09-04: non-shell, undergraduate (levels 1-4). Graduate 5xxx+ and x9xx shells excluded per the standing procedure in SOURCES.md."
CRW4211,CREATIVE NONFICTION,4,pushed,996,2026-09-04T01:12:12Z,2026-09-07T23:56:15Z,2026-09-07T23:56:27Z,"UWF build 2026-09-04: non-shell, undergraduate (levels 1-4). Graduate 5xxx+ and x9xx shells excluded per the standing procedure in SOURCES.md."
EEL4241,POWER ELECTRONICS,4,pushed,996,2026-09-04T01:12:12Z,2026-09-04T10:18:12Z,2026-09-04T10:18:20Z,"UWF build 2026-09-04: non-shell, undergraduate (levels 1-4). Graduate 5xxx+ and x9xx shells excluded per the standing procedure in SOURCES.md."
EEL4283,INTRODUCTION TO RENEWABLE ENERGY,4,pushed,996,2026-09-04T01:12:12Z,2026-09-04T10:13:05Z,2026-09-04T10:18:20Z,"UWF build 2026-09-04: non-shell, undergraduate (levels 1-4). Graduate 5xxx+ and x9xx shells excluded per the standing procedure in SOURCES.md."
EET1035C,AC/DC CIRCUITS,4,pushed,996,2026-05-04T00:32:59Z,2026-05-02T10:25:57Z,2026-05-02T10:25:57.814443+00:00,(added by reconcile from orphan draft)
EGN1001C,INTRODUCTION TO ENGINEERING,4,pushed,996,2026-05-04T13:16:05Z,2026-05-07T00:13:42Z,2026-05-06T20:14:44Z,EGN remaining (all 55)
EGN1110C,ENGINEERING DRAWING,4,pushed,996,2026-05-04T13:16:05Z,2026-05-07T00:13:42Z,2026-05-06T20:14:44Z,EGN remaining (all 55)
EGN3373C,ELECTRICAL SYSTEMS,4,pushed,996,2026-05-04T13:16:05Z,2026-05-07T00:33:04Z,2026-05-06T20:33:28Z,EGN remaining (all 55)
EGN3443,STATISTICAL TOPICS IN ENGINEERING,4,pushed,996,2026-05-04T13:16:05Z,2026-05-07T00:33:04Z,2026-05-06T20:33:28Z,EGN remaining (all 55)
EML3011,MECHANICS OF MATERIALS,4,pushed,996,2026-09-03T00:18:12Z,2026-09-03T00:18:11Z,2026-09-03T00:18:46Z,(added by reconcile from orphan draft)
EML3022C,COMPUTER-AIDED DESIGN,4,pushed,996,2026-09-03T00:18:12Z,2026-09-03T00:18:11Z,2026-09-03T00:18:46Z,(added by reconcile from orphan draft)
EML3500,MACHINE DESIGN,4,pushed,996,2026-09-03T00:37:19Z,2026-09-03T00:37:09Z,2026-09-03T00:37:32Z,(added by reconcile from orphan draft)
ETD2350C,AUTOCAD III,4,pushed,996,2026-05-04T00:33:00Z,2026-05-02T10:28:05Z,2026-05-02T10:28:05.725664+00:00,(added by reconcile from orphan draft)
ETD2392C,ADVANCED ARCHITECTURAL REVIT,4,pushed,996,2026-05-04T00:33:00Z,2026-05-02T10:31:05Z,2026-05-02T10:31:05.065186+00:00,(added by reconcile from orphan draft)
ETD2395C,CAD-ARCHITECTURAL,4,pushed,996,2026-05-04T00:33:00Z,2026-05-02T10:33:03Z,2026-05-02T10:33:03.112778+00:00,(added by reconcile from orphan draft)
ETD2941,INTERNSHIP,4,pushed,996,2026-05-06T11:24:57Z,2026-05-02T10:45:17Z,2026-05-02T10:45:17.992773+00:00,(added by reconcile from orphan draft)
ETD2949,INTERNSHIP IN TECHNOLOGY,4,pushed,996,2026-05-06T11:24:57Z,2026-05-02T10:49:15Z,2026-05-02T10:49:15.497694+00:00,(added by reconcile from orphan draft)
ETI0458,Industrial Maintenance Specialist,4,pushed,996,2026-05-04T00:33:00Z,2026-05-02T11:05:01Z,2026-08-30T17:53:35Z,(added by reconcile from orphan draft)
ETI1411,MANUFACTURING PROCESSES I,4,pushed,996,2026-05-04T00:33:00Z,2026-05-02T11:14:23Z,2026-05-02T11:14:23.439650+00:00,(added by reconcile from orphan draft)
ETI1931,SPECIAL TOPICS IN MODERN MANUFACTURING,4,pushed,996,2026-05-06T11:24:57Z,2026-05-02T11:36:26Z,2026-05-02T11:36:26.803739+00:00,(added by reconcile from orphan draft)
ETI2412C,CNC MACHINING PROCESSES,4,pushed,996,2026-05-04T00:33:00Z,2026-05-02T11:52:40Z,2026-05-02T11:52:40.789865+00:00,(added by reconcile from orphan draft)
ETI2460C,COMPOSITES FUNDAMENTALS,4,pushed,996,2026-05-04T00:33:00Z,2026-05-02T11:54:50Z,2026-05-02T11:54:50.174424+00:00,(added by reconcile from orphan draft)
ETI2464C,ADVANCED COMPOSITES,4,pushed,996,2026-05-04T00:33:00Z,2026-05-02T11:57:13Z,2026-05-02T11:57:13.382262+00:00,(added by reconcile from orphan draft)
ETS1520C,INSTRUMENTATION FUNDAMENTALS,4,pushed,996,2026-05-04T00:33:01Z,2026-05-02T13:44:49Z,2026-05-02T13:44:49.017279+00:00,(added by reconcile from orphan draft)
ETS2544C,PROGRAMMABLE LOGIC CONTROLLERS II,4,pushed,996,2026-05-04T00:33:01Z,2026-05-02T14:27:27Z,2026-05-02T14:27:27.394923+00:00,(added by reconcile from orphan draft)
EUH3122,HIGH MIDDLE AGES,4,pushed,996,2026-09-04T01:12:12Z,2026-09-08T00:58:45Z,2026-09-08T00:58:55Z,"UWF build 2026-09-04: non-shell, undergraduate (levels 1-4). Graduate 5xxx+ and x9xx shells excluded per the standing procedure in SOURCES.md."
EUH4465,NAZI GERMANY,4,pushed,996,2026-09-04T01:12:12Z,2026-09-08T00:58:45Z,2026-09-08T00:58:55Z,"UWF build 2026-09-04: non-shell, undergraduate (levels 1-4). Graduate 5xxx+ and x9xx shells excluded per the standing procedure in SOURCES.md."
FIN3244,MONEY AND CAPITAL MARKETS,4,pushed,996,2026-09-04T01:12:12Z,2026-09-08T00:58:45Z,2026-09-08T00:58:56Z,"UWF build 2026-09-04: non-shell, undergraduate (levels 1-4). Graduate 5xxx+ and x9xx shells excluded per the standing procedure in SOURCES.md."
GEO3372,CONSERVATION OF RESOURCES,4,pushed,996,2026-09-04T01:12:12Z,2026-09-08T09:17:29Z,2026-09-08T09:17:59Z,"UWF build 2026-09-04: non-shell, undergraduate (levels 1-4). Graduate 5xxx+ and x9xx shells excluded per the standing procedure in SOURCES.md."
HFT3221,MGT RESORT HOSP HUMAN RESOURC,4,pushed,996,2026-09-04T01:12:12Z,2026-09-08T00:58:45Z,2026-09-08T00:58:56Z,"UWF build 2026-09-04: non-shell, undergraduate (levels 1-4). Graduate 5xxx+ and x9xx shells excluded per the standing procedure in SOURCES.md."
HSA4192,HEALTH INFORMATICS,4,pushed,996,2026-09-04T01:12:12Z,2026-09-08T09:17:29Z,2026-09-08T09:18:00Z,"UWF build 2026-09-04: non-shell, undergraduate (levels 1-4). Graduate 5xxx+ and x9xx shells excluded per the standing procedure in SOURCES.md."
HSC4404,MEDICAL DISASTER MANAGEMENT,4,pushed,996,2026-09-04T01:12:12Z,2026-09-04T15:31:41Z,2026-09-04T15:33:38Z,"UWF build 2026-09-04: non-shell, undergraduate (levels 1-4). Graduate 5xxx+ and x9xx shells excluded per the standing procedure in SOURCES.md."
INR4334,NATIONAL SECURITY POLICY,4,pushed,996,2026-09-04T01:12:12Z,2026-09-08T09:17:29Z,2026-09-08T09:18:00Z,"UWF build 2026-09-04: non-shell, undergraduate (levels 1-4). Graduate 5xxx+ and x9xx shells excluded per the standing procedure in SOURCES.md."
INR4403,INTERNATIONAL LAW,4,pushed,996,2026-09-04T01:12:12Z,2026-09-08T09:17:29Z,2026-09-08T09:18:01Z,"UWF build 2026-09-04: non-shell, undergraduate (levels 1-4). Graduate 5xxx+ and x9xx shells excluded per the standing procedure in SOURCES.md."
ISM4321,CYBERSECURITY RISK MANAGEMENT,4,pushed,996,2026-09-04T01:12:12Z,2026-09-04T16:21:46Z,2026-09-04T16:23:56Z,"UWF build 2026-09-04: non-shell, undergraduate (levels 1-4). Graduate 5xxx+ and x9xx shells excluded per the standing procedure in SOURCES.md."
ISM4400,DECISION SUPPORT SYSTEMS,4,pushed,996,2026-09-04T01:12:12Z,2026-09-04T16:23:36Z,2026-09-04T16:23:57Z,"UWF build 2026-09-04: non-shell, undergraduate (levels 1-4). Graduate 5xxx+ and x9xx shells excluded per the standing procedure in SOURCES.md."
MAN4280,ORGANIZATIONAL DEVELOPMENT,4,pushed,996,2026-09-04T01:12:12Z,2026-09-04T17:27:48Z,2026-09-04T17:29:39Z,"UWF build 2026-09-04: non-shell, undergraduate (levels 1-4). Graduate 5xxx+ and x9xx shells excluded per the standing procedure in SOURCES.md."
MCB4276,EPIDEMIOLOGY OF INFECTIOUS DISEASES,4,pushed,996,2026-09-04T01:12:12Z,2026-09-04T16:12:48Z,2026-09-04T16:13:00Z,"UWF build 2026-09-04: non-shell, undergraduate (levels 1-4). Graduate 5xxx+ and x9xx shells excluded per the standing procedure in SOURCES.md."
MLS4550,IMMUNOHEMATOLOGY,4,pushed,996,2026-09-04T01:12:12Z,2026-09-04T12:16:13Z,2026-09-04T12:21:43Z,"UWF build 2026-09-04: non-shell, undergraduate (levels 1-4). Graduate 5xxx+ and x9xx shells excluded per the standing procedure in SOURCES.md."
MLS4630,CLINICAL CHEMISTRY II,4,pushed,996,2026-09-04T01:12:12Z,2026-09-04T12:21:35Z,2026-09-04T12:21:43Z,"UWF build 2026-09-04: non-shell, undergraduate (levels 1-4). Graduate 5xxx+ and x9xx shells excluded per the standing procedure in SOURCES.md."
MUS2241,ITALIAN DICTION,4,pushed,996,2026-09-04T01:12:12Z,2026-09-08T09:36:59Z,2026-09-08T09:37:29Z,"UWF build 2026-09-04: non-shell, undergraduate (levels 1-4). Graduate 5xxx+ and x9xx shells excluded per the standing procedure in SOURCES.md."
PCB4028,MOLECULAR AND CELLULAR PHARMACOLOGY,4,pushed,996,2026-09-04T01:12:12Z,2026-09-04T15:57:58Z,2026-09-04T16:00:50Z,"UWF build 2026-09-04: non-shell, undergraduate (levels 1-4). Graduate 5xxx+ and x9xx shells excluded per the standing procedure in SOURCES.md."
PCB4524,MOLECULAR BIOLOGY,4,pushed,996,2026-09-04T01:12:12Z,2026-09-04T15:55:43Z,2026-09-04T15:56:01Z,"UWF build 2026-09-04: non-shell, undergraduate (levels 1-4). Graduate 5xxx+ and x9xx shells excluded per the standing procedure in SOURCES.md."
PHC4024,APPLIED EPIDEMIOLOGY,4,pushed,996,2026-09-04T01:12:12Z,2026-09-08T00:58:45Z,2026-09-08T00:58:56Z,"UWF build 2026-09-04: non-shell, undergraduate (levels 1-4). Graduate 5xxx+ and x9xx shells excluded per the standing procedure in SOURCES.md."
PHC4101,PUBLIC HEALTH CONCEPTS,4,pushed,996,2026-09-04T01:12:12Z,2026-09-08T00:58:45Z,2026-09-08T00:58:56Z,"UWF build 2026-09-04: non-shell, undergraduate (levels 1-4). Graduate 5xxx+ and x9xx shells excluded per the standing procedure in SOURCES.md."
PHI2603,ETHICS IN CONTEMPORARY SOCIETY,4,pushed,996,2026-09-04T01:12:12Z,2026-09-08T09:17:29Z,2026-09-08T09:18:01Z,"UWF build 2026-09-04: non-shell, undergraduate (levels 1-4). Graduate 5xxx+ and x9xx shells excluded per the standing procedure in SOURCES.md."
PHI3400,PHILOSOPHY OF SCIENCE,4,pushed,996,2026-09-04T01:12:12Z,2026-09-07T23:56:15Z,2026-09-07T23:56:27Z,"UWF build 2026-09-04: non-shell, undergraduate (levels 1-4). Graduate 5xxx+ and x9xx shells excluded per the standing procedure in SOURCES.md."
PHY4323,ELECTRICITY AND MAGNETISM I,4,pushed,996,2026-09-04T01:12:12Z,2026-09-08T09:36:59Z,2026-09-08T09:37:29Z,"UWF build 2026-09-04: non-shell, undergraduate (levels 1-4). Graduate 5xxx+ and x9xx shells excluded per the standing procedure in SOURCES.md."
PUP4004,PUBLIC POLICY,4,pushed,996,2026-09-04T01:12:12Z,2026-09-08T09:36:59Z,2026-09-08T09:37:29Z,"UWF build 2026-09-04: non-shell, undergraduate (levels 1-4). Graduate 5xxx+ and x9xx shells excluded per the standing procedure in SOURCES.md."
SOW4232,SOCIAL WELFARE POLICIES AND PROGRAMS,4,pushed,996,2026-09-04T01:12:12Z,2026-09-08T09:36:59Z,2026-09-08T09:37:29Z,"UWF build 2026-09-04: non-shell, undergraduate (levels 1-4). Graduate 5xxx+ and x9xx shells excluded per the standing procedure in SOURCES.md."
STA4173,BIOSTATISTICS,4,pushed,996,2026-09-04T01:12:12Z,2026-09-08T09:36:59Z,2026-09-08T09:37:29Z,"UWF build 2026-09-04: non-shell, undergraduate (levels 1-4). Graduate 5xxx+ and x9xx shells excluded per the standing procedure in SOURCES.md."
TPP3252C,MUSIC THEATRE SCENE STUDY,4,pushed,996,2026-09-04T01:12:12Z,2026-09-04T19:01:24Z,2026-09-04T19:01:40Z,"UWF build 2026-09-04: non-shell, undergraduate (levels 1-4). Graduate 5xxx+ and x9xx shells excluded per the standing procedure in SOURCES.md."
ANT3520C,FORENSIC ANTHROPOLOGY,4,skipped,996,2026-09-04T01:12:12Z,,,UWF publishes lecture-only ANT3520; covered by ANT3520 (published). Batch 124 rule.
APA2949,COOP ACCOUNTING,4,skipped,996,2026-08-31T00:09:01Z,,,Daytona State College project - skipped: shell course (internship/special topics/thesis etc.)
CIS2900,DIRECTED STUDY IT,4,skipped,996,2026-08-31T00:09:01Z,,,Daytona State College project - skipped: shell course (internship/special topics/thesis etc.)
COP2949,COOPERATIVE EDUCATION,4,skipped,996,2026-08-31T00:09:01Z,,,Daytona State College project - skipped: shell course (internship/special topics/thesis etc.)
DIG2940C,DIGITAL ARTS INTERNSHIP,4,skipped,996,2026-08-31T00:09:01Z,,,Daytona State College project - skipped: shell course (internship/special topics/thesis etc.)
ECO2949,COOP ED INTERNSHIP IN ECONOMICS,4,skipped,996,2026-08-31T00:09:01Z,,,Daytona State College project - skipped: shell course (internship/special topics/thesis etc.)
EDF4943,STUDENT INTERNSHIP,4,skipped,996,2026-08-31T00:09:01Z,,,Daytona State College project - skipped: shell course (internship/special topics/thesis etc.)
EEL4514C,COMMUNICATION SYSTEMS AND COMPONENTS,4,skipped,996,2026-09-04T01:12:12Z,,,UWF runs the split family; covered by EEL4514 + EEL4514L (both published). Batch 124.
EEL4635C,DIGITAL CONTROL SYSTEMS,4,skipped,996,2026-09-04T01:12:12Z,,,UWF publishes lecture-only EEL4635; covered by EEL4635 (published 2026-09-04). Batch 124.
EEL4657C,LINEAR CONTROL SYSTEMS,4,skipped,996,2026-09-04T01:12:12Z,,,UWF runs the split family; covered by EEL4657 + EEL4657L (both published 2026-09-04). Batch 124.
EEL4713C,COMPUTER ARCHITECTURE,4,skipped,996,2026-09-04T01:12:12Z,,,UWF publishes lecture-only EEL4713; covered by EEL4713 (published 2026-09-04). Batch 124.
EEL4744C,MICROPROCESSOR APPLICATIONS,4,skipped,996,2026-09-04T01:12:12Z,,,UWF runs the split family; covered by EEL4744 + EEL4744L (both published 2026-09-04). Batch 124.
ESE4943,STUDENT INTERNSHIP,4,skipped,996,2026-08-31T00:09:01Z,,,Daytona State College project - skipped: shell course (internship/special topics/thesis etc.)
FFP2949,CO-OP FIRE SCIENCE,4,skipped,996,2026-08-31T00:09:01Z,,,Daytona State College project - skipped: shell course (internship/special topics/thesis etc.)
FRE2905,DIRECTED STUDY,4,skipped,996,2026-08-31T00:09:01Z,,,Daytona State College project - skipped: shell course (internship/special topics/thesis etc.)
FSS2949,COOPERATIVE EDUCATION,4,skipped,996,2026-08-31T00:09:01Z,,,Daytona State College project - skipped: shell course (internship/special topics/thesis etc.)
GEB4905,DIRECTED STUDY,4,skipped,996,2026-08-31T00:09:01Z,,,Daytona State College project - skipped: shell course (internship/special topics/thesis etc.)
HSC3555C,PATHOPHYSIOLOGY,4,skipped,996,2026-09-04T01:12:12Z,,,"UWF publishes lecture-only HSC3555 Pathophysiology (no C, taught by Dept of Biology); covered by HSC3555. Batch 133."
MAN4931,INDEPENDENT RESEARCH,4,skipped,996,2026-08-31T00:09:01Z,,,Daytona State College project - skipped: shell course (internship/special topics/thesis etc.)
MCB1000C,THE INVISIBLE WORLD,4,skipped,996,2026-09-04T01:12:12Z,,,"UWF publishes no C-suffix entry for this number. The UWF halves are published separately and are live: MCB3020/MCB3020L, MCB1000/MCB1000L, and MCB4203 (lecture only - UWF publishes no laboratory for it). Standing split-family rule, Tools/CLAUDE.md."
MCB2905,INDEPENDENT STUDY,4,skipped,996,2026-08-31T00:09:01Z,,,Daytona State College project - skipped: shell course (internship/special topics/thesis etc.)
MLS4460C,ADVANCED MICROBIOLOGY,4,skipped,996,2026-09-04T01:12:12Z,,,UWF runs the split family; covered by MLS4460 + MLS4460L (both published 2026-09-04). Batch 126.
MNA2949,CO-OP WORK EXPERIENCE,4,skipped,996,2026-08-31T00:09:01Z,,,Daytona State College project - skipped: shell course (internship/special topics/thesis etc.)
MUN1640,MUSIC THEATER ENSEMBLE,4,skipped,996,2026-08-31T00:09:01Z,,,"Daytona State College project - skipped: applied music/ensemble, individualized instruction"
MVO2220,APP MUS SEC MODIFIED CREDIT,4,skipped,996,2026-08-31T00:09:01Z,,,"Daytona State College project - skipped: applied music/ensemble, individualized instruction"
MVO2320,APP MUS PRIN MODIFIED CREDIT,4,skipped,996,2026-08-31T00:09:01Z,,,"Daytona State College project - skipped: applied music/ensemble, individualized instruction"
NUR3026C,PERSON CENTERED CARE I,4,skipped,996,2026-09-04T01:12:12Z,,,UWF runs the split family; covered by NUR3026 + NUR3026L (both published 2026-09-04). Batch 129.
PCB4315C,MARINE ECOLOGY,4,skipped,996,2026-09-04T01:12:12Z,,,"UWF publishes no C-suffix entry for this number. The UWF halves are published separately and both are live: the lecture and the L laboratory (batches 134-135). Standing split-family rule, Tools/CLAUDE.md."
PGY2949,COOPERATIVE EDUCATION,4,skipped,996,2026-08-31T00:09:01Z,,,Daytona State College project - skipped: shell course (internship/special topics/thesis etc.)
PHY2905,DIRECTED STUDY,4,skipped,996,2026-08-31T00:09:01Z,,,Daytona State College project - skipped: shell course (internship/special topics/thesis etc.)
PHY2949,CO-OP IN PHYSICS,4,skipped,996,2026-08-31T00:09:01Z,,,Daytona State College project - skipped: shell course (internship/special topics/thesis etc.)
PSY2932,SPECIAL TOPICS IN RESEARCH METHODS,4,skipped,996,2026-08-31T00:09:01Z,,,Daytona State College project - skipped: shell course (internship/special topics/thesis etc.)
RTV2949,COOP RADIO-TELEVISION,4,skipped,996,2026-08-31T00:09:01Z,,,Daytona State College project - skipped: shell course (internship/special topics/thesis etc.)
SPN2949,COOPERATIVE EDUCATION,4,skipped,996,2026-08-31T00:09:01Z,,,Daytona State College project - skipped: shell course (internship/special topics/thesis etc.)
STS1931,SURGICAL TECHNOLOGY SPECIAL TOPICS SEMINAR,4,skipped,996,2026-08-31T00:09:01Z,,,Daytona State College project - skipped: shell course (internship/special topics/thesis etc.)
THE2949,THEATRE INTERNSHIP,4,skipped,996,2026-08-31T00:09:01Z,,,Daytona State College project - skipped: shell course (internship/special topics/thesis etc.)
ACG4180,FINANCIAL STATEMENT ANALYSIS,3,queued,997,2026-09-04T01:12:12Z,,,"UWF build 2026-09-04: non-shell, undergraduate (levels 1-4). Graduate 5xxx+ and x9xx shells excluded per the standing procedure in SOURCES.md."
AMH3540,AMERICAN MILITARY,3,queued,997,2026-09-04T01:12:12Z,,,"UWF build 2026-09-04: non-shell, undergraduate (levels 1-4). Graduate 5xxx+ and x9xx shells excluded per the standing procedure in SOURCES.md."
AMH4420,HISTORY OF FLORIDA,3,queued,997,2026-09-04T01:12:12Z,,,"UWF build 2026-09-04: non-shell, undergraduate (levels 1-4). Graduate 5xxx+ and x9xx shells excluded per the standing procedure in SOURCES.md."
AMH4544,UNITED STATES AND VIETNAM,3,queued,997,2026-09-04T01:12:12Z,,,"UWF build 2026-09-04: non-shell, undergraduate (levels 1-4). Graduate 5xxx+ and x9xx shells excluded per the standing procedure in SOURCES.md."
AML4640,AMERICAN-INDIAN LITERATURE,3,queued,997,2026-09-04T01:12:12Z,,,"UWF build 2026-09-04: non-shell, undergraduate (levels 1-4). Graduate 5xxx+ and x9xx shells excluded per the standing procedure in SOURCES.md."
APK2105C,HUMAN PHYSIOLOGY,3,queued,997,2026-09-04T01:12:12Z,,,"UWF build 2026-09-04: non-shell, undergraduate (levels 1-4). Graduate 5xxx+ and x9xx shells excluded per the standing procedure in SOURCES.md."
APK3220C,BIOMECHANICS IN HUMAN MOTION,3,queued,997,2026-09-04T01:12:12Z,,,"UWF build 2026-09-04: non-shell, undergraduate (levels 1-4). Graduate 5xxx+ and x9xx shells excluded per the standing procedure in SOURCES.md."
APK4119C,EXERCISE PROGRAM DESIGN,3,queued,997,2026-09-04T01:12:12Z,,,"UWF build 2026-09-04: non-shell, undergraduate (levels 1-4). Graduate 5xxx+ and x9xx shells excluded per the standing procedure in SOURCES.md."
APK4163,SPORT NUTRITION AND WEIGHT CONTROL,3,queued,997,2026-09-04T01:12:12Z,,,"UWF build 2026-09-04: non-shell, undergraduate (levels 1-4). Graduate 5xxx+ and x9xx shells excluded per the standing procedure in SOURCES.md."
APK4220C,APPLIED BIOMECHANICS,3,queued,997,2026-09-04T01:12:12Z,,,"UWF build 2026-09-04: non-shell, undergraduate (levels 1-4). Graduate 5xxx+ and x9xx shells excluded per the standing procedure in SOURCES.md."
ARH3150,ANCIENT ROMAN ART AND ARCHITECTURE,3,queued,997,2026-09-04T01:12:12Z,,,"UWF build 2026-09-04: non-shell, undergraduate (levels 1-4). Graduate 5xxx+ and x9xx shells excluded per the standing procedure in SOURCES.md."
ARH3350,BAROQUE ART,3,queued,997,2026-09-04T01:12:12Z,,,"UWF build 2026-09-04: non-shell, undergraduate (levels 1-4). Graduate 5xxx+ and x9xx shells excluded per the standing procedure in SOURCES.md."
ARH3724,HISTORY OF GRAPHIC DESIGN,3,queued,997,2026-09-04T01:12:12Z,,,"UWF build 2026-09-04: non-shell, undergraduate (levels 1-4). Graduate 5xxx+ and x9xx shells excluded per the standing procedure in SOURCES.md."
ARH3728,HISTORY OF ILLUSTRATION,3,queued,997,2026-09-04T01:12:12Z,,,"UWF build 2026-09-04: non-shell, undergraduate (levels 1-4). Graduate 5xxx+ and x9xx shells excluded per the standing procedure in SOURCES.md."
ATF1100L,PRIVATE PILOT FLIGHT,3,queued,997,2026-09-04T01:12:12Z,,,"UWF build 2026-09-04: non-shell, undergraduate (levels 1-4). Graduate 5xxx+ and x9xx shells excluded per the standing procedure in SOURCES.md."
ATR3132,KINESIOLOGY,3,queued,997,2026-09-04T01:12:12Z,,,"UWF build 2026-09-04: non-shell, undergraduate (levels 1-4). Graduate 5xxx+ and x9xx shells excluded per the standing procedure in SOURCES.md."
BCH3034L,ORGANIC CHEMISTRY II LAB,3,queued,997,2026-09-04T01:12:12Z,,,"UWF build 2026-09-04: non-shell, undergraduate (levels 1-4). Graduate 5xxx+ and x9xx shells excluded per the standing procedure in SOURCES.md."
BCN3740,CONSTRUCTION LAW,3,queued,997,2026-09-04T01:12:12Z,,,"UWF build 2026-09-04: non-shell, undergraduate (levels 1-4). Graduate 5xxx+ and x9xx shells excluded per the standing procedure in SOURCES.md."
BCN4431,STRUCTURES I,3,queued,997,2026-09-04T01:12:12Z,,,"UWF build 2026-09-04: non-shell, undergraduate (levels 1-4). Graduate 5xxx+ and x9xx shells excluded per the standing procedure in SOURCES.md."
BOT4734C,PLANT BIOTECHNOLOGY,3,queued,997,2026-09-04T01:12:12Z,,,"UWF build 2026-09-04: non-shell, undergraduate (levels 1-4). Graduate 5xxx+ and x9xx shells excluded per the standing procedure in SOURCES.md."
CAP4774,DATA WAREHOUSING,3,queued,997,2026-09-04T01:12:12Z,,,"UWF build 2026-09-04: non-shell, undergraduate (levels 1-4). Graduate 5xxx+ and x9xx shells excluded per the standing procedure in SOURCES.md."
CAP4786,TOPICS IN BIG DATA ANALYTICS,3,queued,997,2026-09-04T01:12:12Z,,,"UWF build 2026-09-04: non-shell, undergraduate (levels 1-4). Graduate 5xxx+ and x9xx shells excluded per the standing procedure in SOURCES.md."
CGN2328C,TECHNICAL DRAWING AND VISUALIZATION,3,queued,997,2026-09-04T01:12:12Z,,,"UWF build 2026-09-04: non-shell, undergraduate (levels 1-4). Graduate 5xxx+ and x9xx shells excluded per the standing procedure in SOURCES.md."
CHM4610L,INORGANIC CHEMISTRY LABORATORY,3,queued,997,2026-09-04T01:12:12Z,,,"UWF build 2026-09-04: non-shell, undergraduate (levels 1-4). Graduate 5xxx+ and x9xx shells excluded per the standing procedure in SOURCES.md."
CIS2530,INTRODUCTION TO CYBERSECURITY,3,queued,997,2026-09-04T01:12:12Z,,,"UWF build 2026-09-04: non-shell, undergraduate (levels 1-4). Graduate 5xxx+ and x9xx shells excluded per the standing procedure in SOURCES.md."
CJE3617,COLD CASE INVESTIGATIONS,3,queued,997,2026-09-04T01:12:12Z,,,"UWF build 2026-09-04: non-shell, undergraduate (levels 1-4). Graduate 5xxx+ and x9xx shells excluded per the standing procedure in SOURCES.md."
CNT3004C,COMPUTER NETWORKS,3,queued,997,2026-09-04T01:12:12Z,,,"UWF build 2026-09-04: non-shell, undergraduate (levels 1-4). Graduate 5xxx+ and x9xx shells excluded per the standing procedure in SOURCES.md."
COM4561,SOCIAL MEDIA CAMPAIGNS,3,queued,997,2026-09-04T01:12:12Z,,,"UWF build 2026-09-04: non-shell, undergraduate (levels 1-4). Graduate 5xxx+ and x9xx shells excluded per the standing procedure in SOURCES.md."
CTS4457,DATA VISUALIZATION AND COMMUNICATION,3,queued,997,2026-09-04T01:12:12Z,,,"UWF build 2026-09-04: non-shell, undergraduate (levels 1-4). Graduate 5xxx+ and x9xx shells excluded per the standing procedure in SOURCES.md."
ECP4703,MANAGERIAL ECONOMICS,3,queued,997,2026-09-04T01:12:12Z,,,"UWF build 2026-09-04: non-shell, undergraduate (levels 1-4). Graduate 5xxx+ and x9xx shells excluded per the standing procedure in SOURCES.md."
EDG4442,EFFECTIVE LEARNING ENVIRONMENTS,3,queued,997,2026-09-04T01:12:12Z,,,"UWF build 2026-09-04: non-shell, undergraduate (levels 1-4). Graduate 5xxx+ and x9xx shells excluded per the standing procedure in SOURCES.md."
ENG3113,FICTION AND FILM,3,queued,997,2026-09-04T01:12:12Z,,,"UWF build 2026-09-04: non-shell, undergraduate (levels 1-4). Graduate 5xxx+ and x9xx shells excluded per the standing procedure in SOURCES.md."
ENG4013,LITERARY CRITICISM,3,queued,997,2026-09-04T01:12:12Z,,,"UWF build 2026-09-04: non-shell, undergraduate (levels 1-4). Graduate 5xxx+ and x9xx shells excluded per the standing procedure in SOURCES.md."
ENV3001L,ENVIRONMENTAL ENGINEERING LAB,3,queued,997,2026-09-04T01:12:12Z,,,"UWF build 2026-09-04: non-shell, undergraduate (levels 1-4). Graduate 5xxx+ and x9xx shells excluded per the standing procedure in SOURCES.md."
ESE4322C,SECONDARY CLASSROOM MANAGEMENT,3,queued,997,2026-09-04T01:12:12Z,,,"UWF build 2026-09-04: non-shell, undergraduate (levels 1-4). Graduate 5xxx+ and x9xx shells excluded per the standing procedure in SOURCES.md."
EUH4140,RENAISSANCE,3,queued,997,2026-09-04T01:12:12Z,,,"UWF build 2026-09-04: non-shell, undergraduate (levels 1-4). Graduate 5xxx+ and x9xx shells excluded per the standing procedure in SOURCES.md."
EUH4144,REFORMATION,3,queued,997,2026-09-04T01:12:12Z,,,"UWF build 2026-09-04: non-shell, undergraduate (levels 1-4). Graduate 5xxx+ and x9xx shells excluded per the standing procedure in SOURCES.md."
EUH4185,THE VIKING EXPERIENCE,3,queued,997,2026-09-04T01:12:12Z,,,"UWF build 2026-09-04: non-shell, undergraduate (levels 1-4). Graduate 5xxx+ and x9xx shells excluded per the standing procedure in SOURCES.md."
EUH4453,THE FRENCH REVOLUTION,3,queued,997,2026-09-04T01:12:12Z,,,"UWF build 2026-09-04: non-shell, undergraduate (levels 1-4). Graduate 5xxx+ and x9xx shells excluded per the standing procedure in SOURCES.md."
EVR4023,COASTAL RESOURCE MANAGEMENT,3,queued,997,2026-09-04T01:12:12Z,,,"UWF build 2026-09-04: non-shell, undergraduate (levels 1-4). Graduate 5xxx+ and x9xx shells excluded per the standing procedure in SOURCES.md."
FIN4461,FINANCIAL STATEMENT ANALYSIS,3,queued,997,2026-09-04T01:12:12Z,,,"UWF build 2026-09-04: non-shell, undergraduate (levels 1-4). Graduate 5xxx+ and x9xx shells excluded per the standing procedure in SOURCES.md."
FIN4561,BOND FUND MANAGEMENT,3,queued,997,2026-09-04T01:12:12Z,,,"UWF build 2026-09-04: non-shell, undergraduate (levels 1-4). Graduate 5xxx+ and x9xx shells excluded per the standing procedure in SOURCES.md."
GEO3421,CULTURAL GEOGRAPHY,3,queued,997,2026-09-04T01:12:12Z,,,"UWF build 2026-09-04: non-shell, undergraduate (levels 1-4). Graduate 5xxx+ and x9xx shells excluded per the standing procedure in SOURCES.md."
GEO3471,POLITICAL GEOGRAPHY,3,queued,997,2026-09-04T01:12:12Z,,,"UWF build 2026-09-04: non-shell, undergraduate (levels 1-4). Graduate 5xxx+ and x9xx shells excluded per the standing procedure in SOURCES.md."
GEO4280C,BASIC HYDROLOGY,3,queued,997,2026-09-04T01:12:12Z,,,"UWF build 2026-09-04: non-shell, undergraduate (levels 1-4). Graduate 5xxx+ and x9xx shells excluded per the standing procedure in SOURCES.md."
GEO4340,NATURAL HAZARDS,3,queued,997,2026-09-04T01:12:12Z,,,"UWF build 2026-09-04: non-shell, undergraduate (levels 1-4). Graduate 5xxx+ and x9xx shells excluded per the standing procedure in SOURCES.md."
GIS4048C,APPLICATIONS IN GIS,3,queued,997,2026-09-04T01:12:12Z,,,"UWF build 2026-09-04: non-shell, undergraduate (levels 1-4). Graduate 5xxx+ and x9xx shells excluded per the standing procedure in SOURCES.md."
GIS4102C,GIS PROGRAMMING,3,queued,997,2026-09-04T01:12:12Z,,,"UWF build 2026-09-04: non-shell, undergraduate (levels 1-4). Graduate 5xxx+ and x9xx shells excluded per the standing procedure in SOURCES.md."
GRA3139C,MOTION GRAPHICS,3,queued,997,2026-09-04T01:12:12Z,,,"UWF build 2026-09-04: non-shell, undergraduate (levels 1-4). Graduate 5xxx+ and x9xx shells excluded per the standing procedure in SOURCES.md."
HFT2000,INTRODUCTION TO HOSPITALITY AND TOURISM,3,queued,997,2026-09-04T01:12:12Z,,,"UWF build 2026-09-04: non-shell, undergraduate (levels 1-4). Graduate 5xxx+ and x9xx shells excluded per the standing procedure in SOURCES.md."
HFT3271,SPA MANAGEMENT,3,queued,997,2026-09-04T01:12:12Z,,,"UWF build 2026-09-04: non-shell, undergraduate (levels 1-4). Graduate 5xxx+ and x9xx shells excluded per the standing procedure in SOURCES.md."
HIS2050,EXPLORE HISTORY,3,queued,997,2026-09-04T01:12:12Z,,,"UWF build 2026-09-04: non-shell, undergraduate (levels 1-4). Graduate 5xxx+ and x9xx shells excluded per the standing procedure in SOURCES.md."
HSA3551,ETHICS IN HEALTHCARE,3,queued,997,2026-09-04T01:12:12Z,,,"UWF build 2026-09-04: non-shell, undergraduate (levels 1-4). Graduate 5xxx+ and x9xx shells excluded per the standing procedure in SOURCES.md."
IDS3052,INTRO TO INTEGRATED STUDIES,3,queued,997,2026-09-04T01:12:12Z,,,"UWF build 2026-09-04: non-shell, undergraduate (levels 1-4). Graduate 5xxx+ and x9xx shells excluded per the standing procedure in SOURCES.md."
JOU4201,NEWS EDITING,3,queued,997,2026-09-04T01:12:12Z,,,"UWF build 2026-09-04: non-shell, undergraduate (levels 1-4). Graduate 5xxx+ and x9xx shells excluded per the standing procedure in SOURCES.md."
JPN2200,JAPANESE III,3,queued,997,2026-09-04T01:12:12Z,,,"UWF build 2026-09-04: non-shell, undergraduate (levels 1-4). Graduate 5xxx+ and x9xx shells excluded per the standing procedure in SOURCES.md."
JPN2201,JAPANESE IV,3,queued,997,2026-09-04T01:12:12Z,,,"UWF build 2026-09-04: non-shell, undergraduate (levels 1-4). Graduate 5xxx+ and x9xx shells excluded per the standing procedure in SOURCES.md."
LIT3191,WORLD LITERATURE,3,queued,997,2026-09-04T01:12:12Z,,,"UWF build 2026-09-04: non-shell, undergraduate (levels 1-4). Graduate 5xxx+ and x9xx shells excluded per the standing procedure in SOURCES.md."
MUN3213,UNIVERSITY ORCHESTRA,3,queued,997,2026-09-04T01:12:12Z,,,"UWF build 2026-09-04: non-shell, undergraduate (levels 1-4). Graduate 5xxx+ and x9xx shells excluded per the standing procedure in SOURCES.md."
MUN3426,SAXOPHONE QUARTET,3,queued,997,2026-09-04T01:12:12Z,,,"UWF build 2026-09-04: non-shell, undergraduate (levels 1-4). Graduate 5xxx+ and x9xx shells excluded per the standing procedure in SOURCES.md."
MUN3483,GUITAR ENSEMBLE,3,queued,997,2026-09-04T01:12:12Z,,,"UWF build 2026-09-04: non-shell, undergraduate (levels 1-4). Graduate 5xxx+ and x9xx shells excluded per the standing procedure in SOURCES.md."
OCB3108C,MARINE FIELD STUDIES,3,queued,997,2026-09-04T01:12:12Z,,,"UWF build 2026-09-04: non-shell, undergraduate (levels 1-4). Graduate 5xxx+ and x9xx shells excluded per the standing procedure in SOURCES.md."
PET4765,THEORY AND PRACTICE OF COACHING,3,queued,997,2026-09-04T01:12:12Z,,,"UWF build 2026-09-04: non-shell, undergraduate (levels 1-4). Graduate 5xxx+ and x9xx shells excluded per the standing procedure in SOURCES.md."
PHC4140,GIS FOR PUBLIC HEALTH,3,queued,997,2026-09-04T01:12:12Z,,,"UWF build 2026-09-04: non-shell, undergraduate (levels 1-4). Graduate 5xxx+ and x9xx shells excluded per the standing procedure in SOURCES.md."
PHC4320,ENVIRONMENTAL HEALTH SCIENCE,3,queued,997,2026-09-04T01:12:12Z,,,"UWF build 2026-09-04: non-shell, undergraduate (levels 1-4). Graduate 5xxx+ and x9xx shells excluded per the standing procedure in SOURCES.md."
PHI4300,THEORY OF KNOWLEDGE,3,queued,997,2026-09-04T01:12:12Z,,,"UWF build 2026-09-04: non-shell, undergraduate (levels 1-4). Graduate 5xxx+ and x9xx shells excluded per the standing procedure in SOURCES.md."
PHY3107,GENERAL PHYSICS II,3,queued,997,2026-09-04T01:12:12Z,,,"UWF build 2026-09-04: non-shell, undergraduate (levels 1-4). Graduate 5xxx+ and x9xx shells excluded per the standing procedure in SOURCES.md."
PHY4513,THERMAL AND STATISTICAL PHYSICS,3,queued,997,2026-09-04T01:12:12Z,,,"UWF build 2026-09-04: non-shell, undergraduate (levels 1-4). Graduate 5xxx+ and x9xx shells excluded per the standing procedure in SOURCES.md."
PLA3240,ALTERNATIVE DISPUTE RESOLUTION,3,queued,997,2026-09-04T01:12:12Z,,,"UWF build 2026-09-04: non-shell, undergraduate (levels 1-4). Graduate 5xxx+ and x9xx shells excluded per the standing procedure in SOURCES.md."
PLA4554,ENVIRONMENTAL LAW,3,queued,997,2026-09-04T01:12:12Z,,,"UWF build 2026-09-04: non-shell, undergraduate (levels 1-4). Graduate 5xxx+ and x9xx shells excluded per the standing procedure in SOURCES.md."
PLA4607,ESTATES AND TRUSTS,3,queued,997,2026-09-04T01:12:12Z,,,"UWF build 2026-09-04: non-shell, undergraduate (levels 1-4). Graduate 5xxx+ and x9xx shells excluded per the standing procedure in SOURCES.md."
POS3625,THE FIRST AMENDMENT,3,queued,997,2026-09-04T01:12:12Z,,,"UWF build 2026-09-04: non-shell, undergraduate (levels 1-4). Graduate 5xxx+ and x9xx shells excluded per the standing procedure in SOURCES.md."
POT4013,ANCIENT POLITICAL THOUGHT,3,queued,997,2026-09-04T01:12:12Z,,,"UWF build 2026-09-04: non-shell, undergraduate (levels 1-4). Graduate 5xxx+ and x9xx shells excluded per the standing procedure in SOURCES.md."
PSY3215,RESEARCH METHODS II,3,queued,997,2026-09-04T01:12:12Z,,,"UWF build 2026-09-04: non-shell, undergraduate (levels 1-4). Graduate 5xxx+ and x9xx shells excluded per the standing procedure in SOURCES.md."
PSY4832,SPORT PSYCHOLOGY,3,queued,997,2026-09-04T01:12:12Z,,,"UWF build 2026-09-04: non-shell, undergraduate (levels 1-4). Graduate 5xxx+ and x9xx shells excluded per the standing procedure in SOURCES.md."
RED3310,TEACHING READING AS A PROCESS,3,queued,997,2026-09-04T01:12:12Z,,,"UWF build 2026-09-04: non-shell, undergraduate (levels 1-4). Graduate 5xxx+ and x9xx shells excluded per the standing procedure in SOURCES.md."
RED4542,READING DIAGNOSIS,3,queued,997,2026-09-04T01:12:12Z,,,"UWF build 2026-09-04: non-shell, undergraduate (levels 1-4). Graduate 5xxx+ and x9xx shells excluded per the standing procedure in SOURCES.md."
REL1300,INTRODUCTION TO WORLD RELIGIONS,3,queued,997,2026-09-04T01:12:12Z,,,"UWF build 2026-09-04: non-shell, undergraduate (levels 1-4). Graduate 5xxx+ and x9xx shells excluded per the standing procedure in SOURCES.md."
REL3241,NEW TESTAMENT,3,queued,997,2026-09-04T01:12:12Z,,,"UWF build 2026-09-04: non-shell, undergraduate (levels 1-4). Graduate 5xxx+ and x9xx shells excluded per the standing procedure in SOURCES.md."
RET3354,MEDICAL PHARMACOLOGY,3,queued,997,2026-09-04T01:12:12Z,,,"UWF build 2026-09-04: non-shell, undergraduate (levels 1-4). Graduate 5xxx+ and x9xx shells excluded per the standing procedure in SOURCES.md."
RET4050,RESEARCH METHODS,3,queued,997,2026-09-04T01:12:12Z,,,"UWF build 2026-09-04: non-shell, undergraduate (levels 1-4). Graduate 5xxx+ and x9xx shells excluded per the standing procedure in SOURCES.md."
SOW4242,CHILD WELFARE POLICY,3,queued,997,2026-09-04T01:12:12Z,,,"UWF build 2026-09-04: non-shell, undergraduate (levels 1-4). Graduate 5xxx+ and x9xx shells excluded per the standing procedure in SOURCES.md."
SPM3104,SPORTS FACILITIES MANAGEMEMT,3,queued,997,2026-09-04T01:12:12Z,,,"UWF build 2026-09-04: non-shell, undergraduate (levels 1-4). Graduate 5xxx+ and x9xx shells excluded per the standing procedure in SOURCES.md."
SPM4012,SPORT IN SOCIETY,3,queued,997,2026-09-04T01:12:12Z,,,"UWF build 2026-09-04: non-shell, undergraduate (levels 1-4). Graduate 5xxx+ and x9xx shells excluded per the standing procedure in SOURCES.md."
SPM4503,SPORT ECONOMICS,3,queued,997,2026-09-04T01:12:12Z,,,"UWF build 2026-09-04: non-shell, undergraduate (levels 1-4). Graduate 5xxx+ and x9xx shells excluded per the standing procedure in SOURCES.md."
SPN2210,SPANISH CONVERSATION I,3,queued,997,2026-09-04T01:12:12Z,,,"UWF build 2026-09-04: non-shell, undergraduate (levels 1-4). Graduate 5xxx+ and x9xx shells excluded per the standing procedure in SOURCES.md."
SPN3410,ADVANCED ORAL COMMUNICATION,3,queued,997,2026-09-04T01:12:12Z,,,"UWF build 2026-09-04: non-shell, undergraduate (levels 1-4). Graduate 5xxx+ and x9xx shells excluded per the standing procedure in SOURCES.md."
SPN4520,LATIN AMERICAN CULTURE,3,queued,997,2026-09-04T01:12:12Z,,,"UWF build 2026-09-04: non-shell, undergraduate (levels 1-4). Graduate 5xxx+ and x9xx shells excluded per the standing procedure in SOURCES.md."
SSE4113,TEACHING SOCIAL STUDIES,3,queued,997,2026-09-04T01:12:12Z,,,"UWF build 2026-09-04: non-shell, undergraduate (levels 1-4). Graduate 5xxx+ and x9xx shells excluded per the standing procedure in SOURCES.md."
SYO3100,THE FAMILY,3,queued,997,2026-09-04T01:12:12Z,,,"UWF build 2026-09-04: non-shell, undergraduate (levels 1-4). Graduate 5xxx+ and x9xx shells excluded per the standing procedure in SOURCES.md."
SYO4530,SOCIAL INEQUALITY,3,queued,997,2026-09-04T01:12:12Z,,,"UWF build 2026-09-04: non-shell, undergraduate (levels 1-4). Graduate 5xxx+ and x9xx shells excluded per the standing procedure in SOURCES.md."
SYP3630,POPULAR CULTURE,3,queued,997,2026-09-04T01:12:12Z,,,"UWF build 2026-09-04: non-shell, undergraduate (levels 1-4). Graduate 5xxx+ and x9xx shells excluded per the standing procedure in SOURCES.md."
TPA3601C,STAGE MANAGEMENT,3,queued,997,2026-09-04T01:12:12Z,,,"UWF build 2026-09-04: non-shell, undergraduate (levels 1-4). Graduate 5xxx+ and x9xx shells excluded per the standing procedure in SOURCES.md."
TPA4021C,LIGHTING DESIGN II,3,queued,997,2026-09-04T01:12:12Z,,,"UWF build 2026-09-04: non-shell, undergraduate (levels 1-4). Graduate 5xxx+ and x9xx shells excluded per the standing procedure in SOURCES.md."
TPA4045C,COSTUME DESIGN I,3,queued,997,2026-09-04T01:12:12Z,,,"UWF build 2026-09-04: non-shell, undergraduate (levels 1-4). Graduate 5xxx+ and x9xx shells excluded per the standing procedure in SOURCES.md."
TPA4077C,SCENE PAINTING,3,queued,997,2026-09-04T01:12:12Z,,,"UWF build 2026-09-04: non-shell, undergraduate (levels 1-4). Graduate 5xxx+ and x9xx shells excluded per the standing procedure in SOURCES.md."
TRA3153,STRATEGIC TRANSPORTATION MANAGEMENT,3,queued,997,2026-09-04T01:12:12Z,,,"UWF build 2026-09-04: non-shell, undergraduate (levels 1-4). Graduate 5xxx+ and x9xx shells excluded per the standing procedure in SOURCES.md."
AFR4211L,PROFESSIONAL OFFICER COURSE LABORATORY,3,pushed,997,2026-09-04T01:12:12Z,2026-09-06T03:42:25Z,2026-09-06T03:42:53Z,"UWF build 2026-09-04: non-shell, undergraduate (levels 1-4). Graduate 5xxx+ and x9xx shells excluded per the standing procedure in SOURCES.md."
ANT3101,FUNDAMENTALS OF ARCHAEOLOGY,3,pushed,997,2026-09-04T01:12:12Z,2026-09-04T01:26:48Z,2026-09-04T01:27:04Z,"UWF build 2026-09-04: non-shell, undergraduate (levels 1-4). Graduate 5xxx+ and x9xx shells excluded per the standing procedure in SOURCES.md."
ANT3158,FLORIDA ARCHAEOLOGY,3,pushed,997,2026-09-04T01:12:12Z,2026-09-04T01:26:48Z,2026-09-04T01:27:04Z,"UWF build 2026-09-04: non-shell, undergraduate (levels 1-4). Graduate 5xxx+ and x9xx shells excluded per the standing procedure in SOURCES.md."
ANT4006,HUMAN RIGHTS AND CULTURE,3,pushed,997,2026-09-04T01:12:12Z,2026-09-04T09:47:06Z,2026-09-04T09:50:27Z,"UWF build 2026-09-04: non-shell, undergraduate (levels 1-4). Graduate 5xxx+ and x9xx shells excluded per the standing procedure in SOURCES.md."
ANT4025,THE ANTHROPOLOGY OF DEATH,3,pushed,997,2026-09-04T01:12:12Z,2026-09-04T03:07:44Z,2026-09-04T03:08:28Z,"UWF build 2026-09-04: non-shell, undergraduate (levels 1-4). Graduate 5xxx+ and x9xx shells excluded per the standing procedure in SOURCES.md."
ANT4184,ARCHAEOLOGY OF DEATH,3,pushed,997,2026-09-04T01:12:12Z,2026-09-04T03:07:44Z,2026-09-04T03:08:28Z,"UWF build 2026-09-04: non-shell, undergraduate (levels 1-4). Graduate 5xxx+ and x9xx shells excluded per the standing procedure in SOURCES.md."
ANT4302,GENDER AND CULTURE,3,pushed,997,2026-09-04T01:12:12Z,2026-09-04T09:49:34Z,2026-09-04T09:50:27Z,"UWF build 2026-09-04: non-shell, undergraduate (levels 1-4). Graduate 5xxx+ and x9xx shells excluded per the standing procedure in SOURCES.md."
ANT4403,ENVIRONMENTAL ANTHROPOLOGY,3,pushed,997,2026-09-04T01:12:12Z,2026-09-04T09:49:34Z,2026-09-04T09:50:27Z,"UWF build 2026-09-04: non-shell, undergraduate (levels 1-4). Graduate 5xxx+ and x9xx shells excluded per the standing procedure in SOURCES.md."
ANT4516,HUMAN VARIATION,3,pushed,997,2026-09-04T01:12:12Z,2026-09-04T03:07:44Z,2026-09-04T03:08:28Z,"UWF build 2026-09-04: non-shell, undergraduate (levels 1-4). Graduate 5xxx+ and x9xx shells excluded per the standing procedure in SOURCES.md."
ANT4532,DISEASE AND CULTURE,3,pushed,997,2026-09-04T01:12:12Z,2026-09-04T09:49:34Z,2026-09-04T09:50:27Z,"UWF build 2026-09-04: non-shell, undergraduate (levels 1-4). Graduate 5xxx+ and x9xx shells excluded per the standing procedure in SOURCES.md."
APK2100C,HUMAN ANATOMY,3,pushed,997,2026-09-04T01:12:12Z,2026-09-08T09:36:59Z,2026-09-08T09:37:30Z,"UWF build 2026-09-04: non-shell, undergraduate (levels 1-4). Graduate 5xxx+ and x9xx shells excluded per the standing procedure in SOURCES.md."
ART4506C,ADVANCED PAINTING,3,pushed,997,2026-09-04T01:12:12Z,2026-09-04T14:34:36Z,2026-09-04T14:36:55Z,"UWF build 2026-09-04: non-shell, undergraduate (levels 1-4). Graduate 5xxx+ and x9xx shells excluded per the standing procedure in SOURCES.md."
ART4520C,ADVANCED PAINTING,3,pushed,997,2026-09-04T01:12:12Z,2026-09-04T14:34:36Z,2026-09-04T14:36:56Z,"UWF build 2026-09-04: non-shell, undergraduate (levels 1-4). Graduate 5xxx+ and x9xx shells excluded per the standing procedure in SOURCES.md."
AST2037,LIFE IN THE UNIVERSE,3,pushed,997,2026-09-04T01:12:12Z,2026-09-08T09:57:32Z,2026-09-08T09:57:43Z,"UWF build 2026-09-04: non-shell, undergraduate (levels 1-4). Graduate 5xxx+ and x9xx shells excluded per the standing procedure in SOURCES.md."
BSC1086L,ANATOMY & PHYSIOLOGY II LABORATORY,3,pushed,997,2026-09-04T01:12:12Z,2026-09-05T19:16:15Z,2026-09-05T19:16:25Z,"UWF build 2026-09-04: non-shell, undergraduate (levels 1-4). Graduate 5xxx+ and x9xx shells excluded per the standing procedure in SOURCES.md."
CAP4136,MALWARE ANALYSIS,3,pushed,997,2026-09-04T01:12:12Z,2026-09-08T09:57:32Z,2026-09-08T09:57:44Z,"UWF build 2026-09-04: non-shell, undergraduate (levels 1-4). Graduate 5xxx+ and x9xx shells excluded per the standing procedure in SOURCES.md."
CEN3031,SOFTWARE ENGINEERING I,3,pushed,997,2026-09-04T01:12:12Z,2026-09-08T09:57:32Z,2026-09-08T09:57:44Z,"UWF build 2026-09-04: non-shell, undergraduate (levels 1-4). Graduate 5xxx+ and x9xx shells excluded per the standing procedure in SOURCES.md."
CET1020C,COMPUTER NETWORK SYSTEM,3,pushed,997,2026-05-04T00:32:59Z,2026-05-02T02:14:36Z,2026-05-04T00:33:35Z,(added by reconcile from orphan draft)
CET1123C,MICROPROCESSOR FUNDAMENTALS,3,pushed,997,2026-05-04T00:32:59Z,2026-05-02T02:43:50Z,2026-05-04T00:33:36Z,(added by reconcile from orphan draft)
CET1172C,COMPUTER SUPPORT TECHNICIAN,3,pushed,997,2026-05-04T00:32:59Z,2026-05-02T02:47:35Z,2026-05-04T00:33:36Z,(added by reconcile from orphan draft)
CET1588,NETWORK +,3,pushed,997,2026-05-04T00:32:59Z,2026-05-02T02:53:21Z,2026-05-04T00:33:36Z,(added by reconcile from orphan draft)
CET2179C,PC OPERATING SYSTEMS A+,3,pushed,997,2026-05-04T00:32:59Z,2026-05-02T03:04:01Z,2026-05-04T00:33:36Z,(added by reconcile from orphan draft)
CET2662C,ADVANCES IN CYBERSECURITY,3,pushed,997,2026-05-04T00:32:59Z,2026-05-02T02:31:32Z,2026-05-04T00:33:36Z,(added by reconcile from orphan draft)
CET2691,LAWS & LEGAL ASPECTS OF IT SECURITY,3,pushed,997,2026-05-04T00:32:59Z,2026-05-02T03:09:26Z,2026-05-04T00:33:36Z,(added by reconcile from orphan draft)
CET2881C,DIGITAL FORENSICS II,3,pushed,997,2026-05-04T00:32:59Z,2026-05-02T06:31:26Z,2026-05-04T00:33:01Z,(added by reconcile from orphan draft)
CET2942,COOP NTWK ADMIN,3,pushed,997,2026-05-04T00:32:59Z,2026-05-02T10:20:06Z,2026-05-02T10:20:06.348347+00:00,(added by reconcile from orphan draft)
CET2949,COOPERATIVE EDUCATION,3,pushed,997,2026-05-06T11:24:55Z,2026-05-02T10:20:06Z,2026-05-02T10:20:06.600627+00:00,(added by reconcile from orphan draft)
CET4190C,APPLIED DIGITAL SIGNAL PROCESSING,3,pushed,997,2026-05-04T00:32:59Z,2026-05-02T10:20:07Z,2026-05-02T10:20:07.090421+00:00,(added by reconcile from orphan draft)
CGS3763,OPERATING SYSTEM CONCEPTS,3,pushed,997,2026-09-04T01:12:12Z,2026-09-08T11:44:58Z,2026-09-08T11:45:14Z,"UWF build 2026-09-04: non-shell, undergraduate (levels 1-4). Graduate 5xxx+ and x9xx shells excluded per the standing procedure in SOURCES.md."
CLP3144,ABNORMAL PSYCHOLOGY,3,pushed,997,2026-09-04T01:12:12Z,2026-09-08T09:57:32Z,2026-09-08T09:57:44Z,"UWF build 2026-09-04: non-shell, undergraduate (levels 1-4). Graduate 5xxx+ and x9xx shells excluded per the standing procedure in SOURCES.md."
CLP4110,EATING DISORDERS,3,pushed,997,2026-09-04T01:12:12Z,2026-09-08T11:44:58Z,2026-09-08T11:45:15Z,"UWF build 2026-09-04: non-shell, undergraduate (levels 1-4). Graduate 5xxx+ and x9xx shells excluded per the standing procedure in SOURCES.md."
COM3461,INTERCULTURAL COMMUNICATION,3,pushed,997,2026-09-04T01:12:12Z,2026-09-08T09:57:32Z,2026-09-08T09:57:44Z,"UWF build 2026-09-04: non-shell, undergraduate (levels 1-4). Graduate 5xxx+ and x9xx shells excluded per the standing procedure in SOURCES.md."
COM4620,COMMUNICATION ETHICS,3,pushed,997,2026-09-04T01:12:12Z,2026-09-08T09:57:32Z,2026-09-08T09:57:44Z,"UWF build 2026-09-04: non-shell, undergraduate (levels 1-4). Graduate 5xxx+ and x9xx shells excluded per the standing procedure in SOURCES.md."
COP4534,ALGORITHM TECHNIQUES,3,pushed,997,2026-09-04T01:12:12Z,2026-09-08T11:44:58Z,2026-09-08T11:45:15Z,"UWF build 2026-09-04: non-shell, undergraduate (levels 1-4). Graduate 5xxx+ and x9xx shells excluded per the standing procedure in SOURCES.md."
COT2104C,MATHEMATICS FOR COMPUTING,3,pushed,997,2026-05-05T22:12:03Z,2026-05-06T00:02:00Z,2026-05-05T22:12:22Z,(added by reconcile from orphan draft)
COT5310,THEORY OF COMPUTATION I,3,pushed,997,2026-05-05T22:12:03Z,2026-05-06T00:02:00Z,2026-05-05T22:12:22Z,(added by reconcile from orphan draft)
EEL4287,FUTURE ENERGY SYSTEMS,3,pushed,997,2026-09-04T01:12:12Z,2026-09-04T10:13:05Z,2026-09-04T10:18:20Z,"UWF build 2026-09-04: non-shell, undergraduate (levels 1-4). Graduate 5xxx+ and x9xx shells excluded per the standing procedure in SOURCES.md."
EEL4657L,LINEAR CONTROL SYSTEMS,3,pushed,997,2026-09-04T01:12:12Z,2026-09-04T10:06:30Z,2026-09-04T10:18:20Z,"UWF build 2026-09-04: non-shell, undergraduate (levels 1-4). Graduate 5xxx+ and x9xx shells excluded per the standing procedure in SOURCES.md."
EER0310,Appliance Helper,3,pushed,997,2026-05-04T00:32:59Z,2026-05-02T06:51:57Z,2026-05-04T00:33:37Z,(added by reconcile from orphan draft)
EER0315,Laundry Technician,3,pushed,997,2026-05-04T00:32:59Z,2026-05-02T06:54:06Z,2026-05-04T00:33:37Z,(added by reconcile from orphan draft)
EER0317,Kitchen Technician,3,pushed,997,2026-05-04T00:32:59Z,2026-05-02T06:56:12Z,2026-08-30T17:53:35Z,(added by reconcile from orphan draft)
EET1033C,ELECTRICAL FUNDAMENTALS,3,pushed,997,2026-05-04T00:32:59Z,2026-05-02T10:25:57Z,2026-05-02T10:25:57.489795+00:00,(added by reconcile from orphan draft)
EET1082,INTRODUCTION TO ELECTRONICS,3,pushed,997,2026-05-04T00:32:59Z,2026-05-02T10:25:58Z,2026-05-02T10:25:58.140780+00:00,(added by reconcile from orphan draft)
EET1142C,ANALOG CIRCUITS,3,pushed,997,2026-05-04T00:32:59Z,2026-05-02T10:26:54Z,2026-05-02T10:26:54.016712+00:00,(added by reconcile from orphan draft)
EET1610C,HIGH RELIABILITY SOLDERING,3,pushed,997,2026-05-04T00:32:59Z,2026-05-02T10:27:55Z,2026-05-02T10:27:55.151492+00:00,(added by reconcile from orphan draft)
EET2141C,ELECTRONIC DEVICES I,3,pushed,997,2026-05-04T00:32:59Z,2026-05-02T10:27:55Z,2026-05-02T10:27:55.665835+00:00,(added by reconcile from orphan draft)
EET2905,INDIVIDUAL STUDY,3,pushed,997,2026-05-06T11:24:56Z,2026-05-02T10:27:58Z,2026-05-02T10:27:58.225914+00:00,(added by reconcile from orphan draft)
EET4158C,LINEAR INTEGRATED CIRCUITS,3,pushed,997,2026-05-04T00:33:00Z,2026-05-02T10:27:59Z,2026-05-02T10:27:59.104260+00:00,(added by reconcile from orphan draft)
EEV0205,Solar Photovoltaic System Design - Installation and Maintenance Helper,3,pushed,997,2026-05-04T00:33:00Z,2026-05-02T08:10:11Z,2026-08-30T17:53:36Z,(added by reconcile from orphan draft)
EEV0206,Solar Photovoltaic System Design - Installation and Maintenance Technician,3,pushed,997,2026-05-04T00:33:00Z,2026-05-02T08:12:11Z,2026-08-30T17:53:36Z,(added by reconcile from orphan draft)
EEV0650,Electrician (Construction),3,pushed,997,2026-05-04T00:33:00Z,2026-05-02T08:23:45Z,2026-08-30T17:53:36Z,(added by reconcile from orphan draft)
EEV0652,Instrument Mechanic,3,pushed,997,2026-05-04T00:33:00Z,2026-05-02T08:25:43Z,2026-08-30T17:53:36Z,(added by reconcile from orphan draft)
EEV0654,Electrician Maintenance,3,pushed,997,2026-05-04T00:33:00Z,2026-05-02T08:27:44Z,2026-05-04T00:33:37Z,(added by reconcile from orphan draft)
EEV0656,Instrument Technician,3,pushed,997,2026-05-04T00:33:00Z,2026-05-02T08:29:51Z,2026-08-30T17:53:36Z,(added by reconcile from orphan draft)
EEV0658,Operating Engineer Assistant Stationary,3,pushed,997,2026-05-04T00:33:00Z,2026-05-02T08:31:55Z,2026-08-30T17:53:36Z,(added by reconcile from orphan draft)
EEV0753,MECHATRONIC TECHNICIAN,3,pushed,997,2026-05-04T00:33:00Z,2026-05-02T08:35:53Z,2026-08-30T17:53:36Z,(added by reconcile from orphan draft)
EEX4254,TCHING STUDENTS W/MILD-MOD DIS,3,pushed,997,2026-09-04T01:12:12Z,2026-09-08T11:44:58Z,2026-09-08T11:45:15Z,"UWF build 2026-09-04: non-shell, undergraduate (levels 1-4). Graduate 5xxx+ and x9xx shells excluded per the standing procedure in SOURCES.md."
EEX4474,TCHNG STUDENTS MOD/SEV DISABIL,3,pushed,997,2026-09-04T01:12:12Z,2026-09-08T11:44:58Z,2026-09-08T11:45:15Z,"UWF build 2026-09-04: non-shell, undergraduate (levels 1-4). Graduate 5xxx+ and x9xx shells excluded per the standing procedure in SOURCES.md."
EGN2123,COMPUTER GRAPHICS FOR ENGINEERS,3,pushed,997,2026-05-04T13:16:05Z,2026-05-04T22:30:24Z,2026-05-04T18:30:38Z,EGN remaining (all 55)
EGN2610,ENGINEERING ECONOMIC ANALYSIS,3,pushed,997,2026-05-04T13:16:05Z,2026-05-04T22:30:24Z,2026-05-04T18:30:38Z,EGN remaining (all 55)
EGN4060C,BIG DATA ANALYTICS IN ENGINEERING,3,pushed,997,2026-05-04T13:16:05Z,2026-05-04T22:30:24Z,2026-05-04T18:30:38Z,EGN remaining (all 55)
EML3016,THERMAL FLUID SYSTEMS II,3,pushed,997,2026-09-03T00:18:12Z,2026-09-03T00:18:11Z,2026-09-03T00:18:46Z,(added by reconcile from orphan draft)
EML4722,COMPUTATIONAL FLUID DYNAMICS,3,pushed,997,2026-09-03T00:49:10Z,2026-09-03T00:49:02Z,2026-09-03T00:49:22Z,(added by reconcile from orphan draft)
ENG3010,PRACTICAL CRITICISM,3,pushed,997,2026-09-04T01:12:12Z,2026-09-08T11:44:58Z,2026-09-08T11:45:15Z,"UWF build 2026-09-04: non-shell, undergraduate (levels 1-4). Graduate 5xxx+ and x9xx shells excluded per the standing procedure in SOURCES.md."
ETC2521C,HYDRAULICS AND HYDROLOGY,3,pushed,997,2026-05-04T00:33:00Z,2026-05-02T10:28:02Z,2026-05-02T10:28:02.988977+00:00,(added by reconcile from orphan draft)
ETD1103C,ENGINEERING GRAPHICS WITH CAD,3,pushed,997,2026-05-04T00:33:00Z,2026-05-02T10:28:03Z,2026-05-02T10:28:03.685591+00:00,(added by reconcile from orphan draft)
ETD1390C,AUTODESK REVIT,3,pushed,997,2026-05-04T00:33:00Z,2026-05-02T10:28:04Z,2026-05-02T10:28:04.597753+00:00,(added by reconcile from orphan draft)
ETD1530,ARCHITECTURAL DESIGN,3,pushed,997,2026-05-04T00:33:00Z,2026-05-02T10:28:04Z,2026-05-02T10:28:04.813018+00:00,(added by reconcile from orphan draft)
ETD2355C,3-D CADD,3,pushed,997,2026-05-04T00:33:00Z,2026-05-02T10:28:05Z,2026-05-02T10:28:05.961578+00:00,(added by reconcile from orphan draft)
ETG2502,STATICS,3,pushed,997,2026-05-04T00:33:00Z,2026-05-02T10:51:12Z,2026-05-02T10:51:12.705773+00:00,(added by reconcile from orphan draft)
ETI1628,PROCESS IMPROVEMENT TEAMS,3,pushed,997,2026-05-04T00:33:00Z,2026-05-02T11:20:09Z,2026-05-02T11:20:09.135703+00:00,(added by reconcile from orphan draft)
ETI1852C,AEROSPACE TEST AND MEASUREMENTS,3,pushed,997,2026-05-04T00:33:00Z,2026-05-02T11:30:15Z,2026-05-02T11:30:15.743186+00:00,(added by reconcile from orphan draft)
ETI2121C,NON-DESTRUCTIVE AND DESTRUCTIVE TESTING,3,pushed,997,2026-05-04T00:33:00Z,2026-05-02T11:44:31Z,2026-05-02T11:44:31.284620+00:00,(added by reconcile from orphan draft)
ETI2943,PRACTICUM IN TECHNICAL INDUSTRY,3,pushed,997,2026-05-04T00:33:00Z,2026-05-02T12:11:42Z,2026-05-02T12:11:42.944660+00:00,(added by reconcile from orphan draft)
ETI2949,INTERNSHIP IN FIRE SPRINKLER,3,pushed,997,2026-05-06T11:24:57Z,2026-05-02T12:17:40Z,2026-05-02T12:17:40.830033+00:00,(added by reconcile from orphan draft)
ETI2950C,CAPSTONE PROJECT,3,pushed,997,2026-05-06T11:24:57Z,2026-05-02T12:19:36Z,2026-05-02T12:19:36.704906+00:00,(added by reconcile from orphan draft)
ETP1140C,ELECTRICAL DISTRIBUTION STRUCTURES,3,pushed,997,2026-05-04T00:33:01Z,2026-05-02T13:10:14Z,2026-05-02T13:10:14.049492+00:00,(added by reconcile from orphan draft)
ETP1501,ALTERNATIVE/RENEWABLE ENERGY TECHNOLOGIES,3,pushed,997,2026-05-04T00:33:01Z,2026-05-02T13:16:25Z,2026-05-02T13:16:25.138180+00:00,(added by reconcile from orphan draft)
ETP2137C,ELECTRICAL DISTRIBUTION SUBSTATIONS,3,pushed,997,2026-05-04T00:33:01Z,2026-05-02T13:30:37Z,2026-05-02T13:30:37.935593+00:00,(added by reconcile from orphan draft)
ETP2402C,PHOTOVOLTAIC SYSTEMS,3,pushed,997,2026-05-04T00:33:01Z,2026-05-02T13:34:58Z,2026-05-02T13:34:58.435869+00:00,(added by reconcile from orphan draft)
ETS1700C,HYDRAULICS AND PNEUMATICS,3,pushed,997,2026-05-04T00:33:01Z,2026-05-02T13:54:57Z,2026-05-02T13:54:57.674134+00:00,(added by reconcile from orphan draft)
ETS2160C,SEMICONDUCTOR MANUFACTURING FUNDAMENTALS,3,pushed,997,2026-05-04T00:33:01Z,2026-05-02T14:01:02Z,2026-05-02T14:01:02.626299+00:00,(added by reconcile from orphan draft)
ETS2163C,SEMICONDUCTOR FABRICATION PROCESS,3,pushed,997,2026-05-04T00:33:01Z,2026-05-02T14:03:12Z,2026-05-02T14:03:12.048642+00:00,(added by reconcile from orphan draft)
ETS2165C,SEMICONDUCTOR PACKAGING FUNDAMENTALS,3,pushed,997,2026-05-04T00:33:01Z,2026-05-02T14:05:10Z,2026-05-02T14:05:10.987379+00:00,(added by reconcile from orphan draft)
ETS2210C,INTRODUCTION TO PHOTONICS,3,pushed,997,2026-05-04T00:33:01Z,2026-05-02T14:07:23Z,2026-05-02T14:07:23.518538+00:00,(added by reconcile from orphan draft)
ETS2230C,INTRODUCTION TO LASERS,3,pushed,997,2026-05-04T00:33:01Z,2026-05-02T14:13:34Z,2026-05-02T14:13:34.160377+00:00,(added by reconcile from orphan draft)
ETS2436C,BIOMEDICAL INSTRUMENTATION I,3,pushed,997,2026-05-04T00:33:01Z,2026-05-02T14:15:35Z,2026-05-02T14:15:35.856269+00:00,(added by reconcile from orphan draft)
ETS2535C,AUTOMATED PROCESS CONTROL,3,pushed,997,2026-05-04T00:33:01Z,2026-05-02T14:23:31Z,2026-05-02T14:23:31.090647+00:00,(added by reconcile from orphan draft)
HSC3102,PERSPECTIVES IN HEALTH,3,pushed,997,2026-09-04T01:12:12Z,2026-09-04T15:40:44Z,2026-09-04T15:43:06Z,"UWF build 2026-09-04: non-shell, undergraduate (levels 1-4). Graduate 5xxx+ and x9xx shells excluded per the standing procedure in SOURCES.md."
HSC4211,HEALTH AND HUMAN ECOLOGY,3,pushed,997,2026-09-04T01:12:12Z,2026-09-04T15:31:41Z,2026-09-04T15:33:38Z,"UWF build 2026-09-04: non-shell, undergraduate (levels 1-4). Graduate 5xxx+ and x9xx shells excluded per the standing procedure in SOURCES.md."
HSC4581,HEALTH PROMOTION,3,pushed,997,2026-09-04T01:12:12Z,2026-09-04T15:30:46Z,2026-09-04T15:33:38Z,"UWF build 2026-09-04: non-shell, undergraduate (levels 1-4). Graduate 5xxx+ and x9xx shells excluded per the standing procedure in SOURCES.md."
ISM3116,INTRODUCTION TO BUSINESS ANALYTICS,3,pushed,997,2026-09-04T01:12:12Z,2026-09-04T16:18:56Z,2026-09-04T16:23:57Z,"UWF build 2026-09-04: non-shell, undergraduate (levels 1-4). Graduate 5xxx+ and x9xx shells excluded per the standing procedure in SOURCES.md."
MLS4191,MOLECULAR DIAGNOSTICS,3,pushed,997,2026-09-04T01:12:12Z,2026-09-04T12:21:35Z,2026-09-04T12:21:43Z,"UWF build 2026-09-04: non-shell, undergraduate (levels 1-4). Graduate 5xxx+ and x9xx shells excluded per the standing procedure in SOURCES.md."
MLS4505,CLINICAL IMMUNOLOGY,3,pushed,997,2026-09-04T01:12:12Z,2026-09-04T12:17:59Z,2026-09-04T12:21:43Z,"UWF build 2026-09-04: non-shell, undergraduate (levels 1-4). Graduate 5xxx+ and x9xx shells excluded per the standing procedure in SOURCES.md."
MLS4552C,ADVANCED IMMUNOHEMATOLOGY,3,pushed,997,2026-09-04T01:12:12Z,2026-09-04T12:56:47Z,2026-09-04T12:57:06Z,"UWF build 2026-09-04: non-shell, undergraduate (levels 1-4). Graduate 5xxx+ and x9xx shells excluded per the standing procedure in SOURCES.md."
MLS4625,CLINICAL CHEMISTRY,3,pushed,997,2026-09-04T01:12:12Z,2026-09-04T12:21:35Z,2026-09-04T12:21:44Z,"UWF build 2026-09-04: non-shell, undergraduate (levels 1-4). Graduate 5xxx+ and x9xx shells excluded per the standing procedure in SOURCES.md."
MLS4625L,CLINICAL CHEMISTRY I LAB,3,pushed,997,2026-09-04T01:12:12Z,2026-09-04T12:21:35Z,2026-09-04T12:21:44Z,"UWF build 2026-09-04: non-shell, undergraduate (levels 1-4). Graduate 5xxx+ and x9xx shells excluded per the standing procedure in SOURCES.md."
MLS4705,SPECIAL CLINICAL TOPICS,3,pushed,997,2026-09-04T01:12:12Z,2026-09-04T12:21:35Z,2026-09-04T12:21:44Z,"UWF build 2026-09-04: non-shell, undergraduate (levels 1-4). Graduate 5xxx+ and x9xx shells excluded per the standing procedure in SOURCES.md."
MVK1115,KEYBOARD SKILLS,3,pushed,997,2026-09-04T01:12:12Z,2026-09-04T17:58:26Z,2026-09-04T17:58:36Z,"UWF build 2026-09-04: non-shell, undergraduate (levels 1-4). Graduate 5xxx+ and x9xx shells excluded per the standing procedure in SOURCES.md."
MVK1412,HARPSICHORD,3,pushed,997,2026-09-04T01:12:12Z,2026-09-04T18:53:41Z,2026-09-04T18:55:35Z,"UWF build 2026-09-04: non-shell, undergraduate (levels 1-4). Graduate 5xxx+ and x9xx shells excluded per the standing procedure in SOURCES.md."
MVK4442,HARPSICHORD,3,pushed,997,2026-09-04T01:12:12Z,2026-09-04T18:53:41Z,2026-09-04T18:55:35Z,"UWF build 2026-09-04: non-shell, undergraduate (levels 1-4). Graduate 5xxx+ and x9xx shells excluded per the standing procedure in SOURCES.md."
NUR3026L,PERSON CENTERED CARE I LAB,3,pushed,997,2026-09-04T01:12:12Z,2026-09-04T14:14:00Z,2026-09-04T14:15:16Z,"UWF build 2026-09-04: non-shell, undergraduate (levels 1-4). Graduate 5xxx+ and x9xx shells excluded per the standing procedure in SOURCES.md."
NUR3067,HEALTH ASSESSMENT,3,pushed,997,2026-09-04T01:12:12Z,2026-09-04T13:19:27Z,2026-09-04T13:23:52Z,"UWF build 2026-09-04: non-shell, undergraduate (levels 1-4). Graduate 5xxx+ and x9xx shells excluded per the standing procedure in SOURCES.md."
NUR4125,PATHOPHYSIOLOGY,3,pushed,997,2026-09-04T01:12:12Z,2026-09-04T13:20:36Z,2026-09-04T13:23:52Z,"UWF build 2026-09-04: non-shell, undergraduate (levels 1-4). Graduate 5xxx+ and x9xx shells excluded per the standing procedure in SOURCES.md."
PCB3103L,CELL BIOLOGY LABORATORY,3,pushed,997,2026-09-04T01:12:12Z,2026-09-04T15:55:43Z,2026-09-04T15:56:01Z,"UWF build 2026-09-04: non-shell, undergraduate (levels 1-4). Graduate 5xxx+ and x9xx shells excluded per the standing procedure in SOURCES.md."
PCB4233L,IMMUNOLOGY LAB,3,pushed,997,2026-09-04T01:12:12Z,2026-09-04T15:55:43Z,2026-09-04T15:56:01Z,"UWF build 2026-09-04: non-shell, undergraduate (levels 1-4). Graduate 5xxx+ and x9xx shells excluded per the standing procedure in SOURCES.md."
PCB4673,HONORS EVOLUTION,3,pushed,997,2026-09-04T01:12:12Z,2026-09-04T16:00:38Z,2026-09-04T16:00:50Z,"UWF build 2026-09-04: non-shell, undergraduate (levels 1-4). Graduate 5xxx+ and x9xx shells excluded per the standing procedure in SOURCES.md."
PCB4723L,COMPARATIVE PHYSIOLOGY LAB,3,pushed,997,2026-09-04T01:12:12Z,2026-09-04T15:55:43Z,2026-09-04T15:56:01Z,"UWF build 2026-09-04: non-shell, undergraduate (levels 1-4). Graduate 5xxx+ and x9xx shells excluded per the standing procedure in SOURCES.md."
TPP3264C,ACTING FOR THE CAMERA,3,pushed,997,2026-09-04T01:12:12Z,2026-09-04T19:01:24Z,2026-09-04T19:01:40Z,"UWF build 2026-09-04: non-shell, undergraduate (levels 1-4). Graduate 5xxx+ and x9xx shells excluded per the standing procedure in SOURCES.md."
ACR0949,CO-OP IN REFIGERATION,3,skipped,997,2026-08-31T00:09:01Z,,,Daytona State College project - skipped: shell course (internship/special topics/thesis etc.)
ANT4115C,ARCHAEOLOGICAL METHOD AND THEORY,3,skipped,997,2026-09-04T01:12:12Z,,,UWF publishes lecture-only ANT4115; covered by ANT4115 (published). Batch 124 rule.
ARH2905,INDEPENDENT STUDY,3,skipped,997,2026-08-31T00:09:01Z,,,Daytona State College project - skipped: shell course (internship/special topics/thesis etc.)
ARR0949,COOP TRNG ASSGNMT-AUTO BODY REPR,3,skipped,997,2026-08-31T00:09:01Z,,,Daytona State College project - skipped: shell course (internship/special topics/thesis etc.)
AST2905,INDIVIDUAL STUDY,3,skipped,997,2026-08-31T00:09:01Z,,,Daytona State College project - skipped: shell course (internship/special topics/thesis etc.)
AVM1931,AVIATION CAPSTONE,3,skipped,997,2026-08-31T00:09:01Z,,,Daytona State College project - skipped: shell course (internship/special topics/thesis etc.)
BCN2905,DIRECTED STUDY,3,skipped,997,2026-08-31T00:09:01Z,,,Daytona State College project - skipped: shell course (internship/special topics/thesis etc.)
BUL3905,DIRECTED STUDY,3,skipped,997,2026-08-31T00:09:01Z,,,Daytona State College project - skipped: shell course (internship/special topics/thesis etc.)
CAP2905,INDEPENDENT STUDY,3,skipped,997,2026-08-31T00:09:01Z,,,Daytona State College project - skipped: shell course (internship/special topics/thesis etc.)
CHM2905,INDIVIDUAL STUDY,3,skipped,997,2026-08-31T00:09:01Z,,,Daytona State College project - skipped: shell course (internship/special topics/thesis etc.)
ECO2905,INDIVIDUAL STUDY,3,skipped,997,2026-08-31T00:09:01Z,,,Daytona State College project - skipped: shell course (internship/special topics/thesis etc.)
EEL3211C,BASIC ELECTRIC ENERGY ENGINEERING,3,skipped,997,2026-09-04T01:12:12Z,,,UWF runs the split family; covered by EEL3211 + EEL3211L (both published 2026-09-04). Batch 124.
EEL3701C,INTRODUCTION TO DIGITAL SYSTEMS,3,skipped,997,2026-09-04T01:12:12Z,,,UWF runs the split family; covered by EEL3701 + EEL3701L (both published 2026-09-04). Batch 124.
EEL4610,STATE VARIABLES AND CONTROL,3,skipped,997,2026-09-04T01:12:12Z,,,No UWF equivalent at all (State Variables and Control); no source coverage. Batch 124.
EEL4712C,DIGITAL DESIGN,3,skipped,997,2026-09-04T01:12:12Z,,,UWF runs the split family; covered by EEL4712 + EEL4712L (both published 2026-09-04). Batch 124.
ESE4945,INTERNSHIP SEMINAR,3,skipped,997,2026-08-31T00:09:01Z,,,Daytona State College project - skipped: shell course (internship/special topics/thesis etc.)
FRE2949,COOPERATIVE EDUCATION,3,skipped,997,2026-08-31T00:09:01Z,,,Daytona State College project - skipped: shell course (internship/special topics/thesis etc.)
GEB2905,INDIVIDUAL STUDY,3,skipped,997,2026-08-31T00:09:01Z,,,Daytona State College project - skipped: shell course (internship/special topics/thesis etc.)
GER2905,DIRECTED STUDY,3,skipped,997,2026-08-31T00:09:01Z,,,Daytona State College project - skipped: shell course (internship/special topics/thesis etc.)
HCP0940,PHLEBOTOMY PRACTICUM,3,skipped,997,2026-08-31T00:09:01Z,,,Daytona State College project - skipped: shell course (internship/special topics/thesis etc.)
HFT1941C,OPERATIONS AND SERVICE PRACTICUM,3,skipped,997,2026-08-31T00:09:01Z,,,Daytona State College project - skipped: shell course (internship/special topics/thesis etc.)
HSC2905,INDIVIDUAL STUDY,3,skipped,997,2026-08-31T00:09:01Z,,,Daytona State College project - skipped: shell course (internship/special topics/thesis etc.)
HUM2905,INDIVIDUAL STUDY,3,skipped,997,2026-08-31T00:09:01Z,,,Daytona State College project - skipped: shell course (internship/special topics/thesis etc.)
HUN2949,COOPERATIVE EDUCATION,3,skipped,997,2026-08-31T00:09:01Z,,,Daytona State College project - skipped: shell course (internship/special topics/thesis etc.)
HUS2949,HUMAN SERVICES INTERNSHIP,3,skipped,997,2026-08-31T00:09:01Z,,,Daytona State College project - skipped: shell course (internship/special topics/thesis etc.)
MAN3905,DIRECTED STUDY,3,skipped,997,2026-08-31T00:09:01Z,,,Daytona State College project - skipped: shell course (internship/special topics/thesis etc.)
MAN4901,CAPSTONE - HUMAN RESOURCE MANAGEMENT,3,skipped,997,2026-08-31T00:09:01Z,,,Daytona State College project - skipped: shell course (internship/special topics/thesis etc.)
MLS4462C,MEDICAL MICROBIOLOGY,3,skipped,997,2026-09-04T01:12:12Z,,,UWF runs the split family; covered by MLS4462 + MLS4462L (both published 2026-09-04). Batch 126.
MVK1212,HARPSICHORD--SECONDARY,3,skipped,997,2026-08-31T00:09:01Z,,,"Daytona State College project - skipped: applied music/ensemble, individualized instruction"
MVO1210,APP MUS SEC MODIFIED CREDIT,3,skipped,997,2026-08-31T00:09:01Z,,,"Daytona State College project - skipped: applied music/ensemble, individualized instruction"
MVO1310,APP MUS PRIN MODIFIED CREDIT,3,skipped,997,2026-08-31T00:09:01Z,,,"Daytona State College project - skipped: applied music/ensemble, individualized instruction"
MVS1816,CLASS GUITAR,3,skipped,997,2026-08-31T00:09:01Z,,,"Daytona State College project - skipped: applied music/ensemble, individualized instruction"
NUR2905,INDIVIDUAL STUDY,3,skipped,997,2026-08-31T00:09:01Z,,,Daytona State College project - skipped: shell course (internship/special topics/thesis etc.)
NUR4895C,EVIDENCE-BASED POPULATION HEALTH PRACTICE,3,skipped,997,2026-09-04T01:12:12Z,,,UWF publishes lecture-only NUR4895; covered by NUR4895 (published batch 128). Batch 129.
OTH2933C,LEADERSHIP AND MANAGEMENT,3,skipped,997,2026-08-31T00:09:01Z,,,Daytona State College project - skipped: shell course (internship/special topics/thesis etc.)
PLA2905,INDIVIDUAL STUDY,3,skipped,997,2026-08-31T00:09:01Z,,,Daytona State College project - skipped: shell course (internship/special topics/thesis etc.)
PSC2905,INDIVIDUAL STUDY,3,skipped,997,2026-08-31T00:09:01Z,,,Daytona State College project - skipped: shell course (internship/special topics/thesis etc.)
RET4950,CARDIOPULMONARY CAPSTONE,3,skipped,997,2026-08-31T00:09:01Z,,,Daytona State College project - skipped: shell course (internship/special topics/thesis etc.)
RTE2930,SPECIAL TOPICS,3,skipped,997,2026-08-31T00:09:01Z,,,Daytona State College project - skipped: shell course (internship/special topics/thesis etc.)
RTV2940,TELEVISION INTERNSHIP,3,skipped,997,2026-08-31T00:09:01Z,,,Daytona State College project - skipped: shell course (internship/special topics/thesis etc.)
SPC2905,INDIVIDUAL STUDY,3,skipped,997,2026-08-31T00:09:01Z,,,Daytona State College project - skipped: shell course (internship/special topics/thesis etc.)
SPN2905,DIRECTED STUDY,3,skipped,997,2026-08-31T00:09:01Z,,,Daytona State College project - skipped: shell course (internship/special topics/thesis etc.)
ACG4151,ACCOUNTING THEORY,2,queued,998,2026-09-04T01:12:12Z,,,"UWF build 2026-09-04: non-shell, undergraduate (levels 1-4). Graduate 5xxx+ and x9xx shells excluded per the standing procedure in SOURCES.md."
ADV4802,ADVERTISING CAMPAIGNS,2,queued,998,2026-09-04T01:12:12Z,,,"UWF build 2026-09-04: non-shell, undergraduate (levels 1-4). Graduate 5xxx+ and x9xx shells excluded per the standing procedure in SOURCES.md."
AFR1112,HERITAGE AND VALUES II,2,queued,998,2026-09-04T01:12:12Z,,,"UWF build 2026-09-04: non-shell, undergraduate (levels 1-4). Graduate 5xxx+ and x9xx shells excluded per the standing procedure in SOURCES.md."
AFR1112L,HERITAGE AND VALUES II LAB,2,queued,998,2026-09-04T01:12:12Z,,,"UWF build 2026-09-04: non-shell, undergraduate (levels 1-4). Graduate 5xxx+ and x9xx shells excluded per the standing procedure in SOURCES.md."
AFR2132,THE DEVELOPMENT OF AIR POWER II,2,queued,998,2026-09-04T01:12:12Z,,,"UWF build 2026-09-04: non-shell, undergraduate (levels 1-4). Graduate 5xxx+ and x9xx shells excluded per the standing procedure in SOURCES.md."
AFR2132L,THE DEVELOPMENT OF AIR POWER II LAB,2,queued,998,2026-09-04T01:12:12Z,,,"UWF build 2026-09-04: non-shell, undergraduate (levels 1-4). Graduate 5xxx+ and x9xx shells excluded per the standing procedure in SOURCES.md."
AMH4111,COLONIAL AMERICA,2,queued,998,2026-09-04T01:12:12Z,,,"UWF build 2026-09-04: non-shell, undergraduate (levels 1-4). Graduate 5xxx+ and x9xx shells excluded per the standing procedure in SOURCES.md."
AMH4375,TECHNOLOGY AND AMERICAN SOCIETY,2,queued,998,2026-09-04T01:12:12Z,,,"UWF build 2026-09-04: non-shell, undergraduate (levels 1-4). Graduate 5xxx+ and x9xx shells excluded per the standing procedure in SOURCES.md."
AMH4641,VIDEO GAMES AND AMERICAN HISTORY,2,queued,998,2026-09-04T01:12:12Z,,,"UWF build 2026-09-04: non-shell, undergraduate (levels 1-4). Graduate 5xxx+ and x9xx shells excluded per the standing procedure in SOURCES.md."
APK2000C,INTRODUCTION TO KINESIOLOGY,2,queued,998,2026-09-04T01:12:12Z,,,"UWF build 2026-09-04: non-shell, undergraduate (levels 1-4). Graduate 5xxx+ and x9xx shells excluded per the standing procedure in SOURCES.md."
APK2100L,HUMAN ANATOMY LAB,2,queued,998,2026-09-04T01:12:12Z,,,"UWF build 2026-09-04: non-shell, undergraduate (levels 1-4). Graduate 5xxx+ and x9xx shells excluded per the standing procedure in SOURCES.md."
APK2105L,HUMAN PHYSIOLOGY LAB,2,queued,998,2026-09-04T01:12:12Z,,,"UWF build 2026-09-04: non-shell, undergraduate (levels 1-4). Graduate 5xxx+ and x9xx shells excluded per the standing procedure in SOURCES.md."
APK4114C,STRENGTH AND CONDITIONING II,2,queued,998,2026-09-04T01:12:12Z,,,"UWF build 2026-09-04: non-shell, undergraduate (levels 1-4). Graduate 5xxx+ and x9xx shells excluded per the standing procedure in SOURCES.md."
APK4200,MOTOR DEVELOPMENT,2,queued,998,2026-09-04T01:12:12Z,,,"UWF build 2026-09-04: non-shell, undergraduate (levels 1-4). Graduate 5xxx+ and x9xx shells excluded per the standing procedure in SOURCES.md."
APK4600C,PHYSICAL CHANGES AND AGING,2,queued,998,2026-09-04T01:12:12Z,,,"UWF build 2026-09-04: non-shell, undergraduate (levels 1-4). Graduate 5xxx+ and x9xx shells excluded per the standing procedure in SOURCES.md."
ARH3301,EARLY EUROPEAN RENAISSANCE,2,queued,998,2026-09-04T01:12:12Z,,,"UWF build 2026-09-04: non-shell, undergraduate (levels 1-4). Graduate 5xxx+ and x9xx shells excluded per the standing procedure in SOURCES.md."
ARH3607,NATIVE AMERICAN ART,2,queued,998,2026-09-04T01:12:12Z,,,"UWF build 2026-09-04: non-shell, undergraduate (levels 1-4). Graduate 5xxx+ and x9xx shells excluded per the standing procedure in SOURCES.md."
ARH3621,AMERICAN ART,2,queued,998,2026-09-04T01:12:12Z,,,"UWF build 2026-09-04: non-shell, undergraduate (levels 1-4). Graduate 5xxx+ and x9xx shells excluded per the standing procedure in SOURCES.md."
ARH3773,HISTORY OF ANIMATION,2,queued,998,2026-09-04T01:12:12Z,,,"UWF build 2026-09-04: non-shell, undergraduate (levels 1-4). Graduate 5xxx+ and x9xx shells excluded per the standing procedure in SOURCES.md."
ARH3871,WOMEN IN ART,2,queued,998,2026-09-04T01:12:12Z,,,"UWF build 2026-09-04: non-shell, undergraduate (levels 1-4). Graduate 5xxx+ and x9xx shells excluded per the standing procedure in SOURCES.md."
ARH4563,ART OF JAPAN,2,queued,998,2026-09-04T01:12:12Z,,,"UWF build 2026-09-04: non-shell, undergraduate (levels 1-4). Graduate 5xxx+ and x9xx shells excluded per the standing procedure in SOURCES.md."
ASC4460,CREW RESOURCE MANAGEMENT,2,queued,998,2026-09-04T01:12:12Z,,,"UWF build 2026-09-04: non-shell, undergraduate (levels 1-4). Graduate 5xxx+ and x9xx shells excluded per the standing procedure in SOURCES.md."
ASH3442,MODERN JAPAN,2,queued,998,2026-09-04T01:12:12Z,,,"UWF build 2026-09-04: non-shell, undergraduate (levels 1-4). Graduate 5xxx+ and x9xx shells excluded per the standing procedure in SOURCES.md."
AST3222,INTRODUCTION TO ASTROPHYSICS,2,queued,998,2026-09-04T01:12:12Z,,,"UWF build 2026-09-04: non-shell, undergraduate (levels 1-4). Graduate 5xxx+ and x9xx shells excluded per the standing procedure in SOURCES.md."
ATF3502L,CERTIFIED FLIGHT INSTRUCTOR: FLIGHT,2,queued,998,2026-09-04T01:12:12Z,,,"UWF build 2026-09-04: non-shell, undergraduate (levels 1-4). Graduate 5xxx+ and x9xx shells excluded per the standing procedure in SOURCES.md."
ATF3511L,MULTIENGINE FLIGHT INSTRUCTOR,2,queued,998,2026-09-04T01:12:12Z,,,"UWF build 2026-09-04: non-shell, undergraduate (levels 1-4). Graduate 5xxx+ and x9xx shells excluded per the standing procedure in SOURCES.md."
ATF3531L,INSTRUMENT FLIGHT INSTRUCTOR: FLIGHT,2,queued,998,2026-09-04T01:12:12Z,,,"UWF build 2026-09-04: non-shell, undergraduate (levels 1-4). Graduate 5xxx+ and x9xx shells excluded per the standing procedure in SOURCES.md."
ATR2000C,INTRODUCTION TO SPORTS MEDICINE,2,queued,998,2026-09-04T01:12:12Z,,,"UWF build 2026-09-04: non-shell, undergraduate (levels 1-4). Graduate 5xxx+ and x9xx shells excluded per the standing procedure in SOURCES.md."
ATT1110,COMMERCIAL PILOT GROUND SCHOOL,2,queued,998,2026-09-04T01:12:12Z,,,"UWF build 2026-09-04: non-shell, undergraduate (levels 1-4). Graduate 5xxx+ and x9xx shells excluded per the standing procedure in SOURCES.md."
ATT3134,CERTIFIED FLIGHT INSTRUCTOR: GROUND,2,queued,998,2026-09-04T01:12:12Z,,,"UWF build 2026-09-04: non-shell, undergraduate (levels 1-4). Graduate 5xxx+ and x9xx shells excluded per the standing procedure in SOURCES.md."
BCN2210,CONSTRUCTION MATERIALS,2,queued,998,2026-09-04T01:12:12Z,,,"UWF build 2026-09-04: non-shell, undergraduate (levels 1-4). Graduate 5xxx+ and x9xx shells excluded per the standing procedure in SOURCES.md."
BCN2251C,CONSTRUCTION DRAWINGS,2,queued,998,2026-09-04T01:12:12Z,,,"UWF build 2026-09-04: non-shell, undergraduate (levels 1-4). Graduate 5xxx+ and x9xx shells excluded per the standing procedure in SOURCES.md."
BCN3281C,CONSTRUCTION METHODS LAB,2,queued,998,2026-09-04T01:12:12Z,,,"UWF build 2026-09-04: non-shell, undergraduate (levels 1-4). Graduate 5xxx+ and x9xx shells excluded per the standing procedure in SOURCES.md."
BCN3590,SUSTAINABLE CONSTRUCTION,2,queued,998,2026-09-04T01:12:12Z,,,"UWF build 2026-09-04: non-shell, undergraduate (levels 1-4). Graduate 5xxx+ and x9xx shells excluded per the standing procedure in SOURCES.md."
BCN3731C,CONSTRUCTION SAFETY,2,queued,998,2026-09-04T01:12:12Z,,,"UWF build 2026-09-04: non-shell, undergraduate (levels 1-4). Graduate 5xxx+ and x9xx shells excluded per the standing procedure in SOURCES.md."
BCN4564,CONSTRUCTION MECHANICS II,2,queued,998,2026-09-04T01:12:12Z,,,"UWF build 2026-09-04: non-shell, undergraduate (levels 1-4). Graduate 5xxx+ and x9xx shells excluded per the standing procedure in SOURCES.md."
BOT4850,MEDICAL BOTANY,2,queued,998,2026-09-04T01:12:12Z,,,"UWF build 2026-09-04: non-shell, undergraduate (levels 1-4). Graduate 5xxx+ and x9xx shells excluded per the standing procedure in SOURCES.md."
BSC2311,INTRODUCTION TO MARINE BIOLOGY,2,queued,998,2026-09-04T01:12:12Z,,,"UWF build 2026-09-04: non-shell, undergraduate (levels 1-4). Graduate 5xxx+ and x9xx shells excluded per the standing procedure in SOURCES.md."
BSC4303,BIOGEOGRAPHY,2,queued,998,2026-09-04T01:12:12Z,,,"UWF build 2026-09-04: non-shell, undergraduate (levels 1-4). Graduate 5xxx+ and x9xx shells excluded per the standing procedure in SOURCES.md."
BSC4401L,FORENSIC BIOLOGY,2,queued,998,2026-09-04T01:12:12Z,,,"UWF build 2026-09-04: non-shell, undergraduate (levels 1-4). Graduate 5xxx+ and x9xx shells excluded per the standing procedure in SOURCES.md."
BUL4244,COMMERCIAL LAW,2,queued,998,2026-09-04T01:12:12Z,,,"UWF build 2026-09-04: non-shell, undergraduate (levels 1-4). Graduate 5xxx+ and x9xx shells excluded per the standing procedure in SOURCES.md."
CAI4802,ARTIFICIAL INTELLIGENCE FOR CYBERSECURITY,2,queued,998,2026-09-04T01:12:12Z,,,"UWF build 2026-09-04: non-shell, undergraduate (levels 1-4). Graduate 5xxx+ and x9xx shells excluded per the standing procedure in SOURCES.md."
CAP4601,INTRODUCTION TO ARTIFICIAL INTELLIGENCE,2,queued,998,2026-09-04T01:12:12Z,,,"UWF build 2026-09-04: non-shell, undergraduate (levels 1-4). Graduate 5xxx+ and x9xx shells excluded per the standing procedure in SOURCES.md."
CAP4755C,DATAX,2,queued,998,2026-09-04T01:12:12Z,,,"UWF build 2026-09-04: non-shell, undergraduate (levels 1-4). Graduate 5xxx+ and x9xx shells excluded per the standing procedure in SOURCES.md."
CCJ3193,CRIME AND MENTAL ILLNESS,2,queued,998,2026-09-04T01:12:12Z,,,"UWF build 2026-09-04: non-shell, undergraduate (levels 1-4). Graduate 5xxx+ and x9xx shells excluded per the standing procedure in SOURCES.md."
CCJ3450,THE CRIMINAL JUSTICE MANAGER,2,queued,998,2026-09-04T01:12:12Z,,,"UWF build 2026-09-04: non-shell, undergraduate (levels 1-4). Graduate 5xxx+ and x9xx shells excluded per the standing procedure in SOURCES.md."
CCJ3691,SEX OFFENSES AND THE OFFENDER,2,queued,998,2026-09-04T01:12:12Z,,,"UWF build 2026-09-04: non-shell, undergraduate (levels 1-4). Graduate 5xxx+ and x9xx shells excluded per the standing procedure in SOURCES.md."
CCJ4141,RESTORATIVE JUSTICE,2,queued,998,2026-09-04T01:12:12Z,,,"UWF build 2026-09-04: non-shell, undergraduate (levels 1-4). Graduate 5xxx+ and x9xx shells excluded per the standing procedure in SOURCES.md."
CEG3011L,SOIL MECHANICS LAB,2,queued,998,2026-09-04T01:12:12Z,,,"UWF build 2026-09-04: non-shell, undergraduate (levels 1-4). Graduate 5xxx+ and x9xx shells excluded per the standing procedure in SOURCES.md."
CEN3032,SOFTWARE ENGINEERING II,2,queued,998,2026-09-04T01:12:12Z,,,"UWF build 2026-09-04: non-shell, undergraduate (levels 1-4). Graduate 5xxx+ and x9xx shells excluded per the standing procedure in SOURCES.md."
CEN4078,SECURE SOFTWARE DEVELOPMENT,2,queued,998,2026-09-04T01:12:12Z,,,"UWF build 2026-09-04: non-shell, undergraduate (levels 1-4). Graduate 5xxx+ and x9xx shells excluded per the standing procedure in SOURCES.md."
CHM4455L,POLYMER CHEMISTRY LAB,2,queued,998,2026-09-04T01:12:12Z,,,"UWF build 2026-09-04: non-shell, undergraduate (levels 1-4). Graduate 5xxx+ and x9xx shells excluded per the standing procedure in SOURCES.md."
CHS4100L,RADIOCHEMISTRY TECHNIQUES LAB,2,queued,998,2026-09-04T01:12:12Z,,,"UWF build 2026-09-04: non-shell, undergraduate (levels 1-4). Graduate 5xxx+ and x9xx shells excluded per the standing procedure in SOURCES.md."
CIS4325,SYSTEM ANALYSIS AND DESIGN,2,queued,998,2026-09-04T01:12:12Z,,,"UWF build 2026-09-04: non-shell, undergraduate (levels 1-4). Graduate 5xxx+ and x9xx shells excluded per the standing procedure in SOURCES.md."
CNT3112,ADVANCED NETWORK ADMINISTRATION,2,queued,998,2026-09-04T01:12:12Z,,,"UWF build 2026-09-04: non-shell, undergraduate (levels 1-4). Graduate 5xxx+ and x9xx shells excluded per the standing procedure in SOURCES.md."
CNT4416,CYBER WAR GAMING,2,queued,998,2026-09-04T01:12:12Z,,,"UWF build 2026-09-04: non-shell, undergraduate (levels 1-4). Graduate 5xxx+ and x9xx shells excluded per the standing procedure in SOURCES.md."
CNT4526,WIRELESS AND MOBILE NETWORKING,2,queued,998,2026-09-04T01:12:12Z,,,"UWF build 2026-09-04: non-shell, undergraduate (levels 1-4). Graduate 5xxx+ and x9xx shells excluded per the standing procedure in SOURCES.md."
COM2713,WRITING FOR STRATEGIC COMMUNICATION,2,queued,998,2026-09-04T01:12:12Z,,,"UWF build 2026-09-04: non-shell, undergraduate (levels 1-4). Graduate 5xxx+ and x9xx shells excluded per the standing procedure in SOURCES.md."
COM3471,SOCIAL MEDIA'S IMPACT ON COMMUNICATION,2,queued,998,2026-09-04T01:12:12Z,,,"UWF build 2026-09-04: non-shell, undergraduate (levels 1-4). Graduate 5xxx+ and x9xx shells excluded per the standing procedure in SOURCES.md."
COM4110,BUSINESS AND PROFESSIONAL COMMUNICATION,2,queued,998,2026-09-04T01:12:12Z,,,"UWF build 2026-09-04: non-shell, undergraduate (levels 1-4). Graduate 5xxx+ and x9xx shells excluded per the standing procedure in SOURCES.md."
COM4120,ORGANIZATIONAL COMMUNICATION,2,queued,998,2026-09-04T01:12:12Z,,,"UWF build 2026-09-04: non-shell, undergraduate (levels 1-4). Graduate 5xxx+ and x9xx shells excluded per the standing procedure in SOURCES.md."
COM4301,COMMUNICATION RESEARCH,2,queued,998,2026-09-04T01:12:12Z,,,"UWF build 2026-09-04: non-shell, undergraduate (levels 1-4). Graduate 5xxx+ and x9xx shells excluded per the standing procedure in SOURCES.md."
COM4564C,SOCIAL MEDIA MANAGEMENT,2,queued,998,2026-09-04T01:12:12Z,,,"UWF build 2026-09-04: non-shell, undergraduate (levels 1-4). Graduate 5xxx+ and x9xx shells excluded per the standing procedure in SOURCES.md."
COP4723,DATABASE ADMINISTRATION,2,queued,998,2026-09-04T01:12:12Z,,,"UWF build 2026-09-04: non-shell, undergraduate (levels 1-4). Graduate 5xxx+ and x9xx shells excluded per the standing procedure in SOURCES.md."
COP4864,CLIENT-SIDE PROGRAMMING,2,queued,998,2026-09-04T01:12:12Z,,,"UWF build 2026-09-04: non-shell, undergraduate (levels 1-4). Graduate 5xxx+ and x9xx shells excluded per the standing procedure in SOURCES.md."
CWR3201L,FLUID MECHANICS LABORATORY,2,queued,998,2026-09-04T01:12:12Z,,,"UWF build 2026-09-04: non-shell, undergraduate (levels 1-4). Graduate 5xxx+ and x9xx shells excluded per the standing procedure in SOURCES.md."
DIG3001C,INTRODUCTION TO DIGITAL MEDIA,2,queued,998,2026-09-04T01:12:12Z,,,"UWF build 2026-09-04: non-shell, undergraduate (levels 1-4). Graduate 5xxx+ and x9xx shells excluded per the standing procedure in SOURCES.md."
EAS4020,INTRODUCTION TO FLIGHT,2,queued,998,2026-09-04T01:12:12Z,,,"UWF build 2026-09-04: non-shell, undergraduate (levels 1-4). Graduate 5xxx+ and x9xx shells excluded per the standing procedure in SOURCES.md."
ECO3106,BEHAVIORAL ECONOMICS,2,queued,998,2026-09-04T01:12:12Z,,,"UWF build 2026-09-04: non-shell, undergraduate (levels 1-4). Graduate 5xxx+ and x9xx shells excluded per the standing procedure in SOURCES.md."
ECP4613,URBAN ECONOMICS,2,queued,998,2026-09-04T01:12:12Z,,,"UWF build 2026-09-04: non-shell, undergraduate (levels 1-4). Graduate 5xxx+ and x9xx shells excluded per the standing procedure in SOURCES.md."
EDE4201,PLANNING AND CURRICULUM II,2,queued,998,2026-09-04T01:12:12Z,,,"UWF build 2026-09-04: non-shell, undergraduate (levels 1-4). Graduate 5xxx+ and x9xx shells excluded per the standing procedure in SOURCES.md."
EDG3661,ADULT LEARNING THEORY & CURRICULUM DEVELOPMENT,2,queued,998,2026-09-04T01:12:12Z,,,"UWF build 2026-09-04: non-shell, undergraduate (levels 1-4). Graduate 5xxx+ and x9xx shells excluded per the standing procedure in SOURCES.md."
EDG4077,INFORMAL LEARNING ENVIRONMENTS,2,queued,998,2026-09-04T01:12:12Z,,,"UWF build 2026-09-04: non-shell, undergraduate (levels 1-4). Graduate 5xxx+ and x9xx shells excluded per the standing procedure in SOURCES.md."
EDG4334,UNIVERSAL DESIGN FOR LEARNING IN INFORMAL LEARNING ENVIRONMENTS,2,queued,998,2026-09-04T01:12:12Z,,,"UWF build 2026-09-04: non-shell, undergraduate (levels 1-4). Graduate 5xxx+ and x9xx shells excluded per the standing procedure in SOURCES.md."
EEE4306C,ELECTRONIC CIRCUITS 2,2,queued,998,2026-09-04T01:12:12Z,,,"UWF build 2026-09-04: non-shell, undergraduate (levels 1-4). Graduate 5xxx+ and x9xx shells excluded per the standing procedure in SOURCES.md."
EEE4310,VLSI CIRCUIT DESIGN,2,queued,998,2026-09-04T01:12:12Z,,,"UWF build 2026-09-04: non-shell, undergraduate (levels 1-4). Graduate 5xxx+ and x9xx shells excluded per the standing procedure in SOURCES.md."
EEX4255,CURRICULUM FOR TEACHING STUDENTS WITH EXCEPTIONALI,2,queued,998,2026-09-04T01:12:12Z,,,"UWF build 2026-09-04: non-shell, undergraduate (levels 1-4). Graduate 5xxx+ and x9xx shells excluded per the standing procedure in SOURCES.md."
EGM3344,NUMERICAL METHODS,2,queued,998,2026-09-04T01:12:12Z,,,"UWF build 2026-09-04: non-shell, undergraduate (levels 1-4). Graduate 5xxx+ and x9xx shells excluded per the standing procedure in SOURCES.md."
EGM3401,ENGINEERING MECHANICS-DYNAMICS,2,queued,998,2026-09-04T01:12:12Z,,,"UWF build 2026-09-04: non-shell, undergraduate (levels 1-4). Graduate 5xxx+ and x9xx shells excluded per the standing procedure in SOURCES.md."
EGS3441,ENGINEERING STATISTICS,2,queued,998,2026-09-04T01:12:12Z,,,"UWF build 2026-09-04: non-shell, undergraduate (levels 1-4). Graduate 5xxx+ and x9xx shells excluded per the standing procedure in SOURCES.md."
EME2620,DIGITAL LITERACY,2,queued,998,2026-09-04T01:12:12Z,,,"UWF build 2026-09-04: non-shell, undergraduate (levels 1-4). Graduate 5xxx+ and x9xx shells excluded per the standing procedure in SOURCES.md."
EME3312,TECHNOLOGY SUPPORTED LEARNING,2,queued,998,2026-09-04T01:12:12Z,,,"UWF build 2026-09-04: non-shell, undergraduate (levels 1-4). Graduate 5xxx+ and x9xx shells excluded per the standing procedure in SOURCES.md."
EME3351,ADULT LEARNING THEORY AND CURRICULUM DEVELOPMENT,2,queued,998,2026-09-04T01:12:12Z,,,"UWF build 2026-09-04: non-shell, undergraduate (levels 1-4). Graduate 5xxx+ and x9xx shells excluded per the standing procedure in SOURCES.md."
EME3624,TRAINING NEEDS ASSESSMENT,2,queued,998,2026-09-04T01:12:12Z,,,"UWF build 2026-09-04: non-shell, undergraduate (levels 1-4). Graduate 5xxx+ and x9xx shells excluded per the standing procedure in SOURCES.md."
EME4043,INSTRUCTIONAL TECHNOLOGY LEADERSHIP,2,queued,998,2026-09-04T01:12:12Z,,,"UWF build 2026-09-04: non-shell, undergraduate (levels 1-4). Graduate 5xxx+ and x9xx shells excluded per the standing procedure in SOURCES.md."
EME4083,PROGRAM EVALUATION IN INSTRUCTIONAL DESIGN AND TECHNOLOGY,2,queued,998,2026-09-04T01:12:12Z,,,"UWF build 2026-09-04: non-shell, undergraduate (levels 1-4). Graduate 5xxx+ and x9xx shells excluded per the standing procedure in SOURCES.md."
EME4674,DEVELOPMENT OF INSTRUCTIONAL MATERIALS,2,queued,998,2026-09-04T01:12:12Z,,,"UWF build 2026-09-04: non-shell, undergraduate (levels 1-4). Graduate 5xxx+ and x9xx shells excluded per the standing procedure in SOURCES.md."
EME4684,LEARNING DESIGN AND TECHNOLOGY CAPSTONE,2,queued,998,2026-09-04T01:12:12Z,,,"UWF build 2026-09-04: non-shell, undergraduate (levels 1-4). Graduate 5xxx+ and x9xx shells excluded per the standing procedure in SOURCES.md."
ENC3455,WRITING ABOUT SCIENCE AND TECHNOLOGY,2,queued,998,2026-09-04T01:12:12Z,,,"UWF build 2026-09-04: non-shell, undergraduate (levels 1-4). Graduate 5xxx+ and x9xx shells excluded per the standing procedure in SOURCES.md."
ENL2010,HISTORY OF ENGLISH LITERATURE I,2,queued,998,2026-09-04T01:12:12Z,,,"UWF build 2026-09-04: non-shell, undergraduate (levels 1-4). Graduate 5xxx+ and x9xx shells excluded per the standing procedure in SOURCES.md."
ENL2020,HISTORY OF ENGLISH LITERATURE II,2,queued,998,2026-09-04T01:12:12Z,,,"UWF build 2026-09-04: non-shell, undergraduate (levels 1-4). Graduate 5xxx+ and x9xx shells excluded per the standing procedure in SOURCES.md."
ENV4102,AIR POLLUTION CONTROL,2,queued,998,2026-09-04T01:12:12Z,,,"UWF build 2026-09-04: non-shell, undergraduate (levels 1-4). Graduate 5xxx+ and x9xx shells excluded per the standing procedure in SOURCES.md."
ENV4330,HAZARDOUS WASTE ENGINEERING,2,queued,998,2026-09-04T01:12:12Z,,,"UWF build 2026-09-04: non-shell, undergraduate (levels 1-4). Graduate 5xxx+ and x9xx shells excluded per the standing procedure in SOURCES.md."
ESC2000L,DISCOVERING EARTH SCIENCE LAB,2,queued,998,2026-09-04T01:12:12Z,,,"UWF build 2026-09-04: non-shell, undergraduate (levels 1-4). Graduate 5xxx+ and x9xx shells excluded per the standing procedure in SOURCES.md."
EUH4242,THE FIRST WORLD WAR,2,queued,998,2026-09-04T01:12:12Z,,,"UWF build 2026-09-04: non-shell, undergraduate (levels 1-4). Graduate 5xxx+ and x9xx shells excluded per the standing procedure in SOURCES.md."
EUH4462,GERMANY SINCE 1866,2,queued,998,2026-09-04T01:12:12Z,,,"UWF build 2026-09-04: non-shell, undergraduate (levels 1-4). Graduate 5xxx+ and x9xx shells excluded per the standing procedure in SOURCES.md."
EVR4035,ENVIRONMENTAL LAW,2,queued,998,2026-09-04T01:12:12Z,,,"UWF build 2026-09-04: non-shell, undergraduate (levels 1-4). Graduate 5xxx+ and x9xx shells excluded per the standing procedure in SOURCES.md."
EVR4823,ENVIRONMENTAL IMPACT ANALYSIS,2,queued,998,2026-09-04T01:12:12Z,,,"UWF build 2026-09-04: non-shell, undergraduate (levels 1-4). Graduate 5xxx+ and x9xx shells excluded per the standing procedure in SOURCES.md."
EXP4507,MEMORY AND COGNITION,2,queued,998,2026-09-04T01:12:12Z,,,"UWF build 2026-09-04: non-shell, undergraduate (levels 1-4). Graduate 5xxx+ and x9xx shells excluded per the standing procedure in SOURCES.md."
FIL3427C,FILM I,2,queued,998,2026-09-04T01:12:12Z,,,"UWF build 2026-09-04: non-shell, undergraduate (levels 1-4). Graduate 5xxx+ and x9xx shells excluded per the standing procedure in SOURCES.md."
FIL3833,FILM GENRE,2,queued,998,2026-09-04T01:12:12Z,,,"UWF build 2026-09-04: non-shell, undergraduate (levels 1-4). Graduate 5xxx+ and x9xx shells excluded per the standing procedure in SOURCES.md."
FIL4036,FILM TO THE 1940(S),2,queued,998,2026-09-04T01:12:12Z,,,"UWF build 2026-09-04: non-shell, undergraduate (levels 1-4). Graduate 5xxx+ and x9xx shells excluded per the standing procedure in SOURCES.md."
FIL4102,SCRIPT AND SCREENWRITING,2,queued,998,2026-09-04T01:12:12Z,,,"UWF build 2026-09-04: non-shell, undergraduate (levels 1-4). Graduate 5xxx+ and x9xx shells excluded per the standing procedure in SOURCES.md."
FIL4364,DOCUMENTARY FILM & TELEVISION,2,queued,998,2026-09-04T01:12:12Z,,,"UWF build 2026-09-04: non-shell, undergraduate (levels 1-4). Graduate 5xxx+ and x9xx shells excluded per the standing procedure in SOURCES.md."
FIN2104,PERSONAL FINANCE,2,queued,998,2026-09-04T01:12:12Z,,,"UWF build 2026-09-04: non-shell, undergraduate (levels 1-4). Graduate 5xxx+ and x9xx shells excluded per the standing procedure in SOURCES.md."
FIN3144,PERSONAL FINANCIAL PLANNING,2,queued,998,2026-09-04T01:12:12Z,,,"UWF build 2026-09-04: non-shell, undergraduate (levels 1-4). Graduate 5xxx+ and x9xx shells excluded per the standing procedure in SOURCES.md."
FRE2210C,FRENCH 4,2,queued,998,2026-09-04T01:12:12Z,,,"UWF build 2026-09-04: non-shell, undergraduate (levels 1-4). Graduate 5xxx+ and x9xx shells excluded per the standing procedure in SOURCES.md."
GEB3032,BUSINESS ESSENTIALS FOR NON-ACCOUNTANTS,2,queued,998,2026-09-04T01:12:12Z,,,"UWF build 2026-09-04: non-shell, undergraduate (levels 1-4). Graduate 5xxx+ and x9xx shells excluded per the standing procedure in SOURCES.md."
GEB3453,BUSINESS ETHICS & STAKEHOLDER MANAGEMENT,2,queued,998,2026-09-04T01:12:12Z,,,"UWF build 2026-09-04: non-shell, undergraduate (levels 1-4). Graduate 5xxx+ and x9xx shells excluded per the standing procedure in SOURCES.md."
GEB4361,INTERNATIONAL BUSINESS,2,queued,998,2026-09-04T01:12:12Z,,,"UWF build 2026-09-04: non-shell, undergraduate (levels 1-4). Graduate 5xxx+ and x9xx shells excluded per the standing procedure in SOURCES.md."
GEO4251,ADVANCED CLIMATOLOGY AND CLIMATE CHANGE,2,queued,998,2026-09-04T01:12:12Z,,,"UWF build 2026-09-04: non-shell, undergraduate (levels 1-4). Graduate 5xxx+ and x9xx shells excluded per the standing procedure in SOURCES.md."
GEO4357,ENVIRONMENT AND ECONOMY,2,queued,998,2026-09-04T01:12:12Z,,,"UWF build 2026-09-04: non-shell, undergraduate (levels 1-4). Graduate 5xxx+ and x9xx shells excluded per the standing procedure in SOURCES.md."
GEY4001,GERONTOLOGY,2,queued,998,2026-09-04T01:12:12Z,,,"UWF build 2026-09-04: non-shell, undergraduate (levels 1-4). Graduate 5xxx+ and x9xx shells excluded per the standing procedure in SOURCES.md."
GIS4006,COMPUTER CARTOGRAPHY,2,queued,998,2026-09-04T01:12:12Z,,,"UWF build 2026-09-04: non-shell, undergraduate (levels 1-4). Graduate 5xxx+ and x9xx shells excluded per the standing procedure in SOURCES.md."
GIS4035L,INTRODUCTION TO REMOTE SENSING LAB,2,queued,998,2026-09-04T01:12:12Z,,,"UWF build 2026-09-04: non-shell, undergraduate (levels 1-4). Graduate 5xxx+ and x9xx shells excluded per the standing procedure in SOURCES.md."
GIS4043L,GIS LAB,2,queued,998,2026-09-04T01:12:12Z,,,"UWF build 2026-09-04: non-shell, undergraduate (levels 1-4). Graduate 5xxx+ and x9xx shells excluded per the standing procedure in SOURCES.md."
GIS4301C,GIS FOR ENVIRONMENTAL ANALYSIS,2,queued,998,2026-09-04T01:12:12Z,,,"UWF build 2026-09-04: non-shell, undergraduate (levels 1-4). Graduate 5xxx+ and x9xx shells excluded per the standing procedure in SOURCES.md."
GLY4240,GEOCHEMISTRY,2,queued,998,2026-09-04T01:12:12Z,,,"UWF build 2026-09-04: non-shell, undergraduate (levels 1-4). Graduate 5xxx+ and x9xx shells excluded per the standing procedure in SOURCES.md."
GLY4244C,BIOGEOCHEMISTRY,2,queued,998,2026-09-04T01:12:12Z,,,"UWF build 2026-09-04: non-shell, undergraduate (levels 1-4). Graduate 5xxx+ and x9xx shells excluded per the standing procedure in SOURCES.md."
GRA2508C,COLOR THEORY,2,queued,998,2026-09-04T01:12:12Z,,,"UWF build 2026-09-04: non-shell, undergraduate (levels 1-4). Graduate 5xxx+ and x9xx shells excluded per the standing procedure in SOURCES.md."
GRA3881C,DESIGN: SEMIOTICS,2,queued,998,2026-09-04T01:12:12Z,,,"UWF build 2026-09-04: non-shell, undergraduate (levels 1-4). Graduate 5xxx+ and x9xx shells excluded per the standing procedure in SOURCES.md."
GRA4882C,ANALYSIS OF TRENDS AND STYLES,2,queued,998,2026-09-04T01:12:12Z,,,"UWF build 2026-09-04: non-shell, undergraduate (levels 1-4). Graduate 5xxx+ and x9xx shells excluded per the standing procedure in SOURCES.md."
HFT3053,TRAVEL AND TOURISM MANAGEMENT,2,queued,998,2026-09-04T01:12:12Z,,,"UWF build 2026-09-04: non-shell, undergraduate (levels 1-4). Graduate 5xxx+ and x9xx shells excluded per the standing procedure in SOURCES.md."
HFT3214,FOOD SANITATION MANAGEMENT,2,queued,998,2026-09-04T01:12:12Z,,,"UWF build 2026-09-04: non-shell, undergraduate (levels 1-4). Graduate 5xxx+ and x9xx shells excluded per the standing procedure in SOURCES.md."
HFT3814C,FOOD & BEVERAGE OPERATIONS MANAGEMENT,2,queued,998,2026-09-04T01:12:12Z,,,"UWF build 2026-09-04: non-shell, undergraduate (levels 1-4). Graduate 5xxx+ and x9xx shells excluded per the standing procedure in SOURCES.md."
HFT4252,HOTEL AND RESORT MANAGEMENT,2,queued,998,2026-09-04T01:12:12Z,,,"UWF build 2026-09-04: non-shell, undergraduate (levels 1-4). Graduate 5xxx+ and x9xx shells excluded per the standing procedure in SOURCES.md."
HFT4503,HOSPITALITY / TOURISM MARKETING,2,queued,998,2026-09-04T01:12:12Z,,,"UWF build 2026-09-04: non-shell, undergraduate (levels 1-4). Graduate 5xxx+ and x9xx shells excluded per the standing procedure in SOURCES.md."
HFT4753,SPECIAL EVENT MANAGEMENT,2,queued,998,2026-09-04T01:12:12Z,,,"UWF build 2026-09-04: non-shell, undergraduate (levels 1-4). Graduate 5xxx+ and x9xx shells excluded per the standing procedure in SOURCES.md."
HIM4218,HEALTHCARE DATA ANALYSIS USING PYTHON,2,queued,998,2026-09-04T01:12:12Z,,,"UWF build 2026-09-04: non-shell, undergraduate (levels 1-4). Graduate 5xxx+ and x9xx shells excluded per the standing procedure in SOURCES.md."
HIS2496,PANDEMICS AND PEOPLE,2,queued,998,2026-09-04T01:12:12Z,,,"UWF build 2026-09-04: non-shell, undergraduate (levels 1-4). Graduate 5xxx+ and x9xx shells excluded per the standing procedure in SOURCES.md."
HIS3002,THE HISTORIAN'S CRAFT,2,queued,998,2026-09-04T01:12:12Z,,,"UWF build 2026-09-04: non-shell, undergraduate (levels 1-4). Graduate 5xxx+ and x9xx shells excluded per the standing procedure in SOURCES.md."
HIS4491,HISTORY OF MEDICINE AND SOCIETY,2,queued,998,2026-09-04T01:12:12Z,,,"UWF build 2026-09-04: non-shell, undergraduate (levels 1-4). Graduate 5xxx+ and x9xx shells excluded per the standing procedure in SOURCES.md."
HSA3140,STRATEGIC PLANNING IN HEALTHCARE,2,queued,998,2026-09-04T01:12:12Z,,,"UWF build 2026-09-04: non-shell, undergraduate (levels 1-4). Graduate 5xxx+ and x9xx shells excluded per the standing procedure in SOURCES.md."
IDH4030,HONORS SEMINAR: TOPIC I,2,queued,998,2026-09-04T01:12:12Z,,,"UWF build 2026-09-04: non-shell, undergraduate (levels 1-4). Graduate 5xxx+ and x9xx shells excluded per the standing procedure in SOURCES.md."
IDH4038,HONORS SEMINAR: TOPIC IX,2,queued,998,2026-09-04T01:12:12Z,,,"UWF build 2026-09-04: non-shell, undergraduate (levels 1-4). Graduate 5xxx+ and x9xx shells excluded per the standing procedure in SOURCES.md."
INP3313,ORGANIZATIONAL BEHAVIOR,2,queued,998,2026-09-04T01:12:12Z,,,"UWF build 2026-09-04: non-shell, undergraduate (levels 1-4). Graduate 5xxx+ and x9xx shells excluded per the standing procedure in SOURCES.md."
INP4380,PSYCHOLOGY OF TEAMWORK,2,queued,998,2026-09-04T01:12:12Z,,,"UWF build 2026-09-04: non-shell, undergraduate (levels 1-4). Graduate 5xxx+ and x9xx shells excluded per the standing procedure in SOURCES.md."
INR3503,MODEL UNITED NATIONS,2,queued,998,2026-09-04T01:12:12Z,,,"UWF build 2026-09-04: non-shell, undergraduate (levels 1-4). Graduate 5xxx+ and x9xx shells excluded per the standing procedure in SOURCES.md."
INR4060,CAUSES OF WAR,2,queued,998,2026-09-04T01:12:12Z,,,"UWF build 2026-09-04: non-shell, undergraduate (levels 1-4). Graduate 5xxx+ and x9xx shells excluded per the standing procedure in SOURCES.md."
INR4061,INTERNATIONAL CONFLICT,2,queued,998,2026-09-04T01:12:12Z,,,"UWF build 2026-09-04: non-shell, undergraduate (levels 1-4). Graduate 5xxx+ and x9xx shells excluded per the standing procedure in SOURCES.md."
INR4124,STATECRAFT,2,queued,998,2026-09-04T01:12:12Z,,,"UWF build 2026-09-04: non-shell, undergraduate (levels 1-4). Graduate 5xxx+ and x9xx shells excluded per the standing procedure in SOURCES.md."
INR4224,WAR AND PEACE IN EAST ASIA,2,queued,998,2026-09-04T01:12:12Z,,,"UWF build 2026-09-04: non-shell, undergraduate (levels 1-4). Graduate 5xxx+ and x9xx shells excluded per the standing procedure in SOURCES.md."
JOU3314,ENVIRONMENTAL REPORTING,2,queued,998,2026-09-04T01:12:12Z,,,"UWF build 2026-09-04: non-shell, undergraduate (levels 1-4). Graduate 5xxx+ and x9xx shells excluded per the standing procedure in SOURCES.md."
JOU3342,MEDIA CONVERGENCE,2,queued,998,2026-09-04T01:12:12Z,,,"UWF build 2026-09-04: non-shell, undergraduate (levels 1-4). Graduate 5xxx+ and x9xx shells excluded per the standing procedure in SOURCES.md."
JOU4306,ADVANCED DATA JOURNALISM,2,queued,998,2026-09-04T01:12:12Z,,,"UWF build 2026-09-04: non-shell, undergraduate (levels 1-4). Graduate 5xxx+ and x9xx shells excluded per the standing procedure in SOURCES.md."
JOU4313C,SPORTS REPORTING,2,queued,998,2026-09-04T01:12:12Z,,,"UWF build 2026-09-04: non-shell, undergraduate (levels 1-4). Graduate 5xxx+ and x9xx shells excluded per the standing procedure in SOURCES.md."
LAH4131,INDIANS IN LATIN AMERICAN HISTORY,2,queued,998,2026-09-04T01:12:12Z,,,"UWF build 2026-09-04: non-shell, undergraduate (levels 1-4). Graduate 5xxx+ and x9xx shells excluded per the standing procedure in SOURCES.md."
LIN3673,RHETORICAL GRAMMAR,2,queued,998,2026-09-04T01:12:12Z,,,"UWF build 2026-09-04: non-shell, undergraduate (levels 1-4). Graduate 5xxx+ and x9xx shells excluded per the standing procedure in SOURCES.md."
LIT3002,TOPICS IN GENRE FICTION,2,queued,998,2026-09-04T01:12:12Z,,,"UWF build 2026-09-04: non-shell, undergraduate (levels 1-4). Graduate 5xxx+ and x9xx shells excluded per the standing procedure in SOURCES.md."
LIT4385,FEMINIST THEORY,2,queued,998,2026-09-04T01:12:12Z,,,"UWF build 2026-09-04: non-shell, undergraduate (levels 1-4). Graduate 5xxx+ and x9xx shells excluded per the standing procedure in SOURCES.md."
MUE3423,STRING TECHNIQUES,2,queued,998,2026-09-04T01:12:12Z,,,"UWF build 2026-09-04: non-shell, undergraduate (levels 1-4). Graduate 5xxx+ and x9xx shells excluded per the standing procedure in SOURCES.md."
MUE4344,TEACHING INSTRUMENTAL MUSIC,2,queued,998,2026-09-04T01:12:12Z,,,"UWF build 2026-09-04: non-shell, undergraduate (levels 1-4). Graduate 5xxx+ and x9xx shells excluded per the standing procedure in SOURCES.md."
MUE4411,CHORAL TECHNIQUES,2,queued,998,2026-09-04T01:12:12Z,,,"UWF build 2026-09-04: non-shell, undergraduate (levels 1-4). Graduate 5xxx+ and x9xx shells excluded per the standing procedure in SOURCES.md."
MUE4475,PERCUSSION METHODS AND MATERIALS,2,queued,998,2026-09-04T01:12:12Z,,,"UWF build 2026-09-04: non-shell, undergraduate (levels 1-4). Graduate 5xxx+ and x9xx shells excluded per the standing procedure in SOURCES.md."
MUG3108,CONDUCTING 2,2,queued,998,2026-09-04T01:12:12Z,,,"UWF build 2026-09-04: non-shell, undergraduate (levels 1-4). Graduate 5xxx+ and x9xx shells excluded per the standing procedure in SOURCES.md."
MUH2513,WORLD MUSIC,2,queued,998,2026-09-04T01:12:12Z,,,"UWF build 2026-09-04: non-shell, undergraduate (levels 1-4). Graduate 5xxx+ and x9xx shells excluded per the standing procedure in SOURCES.md."
MUL3551,WIND LITERATURE,2,queued,998,2026-09-04T01:12:12Z,,,"UWF build 2026-09-04: non-shell, undergraduate (levels 1-4). Graduate 5xxx+ and x9xx shells excluded per the standing procedure in SOURCES.md."
MUL3602,SONG LITERATURE,2,queued,998,2026-09-04T01:12:12Z,,,"UWF build 2026-09-04: non-shell, undergraduate (levels 1-4). Graduate 5xxx+ and x9xx shells excluded per the standing procedure in SOURCES.md."
MUN3103,PEP BAND,2,queued,998,2026-09-04T01:12:12Z,,,"UWF build 2026-09-04: non-shell, undergraduate (levels 1-4). Graduate 5xxx+ and x9xx shells excluded per the standing procedure in SOURCES.md."
MUN3437,HORN QUARTET,2,queued,998,2026-09-04T01:12:12Z,,,"UWF build 2026-09-04: non-shell, undergraduate (levels 1-4). Graduate 5xxx+ and x9xx shells excluded per the standing procedure in SOURCES.md."
MUT3401,COUNTERPOINT,2,queued,998,2026-09-04T01:12:12Z,,,"UWF build 2026-09-04: non-shell, undergraduate (levels 1-4). Graduate 5xxx+ and x9xx shells excluded per the standing procedure in SOURCES.md."
OCB3108L,FIELD STUDIES IN MARINE SCIENCE,2,queued,998,2026-09-04T01:12:12Z,,,"UWF build 2026-09-04: non-shell, undergraduate (levels 1-4). Graduate 5xxx+ and x9xx shells excluded per the standing procedure in SOURCES.md."
PAS2054,INTRODUCTION TO THE PA PROFESSION (L),2,queued,998,2026-09-04T01:12:12Z,,,"UWF build 2026-09-04: non-shell, undergraduate (levels 1-4). Graduate 5xxx+ and x9xx shells excluded per the standing procedure in SOURCES.md."
PEN2123,SWIMMING III,2,queued,998,2026-09-04T01:12:12Z,,,"UWF build 2026-09-04: non-shell, undergraduate (levels 1-4). Graduate 5xxx+ and x9xx shells excluded per the standing procedure in SOURCES.md."
PET3344C,ATHLETIC COACHING METHODS,2,queued,998,2026-09-04T01:12:12Z,,,"UWF build 2026-09-04: non-shell, undergraduate (levels 1-4). Graduate 5xxx+ and x9xx shells excluded per the standing procedure in SOURCES.md."
PET3471,SPORT OFFICIATING,2,queued,998,2026-09-04T01:12:12Z,,,"UWF build 2026-09-04: non-shell, undergraduate (levels 1-4). Graduate 5xxx+ and x9xx shells excluded per the standing procedure in SOURCES.md."
PET4434,YOUTH SPORT PEDAGOGY,2,queued,998,2026-09-04T01:12:12Z,,,"UWF build 2026-09-04: non-shell, undergraduate (levels 1-4). Graduate 5xxx+ and x9xx shells excluded per the standing procedure in SOURCES.md."
PET4820,ADOLESCENT SPORT PEDAGOGY,2,queued,998,2026-09-04T01:12:12Z,,,"UWF build 2026-09-04: non-shell, undergraduate (levels 1-4). Graduate 5xxx+ and x9xx shells excluded per the standing procedure in SOURCES.md."
PHC4109,PUBLIC HEALTH BIOLOGY,2,queued,998,2026-09-04T01:12:12Z,,,"UWF build 2026-09-04: non-shell, undergraduate (levels 1-4). Graduate 5xxx+ and x9xx shells excluded per the standing procedure in SOURCES.md."
PHC4464,INTRODUCTION TO HEALTH DISPARITIES & SOCIAL DETERM,2,queued,998,2026-09-04T01:12:12Z,,,"UWF build 2026-09-04: non-shell, undergraduate (levels 1-4). Graduate 5xxx+ and x9xx shells excluded per the standing procedure in SOURCES.md."
PHI3200,SOCIAL-POLITICAL PHILOSOPHY,2,queued,998,2026-09-04T01:12:12Z,,,"UWF build 2026-09-04: non-shell, undergraduate (levels 1-4). Graduate 5xxx+ and x9xx shells excluded per the standing procedure in SOURCES.md."
PHI3452,PHILOSOPHY OF BIOLOGY,2,queued,998,2026-09-04T01:12:12Z,,,"UWF build 2026-09-04: non-shell, undergraduate (levels 1-4). Graduate 5xxx+ and x9xx shells excluded per the standing procedure in SOURCES.md."
PHI3790,AFRICAN PHILOSOPHY,2,queued,998,2026-09-04T01:12:13Z,,,"UWF build 2026-09-04: non-shell, undergraduate (levels 1-4). Graduate 5xxx+ and x9xx shells excluded per the standing procedure in SOURCES.md."
PHI3880,PHILOSOPHY OF FILM,2,queued,998,2026-09-04T01:12:13Z,,,"UWF build 2026-09-04: non-shell, undergraduate (levels 1-4). Graduate 5xxx+ and x9xx shells excluded per the standing procedure in SOURCES.md."
PHY3106,MODERN PHYSICS,2,queued,998,2026-09-04T01:12:13Z,,,"UWF build 2026-09-04: non-shell, undergraduate (levels 1-4). Graduate 5xxx+ and x9xx shells excluded per the standing procedure in SOURCES.md."
PHY4445,LASERS,2,queued,998,2026-09-04T01:12:13Z,,,"UWF build 2026-09-04: non-shell, undergraduate (levels 1-4). Graduate 5xxx+ and x9xx shells excluded per the standing procedure in SOURCES.md."
PHY4822L,ADVANCED LABORATORY,2,queued,998,2026-09-04T01:12:13Z,,,"UWF build 2026-09-04: non-shell, undergraduate (levels 1-4). Graduate 5xxx+ and x9xx shells excluded per the standing procedure in SOURCES.md."
PHZ4113,MATHEMATICAL PHYSICS I,2,queued,998,2026-09-04T01:12:13Z,,,"UWF build 2026-09-04: non-shell, undergraduate (levels 1-4). Graduate 5xxx+ and x9xx shells excluded per the standing procedure in SOURCES.md."
PLA3464,BANKRUPTCY LAW,2,queued,998,2026-09-04T01:12:13Z,,,"UWF build 2026-09-04: non-shell, undergraduate (levels 1-4). Graduate 5xxx+ and x9xx shells excluded per the standing procedure in SOURCES.md."
PLA3613,PROPERTY LAW,2,queued,998,2026-09-04T01:12:13Z,,,"UWF build 2026-09-04: non-shell, undergraduate (levels 1-4). Graduate 5xxx+ and x9xx shells excluded per the standing procedure in SOURCES.md."
PLA3806,FAMILY LAW,2,queued,998,2026-09-04T01:12:13Z,,,"UWF build 2026-09-04: non-shell, undergraduate (levels 1-4). Graduate 5xxx+ and x9xx shells excluded per the standing procedure in SOURCES.md."
PLA4191,LEGAL REASONING,2,queued,998,2026-09-04T01:12:13Z,,,"UWF build 2026-09-04: non-shell, undergraduate (levels 1-4). Graduate 5xxx+ and x9xx shells excluded per the standing procedure in SOURCES.md."
PLA4764,LAW OFFICE PRACTICES,2,queued,998,2026-09-04T01:12:13Z,,,"UWF build 2026-09-04: non-shell, undergraduate (levels 1-4). Graduate 5xxx+ and x9xx shells excluded per the standing procedure in SOURCES.md."
POS3033,POLITICAL ANALYSIS,2,queued,998,2026-09-04T01:12:13Z,,,"UWF build 2026-09-04: non-shell, undergraduate (levels 1-4). Graduate 5xxx+ and x9xx shells excluded per the standing procedure in SOURCES.md."
POS3453,POLITICAL PARTIES AND INTEREST GROUPS,2,queued,998,2026-09-04T01:12:13Z,,,"UWF build 2026-09-04: non-shell, undergraduate (levels 1-4). Graduate 5xxx+ and x9xx shells excluded per the standing procedure in SOURCES.md."
POS3624,INDIVIDUAL RIGHTS AND PRIVILEGES,2,queued,998,2026-09-04T01:12:13Z,,,"UWF build 2026-09-04: non-shell, undergraduate (levels 1-4). Graduate 5xxx+ and x9xx shells excluded per the standing procedure in SOURCES.md."
PSB4731,BIOPSYCHOLOGY OF SEXUAL BEHAVIOR,2,queued,998,2026-09-04T01:12:13Z,,,"UWF build 2026-09-04: non-shell, undergraduate (levels 1-4). Graduate 5xxx+ and x9xx shells excluded per the standing procedure in SOURCES.md."
PSY3860,POSITIVE PSYCHOLOGY,2,queued,998,2026-09-04T01:12:13Z,,,"UWF build 2026-09-04: non-shell, undergraduate (levels 1-4). Graduate 5xxx+ and x9xx shells excluded per the standing procedure in SOURCES.md."
PUR4407,MANAGING MEDIA RELATIONS,2,queued,998,2026-09-04T01:12:13Z,,,"UWF build 2026-09-04: non-shell, undergraduate (levels 1-4). Graduate 5xxx+ and x9xx shells excluded per the standing procedure in SOURCES.md."
PUR4600,PR STRATEGIES,2,queued,998,2026-09-04T01:12:13Z,,,"UWF build 2026-09-04: non-shell, undergraduate (levels 1-4). Graduate 5xxx+ and x9xx shells excluded per the standing procedure in SOURCES.md."
RET3028,FOUNDATIONS OF RESPIRATORY THERAPY,2,queued,998,2026-09-04T01:12:13Z,,,"UWF build 2026-09-04: non-shell, undergraduate (levels 1-4). Graduate 5xxx+ and x9xx shells excluded per the standing procedure in SOURCES.md."
RET3028L,FOUNDATIONS OF RESPIRATORY THERAPY LAB,2,queued,998,2026-09-04T01:12:13Z,,,"UWF build 2026-09-04: non-shell, undergraduate (levels 1-4). Graduate 5xxx+ and x9xx shells excluded per the standing procedure in SOURCES.md."
RET3493,PATIENT ASSESSMENT,2,queued,998,2026-09-04T01:12:13Z,,,"UWF build 2026-09-04: non-shell, undergraduate (levels 1-4). Graduate 5xxx+ and x9xx shells excluded per the standing procedure in SOURCES.md."
RET3493L,PATIENT ASSESSMENT LAB,2,queued,998,2026-09-04T01:12:13Z,,,"UWF build 2026-09-04: non-shell, undergraduate (levels 1-4). Graduate 5xxx+ and x9xx shells excluded per the standing procedure in SOURCES.md."
RET3884,CLINICAL PRACTICUM I,2,queued,998,2026-09-04T01:12:13Z,,,"UWF build 2026-09-04: non-shell, undergraduate (levels 1-4). Graduate 5xxx+ and x9xx shells excluded per the standing procedure in SOURCES.md."
RET3885,CLINICAL PRACTICUM II,2,queued,998,2026-09-04T01:12:13Z,,,"UWF build 2026-09-04: non-shell, undergraduate (levels 1-4). Graduate 5xxx+ and x9xx shells excluded per the standing procedure in SOURCES.md."
RET4277,ADULT CRITICAL CARE,2,queued,998,2026-09-04T01:12:13Z,,,"UWF build 2026-09-04: non-shell, undergraduate (levels 1-4). Graduate 5xxx+ and x9xx shells excluded per the standing procedure in SOURCES.md."
RET4616,ADVANCED SEMINAR IN RESPIRATORY THERAPY,2,queued,998,2026-09-04T01:12:13Z,,,"UWF build 2026-09-04: non-shell, undergraduate (levels 1-4). Graduate 5xxx+ and x9xx shells excluded per the standing procedure in SOURCES.md."
RET4718,NEONATAL PEDIATRIC CRITICAL CARE,2,queued,998,2026-09-04T01:12:13Z,,,"UWF build 2026-09-04: non-shell, undergraduate (levels 1-4). Graduate 5xxx+ and x9xx shells excluded per the standing procedure in SOURCES.md."
RET4886,CLINICAL PRACTICUM III,2,queued,998,2026-09-04T01:12:13Z,,,"UWF build 2026-09-04: non-shell, undergraduate (levels 1-4). Graduate 5xxx+ and x9xx shells excluded per the standing procedure in SOURCES.md."
RET4887,CLINICAL PRACTICUM IV,2,queued,998,2026-09-04T01:12:13Z,,,"UWF build 2026-09-04: non-shell, undergraduate (levels 1-4). Graduate 5xxx+ and x9xx shells excluded per the standing procedure in SOURCES.md."
RTV3400,HISTORY OF TELEVISION,2,queued,998,2026-09-04T01:12:13Z,,,"UWF build 2026-09-04: non-shell, undergraduate (levels 1-4). Graduate 5xxx+ and x9xx shells excluded per the standing procedure in SOURCES.md."
RTV3533,VIDEO PRODUCTION,2,queued,998,2026-09-04T01:12:13Z,,,"UWF build 2026-09-04: non-shell, undergraduate (levels 1-4). Graduate 5xxx+ and x9xx shells excluded per the standing procedure in SOURCES.md."
RTV3700,MEDIA LAW AND POLICY,2,queued,998,2026-09-04T01:12:13Z,,,"UWF build 2026-09-04: non-shell, undergraduate (levels 1-4). Graduate 5xxx+ and x9xx shells excluded per the standing procedure in SOURCES.md."
SOW3113,THE SOCIAL ENVIRONMENT AND HUMAN BEHAVIOR I,2,queued,998,2026-09-04T01:12:13Z,,,"UWF build 2026-09-04: non-shell, undergraduate (levels 1-4). Graduate 5xxx+ and x9xx shells excluded per the standing procedure in SOURCES.md."
SOW3313,WORK WITH INDIVIDUALS,2,queued,998,2026-09-04T01:12:13Z,,,"UWF build 2026-09-04: non-shell, undergraduate (levels 1-4). Graduate 5xxx+ and x9xx shells excluded per the standing procedure in SOURCES.md."
SOW3322,WORK WITH GROUPS,2,queued,998,2026-09-04T01:12:13Z,,,"UWF build 2026-09-04: non-shell, undergraduate (levels 1-4). Graduate 5xxx+ and x9xx shells excluded per the standing procedure in SOURCES.md."
SOW4141,FAMILY VIOLENCE,2,queued,998,2026-09-04T01:12:13Z,,,"UWF build 2026-09-04: non-shell, undergraduate (levels 1-4). Graduate 5xxx+ and x9xx shells excluded per the standing procedure in SOURCES.md."
SOW4233,SOCIAL WELFARE POLICY PRACTICE,2,queued,998,2026-09-04T01:12:13Z,,,"UWF build 2026-09-04: non-shell, undergraduate (levels 1-4). Graduate 5xxx+ and x9xx shells excluded per the standing procedure in SOURCES.md."
SOW4613,MENTAL HEALTH SERVICES,2,queued,998,2026-09-04T01:12:13Z,,,"UWF build 2026-09-04: non-shell, undergraduate (levels 1-4). Graduate 5xxx+ and x9xx shells excluded per the standing procedure in SOURCES.md."
SOW4740,DEATH  AND  DYING,2,queued,998,2026-09-04T01:12:13Z,,,"UWF build 2026-09-04: non-shell, undergraduate (levels 1-4). Graduate 5xxx+ and x9xx shells excluded per the standing procedure in SOURCES.md."
SPC3593,PRACT IN FORENSICS,2,queued,998,2026-09-04T01:12:13Z,,,"UWF build 2026-09-04: non-shell, undergraduate (levels 1-4). Graduate 5xxx+ and x9xx shells excluded per the standing procedure in SOURCES.md."
SPM3109,SPORT EVENT MANAGEMENT,2,queued,998,2026-09-04T01:12:13Z,,,"UWF build 2026-09-04: non-shell, undergraduate (levels 1-4). Graduate 5xxx+ and x9xx shells excluded per the standing procedure in SOURCES.md."
SPM4003,CAREER IN PROFESSIONAL SPORT,2,queued,998,2026-09-04T01:12:13Z,,,"UWF build 2026-09-04: non-shell, undergraduate (levels 1-4). Graduate 5xxx+ and x9xx shells excluded per the standing procedure in SOURCES.md."
SPM4162,ESPORTS MANAGEMENT,2,queued,998,2026-09-04T01:12:13Z,,,"UWF build 2026-09-04: non-shell, undergraduate (levels 1-4). Graduate 5xxx+ and x9xx shells excluded per the standing procedure in SOURCES.md."
SPN4500,SPANISH CULTURE,2,queued,998,2026-09-04T01:12:13Z,,,"UWF build 2026-09-04: non-shell, undergraduate (levels 1-4). Graduate 5xxx+ and x9xx shells excluded per the standing procedure in SOURCES.md."
SSE4324,TEACHING MIDDLE SCHOOL SOCIAL STUDIES,2,queued,998,2026-09-04T01:12:13Z,,,"UWF build 2026-09-04: non-shell, undergraduate (levels 1-4). Graduate 5xxx+ and x9xx shells excluded per the standing procedure in SOURCES.md."
STA2360,INTRODUCTION TO DATA SCIENCE,2,queued,998,2026-09-04T01:12:13Z,,,"UWF build 2026-09-04: non-shell, undergraduate (levels 1-4). Graduate 5xxx+ and x9xx shells excluded per the standing procedure in SOURCES.md."
STA3162C,APPLIED STATISTICS,2,queued,998,2026-09-04T01:12:13Z,,,"UWF build 2026-09-04: non-shell, undergraduate (levels 1-4). Graduate 5xxx+ and x9xx shells excluded per the standing procedure in SOURCES.md."
THE3112,THEATRE HISTORY I,2,queued,998,2026-09-04T01:12:13Z,,,"UWF build 2026-09-04: non-shell, undergraduate (levels 1-4). Graduate 5xxx+ and x9xx shells excluded per the standing procedure in SOURCES.md."
THE3113,THEATRE HISTORY II,2,queued,998,2026-09-04T01:12:13Z,,,"UWF build 2026-09-04: non-shell, undergraduate (levels 1-4). Graduate 5xxx+ and x9xx shells excluded per the standing procedure in SOURCES.md."
THE3243,MUSICAL THEATRE HISTORY,2,queued,998,2026-09-04T01:12:13Z,,,"UWF build 2026-09-04: non-shell, undergraduate (levels 1-4). Graduate 5xxx+ and x9xx shells excluded per the standing procedure in SOURCES.md."
TPA3022,LIGHTING DESIGN 1,2,queued,998,2026-09-04T01:12:13Z,,,"UWF build 2026-09-04: non-shell, undergraduate (levels 1-4). Graduate 5xxx+ and x9xx shells excluded per the standing procedure in SOURCES.md."
TPA3064C,SCENE DESIGN I,2,queued,998,2026-09-04T01:12:13Z,,,"UWF build 2026-09-04: non-shell, undergraduate (levels 1-4). Graduate 5xxx+ and x9xx shells excluded per the standing procedure in SOURCES.md."
TPA4061,SCENE DESIGN II,2,queued,998,2026-09-04T01:12:13Z,,,"UWF build 2026-09-04: non-shell, undergraduate (levels 1-4). Graduate 5xxx+ and x9xx shells excluded per the standing procedure in SOURCES.md."
TRA4155,SUPPLY CHAIN MANAGEMENT,2,queued,998,2026-09-04T01:12:13Z,,,"UWF build 2026-09-04: non-shell, undergraduate (levels 1-4). Graduate 5xxx+ and x9xx shells excluded per the standing procedure in SOURCES.md."
ANT3153,NORTH AMERICAN ARCHAEOLOGY,2,pushed,998,2026-09-04T01:12:12Z,2026-09-04T01:26:48Z,2026-09-04T01:27:05Z,"UWF build 2026-09-04: non-shell, undergraduate (levels 1-4). Graduate 5xxx+ and x9xx shells excluded per the standing procedure in SOURCES.md."
ANT3311,INDIANS OF THE SOUTHEASTERN UNITED STATES,2,pushed,998,2026-09-04T01:12:12Z,2026-09-04T09:41:48Z,2026-09-04T09:50:27Z,"UWF build 2026-09-04: non-shell, undergraduate (levels 1-4). Graduate 5xxx+ and x9xx shells excluded per the standing procedure in SOURCES.md."
ANT3352,AFRICAN CULTURES,2,pushed,998,2026-09-04T01:12:12Z,2026-09-04T09:39:27Z,2026-09-04T09:50:28Z,"UWF build 2026-09-04: non-shell, undergraduate (levels 1-4). Graduate 5xxx+ and x9xx shells excluded per the standing procedure in SOURCES.md."
ANT4172,HISTORICAL ARCHAEOLOGY,2,pushed,998,2026-09-04T01:12:12Z,2026-09-04T01:26:48Z,2026-09-04T01:27:05Z,"UWF build 2026-09-04: non-shell, undergraduate (levels 1-4). Graduate 5xxx+ and x9xx shells excluded per the standing procedure in SOURCES.md."
ANT4180L,LABORATORY METHODS IN ARCHAEOLOGY,2,pushed,998,2026-09-04T01:12:12Z,2026-09-04T01:26:48Z,2026-09-04T01:27:05Z,"UWF build 2026-09-04: non-shell, undergraduate (levels 1-4). Graduate 5xxx+ and x9xx shells excluded per the standing procedure in SOURCES.md."
ANT4190,PROFESSIONAL ARCHAEOLOGY,2,pushed,998,2026-09-04T01:12:12Z,2026-09-04T01:26:48Z,2026-09-04T01:27:05Z,"UWF build 2026-09-04: non-shell, undergraduate (levels 1-4). Graduate 5xxx+ and x9xx shells excluded per the standing procedure in SOURCES.md."
ANT4473,CULTURE AND GLOBALIZATION,2,pushed,998,2026-09-04T01:12:12Z,2026-09-04T09:47:06Z,2026-09-04T09:50:28Z,"UWF build 2026-09-04: non-shell, undergraduate (levels 1-4). Graduate 5xxx+ and x9xx shells excluded per the standing procedure in SOURCES.md."
ANT4536,BIOARCHAEOLOGY,2,pushed,998,2026-09-04T01:12:12Z,2026-09-04T03:07:44Z,2026-09-04T03:08:28Z,"UWF build 2026-09-04: non-shell, undergraduate (levels 1-4). Graduate 5xxx+ and x9xx shells excluded per the standing procedure in SOURCES.md."
ART3213C,IDEAS AND CONCEPTS IN ART,2,pushed,998,2026-09-04T01:12:12Z,2026-09-04T14:36:41Z,2026-09-04T14:36:56Z,"UWF build 2026-09-04: non-shell, undergraduate (levels 1-4). Graduate 5xxx+ and x9xx shells excluded per the standing procedure in SOURCES.md."
ART3613C,DIGITAL MULTIMEDIA,2,pushed,998,2026-09-04T01:12:12Z,2026-09-04T14:35:33Z,2026-09-04T14:36:56Z,"UWF build 2026-09-04: non-shell, undergraduate (levels 1-4). Graduate 5xxx+ and x9xx shells excluded per the standing procedure in SOURCES.md."
ART3714C,SCULPTURE:CASTING,2,pushed,998,2026-09-04T01:12:12Z,2026-09-04T14:54:56Z,2026-09-04T14:56:46Z,"UWF build 2026-09-04: non-shell, undergraduate (levels 1-4). Graduate 5xxx+ and x9xx shells excluded per the standing procedure in SOURCES.md."
ART3760C,CERAMICS,2,pushed,998,2026-09-04T01:12:12Z,2026-09-04T14:53:43Z,2026-09-04T14:56:47Z,"UWF build 2026-09-04: non-shell, undergraduate (levels 1-4). Graduate 5xxx+ and x9xx shells excluded per the standing procedure in SOURCES.md."
ART3762C,WHEEL THROWING,2,pushed,998,2026-09-04T01:12:12Z,2026-09-04T14:53:43Z,2026-09-04T14:56:47Z,"UWF build 2026-09-04: non-shell, undergraduate (levels 1-4). Graduate 5xxx+ and x9xx shells excluded per the standing procedure in SOURCES.md."
ART3789C,WORLD CERAMICS,2,pushed,998,2026-09-04T01:12:12Z,2026-09-04T14:53:43Z,2026-09-04T14:56:47Z,"UWF build 2026-09-04: non-shell, undergraduate (levels 1-4). Graduate 5xxx+ and x9xx shells excluded per the standing procedure in SOURCES.md."
ART4332C,TOPICS - DRAWING,2,pushed,998,2026-09-04T01:12:12Z,2026-09-04T14:34:36Z,2026-09-04T14:36:56Z,"UWF build 2026-09-04: non-shell, undergraduate (levels 1-4). Graduate 5xxx+ and x9xx shells excluded per the standing procedure in SOURCES.md."
ART4333C,DRAWING V - ADVANCED,2,pushed,998,2026-09-04T01:12:12Z,2026-09-04T14:34:36Z,2026-09-04T14:36:56Z,"UWF build 2026-09-04: non-shell, undergraduate (levels 1-4). Graduate 5xxx+ and x9xx shells excluded per the standing procedure in SOURCES.md."
ART4632C,BUILDING A WEB PORTFOLIO,2,pushed,998,2026-09-04T01:12:12Z,2026-09-04T14:56:36Z,2026-09-04T14:56:47Z,"UWF build 2026-09-04: non-shell, undergraduate (levels 1-4). Graduate 5xxx+ and x9xx shells excluded per the standing procedure in SOURCES.md."
ART4712C,RI: ADVANCED SCULPTURE,2,pushed,998,2026-09-04T01:12:12Z,2026-09-04T14:54:56Z,2026-09-04T14:56:47Z,"UWF build 2026-09-04: non-shell, undergraduate (levels 1-4). Graduate 5xxx+ and x9xx shells excluded per the standing procedure in SOURCES.md."
ART4767C,DIGITAL CERAMICS,2,pushed,998,2026-09-04T01:12:12Z,2026-09-04T14:53:43Z,2026-09-04T14:56:47Z,"UWF build 2026-09-04: non-shell, undergraduate (levels 1-4). Graduate 5xxx+ and x9xx shells excluded per the standing procedure in SOURCES.md."
ART4800,CRITICISM SEMINAR,2,pushed,998,2026-09-04T01:12:12Z,2026-09-04T14:56:36Z,2026-09-04T14:56:48Z,"UWF build 2026-09-04: non-shell, undergraduate (levels 1-4). Graduate 5xxx+ and x9xx shells excluded per the standing procedure in SOURCES.md."
ART4801C,BFA SENIOR SEMINAR I,2,pushed,998,2026-09-04T01:12:12Z,2026-09-04T14:56:36Z,2026-09-04T14:56:48Z,"UWF build 2026-09-04: non-shell, undergraduate (levels 1-4). Graduate 5xxx+ and x9xx shells excluded per the standing procedure in SOURCES.md."
CET1110C,DIGITAL CIRCUITS,2,pushed,998,2026-05-04T00:32:59Z,2026-05-02T02:22:06Z,2026-05-04T00:33:38Z,(added by reconcile from orphan draft)
CET1113C,DIGITAL CIRCUITS,2,pushed,998,2026-05-04T00:32:59Z,2026-05-02T02:26:28Z,2026-05-04T00:33:38Z,(added by reconcile from orphan draft)
CET1114L,DIGITAL CIRCUITS LAB,2,pushed,998,2026-05-04T00:32:59Z,2026-05-02T02:41:51Z,2026-05-04T00:33:38Z,(added by reconcile from orphan draft)
CET2114C,DIGITAL SYSTEMS,2,pushed,998,2026-05-04T00:32:59Z,2026-05-02T03:00:31Z,2026-05-04T00:33:38Z,(added by reconcile from orphan draft)
CET2688C,SYSTEM SECURITY PRACTITIONER (SSCP),2,pushed,998,2026-05-04T00:32:59Z,2026-05-02T03:07:40Z,2026-05-04T00:33:38Z,(added by reconcile from orphan draft)
CET2794,MICROSOFT DIRECTORY SERVICES,2,pushed,998,2026-05-04T00:32:59Z,2026-05-02T06:27:40Z,2026-05-04T00:33:01Z,(added by reconcile from orphan draft)
CET2883C,NETWORK SECURITY ADVANCED,2,pushed,998,2026-05-04T00:32:59Z,2026-05-02T06:33:23Z,2026-05-04T00:33:01Z,(added by reconcile from orphan draft)
CET2892C,ETHICAL HACKING,2,pushed,998,2026-05-04T00:32:59Z,2026-05-02T10:14:26Z,2026-05-02T10:14:26.515213+00:00,(added by reconcile from orphan draft)
CET2930C,SELECTED TOPICS IN COMPUTER NETWORKING,2,pushed,998,2026-05-06T11:24:55Z,2026-05-02T10:14:26Z,2026-05-02T10:14:26.765533+00:00,(added by reconcile from orphan draft)
CET3505,COMPUTER OPERATING SYSTEMS,2,pushed,998,2026-05-04T00:32:59Z,2026-05-02T10:20:06Z,2026-05-02T10:20:06.837734+00:00,(added by reconcile from orphan draft)
CET4542,COMPUTER ARCHITECTURE,2,pushed,998,2026-05-04T00:32:59Z,2026-05-02T10:20:07Z,2026-05-02T10:20:07.321065+00:00,(added by reconcile from orphan draft)
COT3400,ALGORITHM ANALYSIS,2,pushed,998,2026-05-05T22:12:03Z,2026-05-06T00:02:00Z,2026-05-05T22:12:22Z,(added by reconcile from orphan draft)
COT4521,COMPUTATIONAL GEOMETRY,2,pushed,998,2026-05-05T22:12:03Z,2026-05-06T00:02:00Z,2026-05-05T22:12:22Z,(added by reconcile from orphan draft)
COT4601,FUNDAMENTALS OF QUANTUM COMPUTING,2,pushed,998,2026-05-06T00:57:17Z,2026-05-06T03:06:18Z,2026-05-06T00:57:28Z,(added by reconcile from orphan draft)
COT5407,ALGORITHMS ESSENTIALS,2,pushed,998,2026-05-06T00:57:17Z,2026-05-06T03:06:18Z,2026-05-06T00:57:28Z,(added by reconcile from orphan draft)
COT5520,COMPUTATIONAL GEOMETRY,2,pushed,998,2026-05-06T00:57:17Z,2026-05-06T03:06:18Z,2026-05-06T00:57:29Z,(added by reconcile from orphan draft)
COT5600,QUANTUM COMPUTING,2,pushed,998,2026-05-06T00:57:17Z,2026-05-06T03:06:18Z,2026-05-06T00:57:29Z,(added by reconcile from orphan draft)
CPO4074,POLITICAL ECONOMY,2,pushed,998,2026-09-04T01:12:12Z,2026-09-04T20:14:52Z,2026-09-04T20:15:03Z,"UWF build 2026-09-04: non-shell, undergraduate (levels 1-4). Graduate 5xxx+ and x9xx shells excluded per the standing procedure in SOURCES.md."
EEL3111L,CIRCUITS 1 LAB,2,pushed,998,2026-09-04T01:12:12Z,2026-09-04T10:16:53Z,2026-09-04T10:18:20Z,"UWF build 2026-09-04: non-shell, undergraduate (levels 1-4). Graduate 5xxx+ and x9xx shells excluded per the standing procedure in SOURCES.md."
EEL3701L,INTRODUCTION TO DIGITAL SYSTEMS LAB,2,pushed,998,2026-09-04T01:12:12Z,2026-09-04T10:04:23Z,2026-09-04T10:18:21Z,"UWF build 2026-09-04: non-shell, undergraduate (levels 1-4). Graduate 5xxx+ and x9xx shells excluded per the standing procedure in SOURCES.md."
EEL4252,POWER SYSTEMS II,2,pushed,998,2026-09-04T01:12:12Z,2026-09-04T10:18:12Z,2026-09-04T10:18:21Z,"UWF build 2026-09-04: non-shell, undergraduate (levels 1-4). Graduate 5xxx+ and x9xx shells excluded per the standing procedure in SOURCES.md."
EEL4276,SMART-GRID AND CYBER PHYSICAL SECURITY,2,pushed,998,2026-09-04T01:12:12Z,2026-09-04T10:15:29Z,2026-09-04T10:18:21Z,"UWF build 2026-09-04: non-shell, undergraduate (levels 1-4). Graduate 5xxx+ and x9xx shells excluded per the standing procedure in SOURCES.md."
EEL4290,SUSTAINABLE POWER SYSTEMS,2,pushed,998,2026-09-04T01:12:12Z,2026-09-04T10:13:05Z,2026-09-04T10:18:21Z,"UWF build 2026-09-04: non-shell, undergraduate (levels 1-4). Graduate 5xxx+ and x9xx shells excluded per the standing procedure in SOURCES.md."
EEL4510,COMMUNICATION NETWORKS,2,pushed,998,2026-09-04T01:12:12Z,2026-09-04T10:13:05Z,2026-09-04T10:18:21Z,"UWF build 2026-09-04: non-shell, undergraduate (levels 1-4). Graduate 5xxx+ and x9xx shells excluded per the standing procedure in SOURCES.md."
EEL4514L,COMMUNICATION LABORATORY,2,pushed,998,2026-09-04T01:12:12Z,2026-09-04T10:06:30Z,2026-09-04T10:18:21Z,"UWF build 2026-09-04: non-shell, undergraduate (levels 1-4). Graduate 5xxx+ and x9xx shells excluded per the standing procedure in SOURCES.md."
EEL4663,APPLIED ROBOTICS,2,pushed,998,2026-09-04T01:12:12Z,2026-09-04T10:15:29Z,2026-09-04T10:18:22Z,"UWF build 2026-09-04: non-shell, undergraduate (levels 1-4). Graduate 5xxx+ and x9xx shells excluded per the standing procedure in SOURCES.md."
EEL4712L,DIGITAL DESIGN LAB,2,pushed,998,2026-09-04T01:12:12Z,2026-09-04T10:16:44Z,2026-09-04T10:18:22Z,"UWF build 2026-09-04: non-shell, undergraduate (levels 1-4). Graduate 5xxx+ and x9xx shells excluded per the standing procedure in SOURCES.md."
EET1011C,DC CIRCUITS,2,pushed,998,2026-05-04T00:32:59Z,2026-05-02T01:42:28Z,2026-05-04T00:33:38Z,(added by reconcile from orphan draft)
EET1180C,TROUBLESHOOTING AND REPAIR TECHNIQUES,2,pushed,998,2026-05-04T00:32:59Z,2026-05-02T10:27:54Z,2026-05-02T10:27:54.279045+00:00,(added by reconcile from orphan draft)
EET1214C,INSTRUMENTATION AND CONTROL SYSTEMS,2,pushed,998,2026-05-04T00:32:59Z,2026-05-02T10:27:54Z,2026-05-02T10:27:54.536906+00:00,(added by reconcile from orphan draft)
EET1215C,INTRODUCTION TO ELECTRONICS,2,pushed,998,2026-05-04T00:32:59Z,2026-05-02T10:27:54Z,2026-05-02T10:27:54.825560+00:00,(added by reconcile from orphan draft)
EET2140C,SOLID STATE ELECTRONICS,2,pushed,998,2026-05-04T00:32:59Z,2026-05-02T10:27:55Z,2026-05-02T10:27:55.425140+00:00,(added by reconcile from orphan draft)
EET2155C,LINEAR INTEGRATED CIRCUITS,2,pushed,998,2026-05-04T00:32:59Z,2026-05-02T10:27:56Z,2026-05-02T10:27:56.162195+00:00,(added by reconcile from orphan draft)
EET2214C,LABVIEW INSTRUMENTATION,2,pushed,998,2026-05-04T00:32:59Z,2026-05-02T10:27:56Z,2026-05-02T10:27:56.413643+00:00,(added by reconcile from orphan draft)
EET2323C,ANALOG COMMUNICATIONS,2,pushed,998,2026-05-04T00:32:59Z,2026-05-02T10:27:56Z,2026-05-02T10:27:56.633088+00:00,(added by reconcile from orphan draft)
EET2326C,COMMUNICATIONS SYSTEMS I,2,pushed,998,2026-05-04T00:32:59Z,2026-05-02T10:27:57Z,2026-05-02T10:27:57.153424+00:00,(added by reconcile from orphan draft)
EET2351C,DIGITAL AND DATA COMMUNICATIONS,2,pushed,998,2026-05-04T00:32:59Z,2026-05-02T10:27:57Z,2026-05-02T10:27:57.384323+00:00,(added by reconcile from orphan draft)
EET2355C,DATA COMMUNICATIONS,2,pushed,998,2026-05-04T00:32:59Z,2026-05-02T10:27:57Z,2026-05-02T10:27:57.587358+00:00,(added by reconcile from orphan draft)
EET2609C,ELECTRONIC FABRICATION AND FIBER OPTICS,2,pushed,998,2026-05-04T00:32:59Z,2026-05-02T10:27:57Z,2026-05-02T10:27:57.801919+00:00,(added by reconcile from orphan draft)
EET2724C,SCHEMATIC CAPTURE AND MODELING,2,pushed,998,2026-05-04T00:33:00Z,2026-05-02T10:27:57Z,2026-05-02T10:27:57.999439+00:00,(added by reconcile from orphan draft)
EET2942,COOPERATIVE EDUCATION INTERNSHIP IN ELECTRONICS,2,pushed,998,2026-05-06T11:24:56Z,2026-05-02T10:27:58Z,2026-05-02T10:27:58.672970+00:00,(added by reconcile from orphan draft)
EET4950,SENIOR DESIGN PROJECT,2,pushed,998,2026-05-06T11:24:56Z,2026-05-02T10:27:59Z,2026-05-02T10:27:59.303402+00:00,(added by reconcile from orphan draft)
EEV0162,LOW VOLTAGE TECHNICIAN 1,2,pushed,998,2026-05-04T00:33:00Z,2026-05-02T10:27:59Z,2026-05-02T10:27:59.769009+00:00,(added by reconcile from orphan draft)
EEV0163,LOW VOLTAGE TECHNICIAN 2,2,pushed,998,2026-05-04T00:33:00Z,2026-05-02T10:27:59Z,2026-05-02T10:27:59.985261+00:00,(added by reconcile from orphan draft)
EEV0164,LOW VOLTAGE TECHNICIAN 3,2,pushed,998,2026-05-04T00:33:00Z,2026-05-02T08:03:41Z,2026-05-04T00:33:39Z,(added by reconcile from orphan draft)
EEV0165,LOW VOLTAGE TECHNICIAN 4,2,pushed,998,2026-05-04T00:33:00Z,2026-05-02T08:05:53Z,2026-05-04T00:33:39Z,(added by reconcile from orphan draft)
EEV0166,LOW VOLTAGE TECHNICIAN 5,2,pushed,998,2026-05-04T00:33:00Z,2026-05-02T08:08:01Z,2026-05-04T00:33:39Z,(added by reconcile from orphan draft)
EEV0210,CERTIFIED PRODUCTION TECHNICIAN,2,pushed,998,2026-05-04T00:33:00Z,2026-05-02T08:14:07Z,2026-05-04T00:33:39Z,(added by reconcile from orphan draft)
EEV0752,ELECTROMECHNICAL ASSEMBLER,2,pushed,998,2026-05-04T00:33:00Z,2026-05-02T08:33:50Z,2026-08-30T17:53:37Z,(added by reconcile from orphan draft)
EGN1004L,FIRST YEAR ENGINEERING LABORATORY,2,pushed,998,2026-05-04T13:16:05Z,2026-05-04T22:30:24Z,2026-05-04T18:30:38Z,EGN remaining (all 55)
EGN1006C,CAREER DESIGN FOR STEM DISCIPLINES,2,pushed,998,2026-05-04T13:16:05Z,2026-05-04T22:30:24Z,2026-05-04T18:30:38Z,EGN remaining (all 55)
EGN1008C,ENGINEERING EXPLORATIONS,2,pushed,998,2026-05-04T13:16:05Z,2026-05-04T22:54:06Z,2026-05-04T18:54:24Z,EGN remaining (all 55)
EGN1113,GRAPHICAL COMMUNICATIONS (2 - 2),2,pushed,998,2026-05-04T13:16:05Z,2026-05-04T22:54:06Z,2026-05-04T18:54:24Z,EGN remaining (all 55)
EGN2045,ENGINEERING AND TECHNOLOGY CALCULUS I,2,pushed,998,2026-05-04T13:16:05Z,2026-05-04T22:54:06Z,2026-05-04T18:54:24Z,EGN remaining (all 55)
EGN2210C,ENGINEERING ANALYSIS AND COMPUTATION,2,pushed,998,2026-05-04T13:16:05Z,2026-05-04T22:54:06Z,2026-05-04T18:54:25Z,EGN remaining (all 55)
EGN2332C,MECHANICS OF MATERIALS,2,pushed,998,2026-05-04T13:16:05Z,2026-05-04T22:54:06Z,2026-05-04T18:54:25Z,EGN remaining (all 55)
EGN2421,ENGINEERING ANALYSIS,2,pushed,998,2026-05-04T13:16:05Z,2026-05-04T23:18:16Z,2026-05-04T19:18:32Z,EGN remaining (all 55)
EGN3000C,FOUNDATIONS OF ENGINEERING,2,pushed,998,2026-05-04T13:16:05Z,2026-05-07T00:33:04Z,2026-05-06T20:33:28Z,EGN remaining (all 55)
EGN3046,ENGINEERING AND TECHNOLOGY CALCULUS II,2,pushed,998,2026-05-04T13:16:05Z,2026-05-04T23:18:16Z,2026-05-04T19:18:32Z,EGN remaining (all 55)
EGN3060C,INTRO TO MECHATRONIC DESIGN,2,pushed,998,2026-05-04T13:16:05Z,2026-05-04T23:18:16Z,2026-05-04T19:18:33Z,EGN remaining (all 55)
EGN3331L,MECHANICS OF MATERIALS LAB,2,pushed,998,2026-05-04T13:16:05Z,2026-05-04T23:18:16Z,2026-05-04T19:18:33Z,EGN remaining (all 55)
EGN3353C,FLUID MECHANICS,2,pushed,998,2026-05-04T13:16:05Z,2026-05-04T23:45:48Z,2026-05-04T19:45:59Z,EGN remaining (all 55)
EGN3420,ENGINEERING ANALYSIS,2,pushed,998,2026-05-04T13:16:05Z,2026-05-04T23:45:48Z,2026-05-04T19:45:59Z,EGN remaining (all 55)
EGN3433C,DESIGN FOR MANUFACTURING,2,pushed,998,2026-05-04T13:16:05Z,2026-05-04T23:45:48Z,2026-05-04T19:45:59Z,EGN remaining (all 55)
EGN3454,NUMERICAL METHODS FOR MECHANICAL ENGINEERS,2,pushed,998,2026-05-04T13:16:05Z,2026-05-04T23:45:48Z,2026-05-04T19:45:59Z,EGN remaining (all 55)
EGN4641C,ENGINEERING ENTREPRENEURSHIP,2,pushed,998,2026-05-04T13:16:05Z,2026-05-04T23:45:48Z,2026-05-04T19:46:00Z,EGN remaining (all 55)
EGN4952C,RI: ENGINEERING DESIGN 2,2,pushed,998,2026-05-04T13:16:05Z,2026-05-05T22:10:06Z,2026-05-05T22:12:22Z,EGN remaining (all 55)
EGN4970,TECHNICAL PROJECT,2,pushed,998,2026-05-04T13:16:05Z,2026-05-05T22:10:06Z,2026-05-05T22:12:23Z,EGN remaining (all 55)
EGN5444,BIG DATA ANALYTICS IN ENGINEERING,2,pushed,998,2026-05-04T13:16:05Z,2026-05-05T22:10:06Z,2026-05-05T22:12:23Z,EGN remaining (all 55)
EGN5455,NUMERICAL METHODS IN ENGINEERING,2,pushed,998,2026-05-04T13:16:05Z,2026-05-05T22:10:06Z,2026-05-05T22:12:23Z,EGN remaining (all 55)
EGN5458,STATISTICAL APPLICATIONS FOR ENGINEERS,2,pushed,998,2026-05-04T13:16:05Z,2026-05-05T22:10:06Z,2026-05-05T22:12:23Z,EGN remaining (all 55)
EGN5465,APPLIED SIMULATION MODELING OF TRANSPORTATION SYSTEMS,2,pushed,998,2026-05-04T13:16:05Z,2026-05-05T22:45:28Z,2026-05-05T22:12:23Z,EGN remaining (all 55)
EGN5480,METAHEURISTICS & HYBRID ALGORITHMS,2,pushed,998,2026-05-04T13:16:05Z,2026-05-05T22:45:28Z,2026-05-05T22:12:23Z,EGN remaining (all 55)
EGN6333,CONTINUUM MECHANICS,2,pushed,998,2026-05-04T13:16:05Z,2026-05-05T22:45:28Z,2026-05-05T22:12:24Z,EGN remaining (all 55)
EGN6457,RESEARCH METHODS,2,pushed,998,2026-05-04T13:16:05Z,2026-05-05T22:45:28Z,2026-05-05T22:12:24Z,EGN remaining (all 55)
EGN6918,ADVANCED RESEARCH,2,pushed,998,2026-05-04T13:16:05Z,2026-05-05T22:45:28Z,2026-05-05T22:12:24Z,EGN remaining (all 55)
EML3004,ENGINEERING STATICS,2,pushed,998,2026-09-03T00:18:12Z,2026-09-03T00:18:11Z,2026-09-03T00:18:46Z,(added by reconcile from orphan draft)
EML3012,MECHANICS AND MATERIALS II,2,pushed,998,2026-09-03T00:18:12Z,2026-09-03T00:18:11Z,2026-09-03T00:18:46Z,(added by reconcile from orphan draft)
EML3013,DYNAMICS,2,pushed,998,2026-09-03T00:18:12Z,2026-09-03T00:18:11Z,2026-09-03T00:18:46Z,(added by reconcile from orphan draft)
EML3014C,SYSTEM DYNAMICS AND VIBRATIONS,2,pushed,998,2026-09-03T00:18:12Z,2026-09-03T00:18:11Z,2026-09-03T00:18:47Z,(added by reconcile from orphan draft)
EML4081,NON-DESTRUCTIVE EVALUATION,2,pushed,998,2026-09-03T00:37:19Z,2026-09-03T00:37:09Z,2026-09-03T00:37:32Z,(added by reconcile from orphan draft)
EML4225,DYNAMIC SYSTEMS,2,pushed,998,2026-09-03T00:49:10Z,2026-09-03T00:49:02Z,2026-09-03T00:49:22Z,(added by reconcile from orphan draft)
EML4230,COMPOSITE MATERIALS,2,pushed,998,2026-09-03T00:49:10Z,2026-09-03T00:49:02Z,2026-09-03T00:49:22Z,(added by reconcile from orphan draft)
EML4575,PRINCIPLES OF FRACTURE MECHANICS,2,pushed,998,2026-09-03T00:49:10Z,2026-09-03T00:49:02Z,2026-09-03T00:49:22Z,(added by reconcile from orphan draft)
ETC1250,PROPERTIES OF MATERIALS,2,pushed,998,2026-05-04T00:33:00Z,2026-05-02T10:28:02Z,2026-05-02T10:28:02.540748+00:00,(added by reconcile from orphan draft)
ETC4414C,APPLIED STRUCTURAL DESIGN 1,2,pushed,998,2026-05-04T00:33:00Z,2026-05-02T10:28:03Z,2026-05-02T10:28:03.229342+00:00,(added by reconcile from orphan draft)
ETD1350C,AUTOCAD III,2,pushed,998,2026-05-04T00:33:00Z,2026-05-02T10:28:04Z,2026-05-02T10:28:04.370147+00:00,(added by reconcile from orphan draft)
ETD1842,3D VISUALIZATION,2,pushed,998,2026-05-04T00:33:00Z,2026-05-02T10:28:05Z,2026-05-02T10:28:05.033636+00:00,(added by reconcile from orphan draft)
ETD2357C,PARAMETRIC MODELING,2,pushed,998,2026-05-04T00:33:00Z,2026-05-02T10:28:06Z,2026-05-02T10:28:06.180965+00:00,(added by reconcile from orphan draft)
ETD2369C,SOLIDWORKS ADVANCED,2,pushed,998,2026-05-04T00:33:00Z,2026-05-02T10:28:06Z,2026-05-02T10:28:06.830920+00:00,(added by reconcile from orphan draft)
ETD2397C,BUILDING INFORMATION MANAGEMENT I,2,pushed,998,2026-05-04T00:33:00Z,2026-05-02T10:35:18Z,2026-05-02T10:35:18.068737+00:00,(added by reconcile from orphan draft)
ETD2540C,CIVIL DRAFTING,2,pushed,998,2026-05-04T00:33:00Z,2026-05-02T10:37:14Z,2026-05-02T10:37:14.408600+00:00,(added by reconcile from orphan draft)
ETD2545C,ADVANCED DRAFTING,2,pushed,998,2026-05-04T00:33:00Z,2026-05-02T10:39:11Z,2026-05-02T10:39:11.734790+00:00,(added by reconcile from orphan draft)
ETD2942,COMPUTER-AIDED DESIGN TECHNOLOGY INTERNSHIP,2,pushed,998,2026-05-06T11:24:57Z,2026-05-02T10:47:22Z,2026-05-02T10:47:22.238629+00:00,(added by reconcile from orphan draft)
ETG2520,STATICS,2,pushed,998,2026-05-04T00:33:00Z,2026-05-02T10:53:16Z,2026-05-02T10:53:16.188047+00:00,(added by reconcile from orphan draft)
ETG2949,CO-OP ENGINEERING TECH,2,pushed,998,2026-05-06T11:24:57Z,2026-05-02T10:57:13Z,2026-05-02T10:57:13.112094+00:00,(added by reconcile from orphan draft)
ETG4951,SENIOR DESIGN CAPSTONE 2,2,pushed,998,2026-05-06T11:24:57Z,2026-05-02T10:59:12Z,2026-05-02T10:59:12.557533+00:00,(added by reconcile from orphan draft)
ETI1000,INDUSTRIAL TOOLS AND EQUIPMENT,2,pushed,998,2026-05-04T00:33:00Z,2026-05-02T11:10:21Z,2026-05-02T11:10:21.783466+00:00,(added by reconcile from orphan draft)
ETI1830C,MATERIALS AND PROCESSES 1,2,pushed,998,2026-05-04T00:33:00Z,2026-05-02T11:25:57Z,2026-05-02T11:25:57.785105+00:00,(added by reconcile from orphan draft)
ETI1853C,AEROSPACE SAFETY AND QUALITY,2,pushed,998,2026-05-04T00:33:00Z,2026-05-02T11:32:18Z,2026-05-02T11:32:18.634934+00:00,(added by reconcile from orphan draft)
ETI1855C,AEROSPACE STRUCTURAL FABRICATION 1,2,pushed,998,2026-05-04T00:33:00Z,2026-05-02T11:34:21Z,2026-05-02T11:34:21.636195+00:00,(added by reconcile from orphan draft)
ETI2001C,APPLIED MECHANICS,2,pushed,998,2026-05-04T00:33:00Z,2026-05-02T11:40:36Z,2026-05-02T11:40:36.483850+00:00,(added by reconcile from orphan draft)
ETI2315C,HYDRAULICS & PNEUMATICS,2,pushed,998,2026-05-04T00:33:00Z,2026-05-02T11:46:28Z,2026-05-02T11:46:28.164481+00:00,(added by reconcile from orphan draft)
ETI2408C,WELDING PROCESSES,2,pushed,998,2026-05-04T00:33:00Z,2026-05-02T11:48:35Z,2026-05-02T11:48:35.679929+00:00,(added by reconcile from orphan draft)
ETI2670,ENGINEERING ECONOMIC ANALYSIS,2,pushed,998,2026-05-04T00:33:00Z,2026-05-02T12:05:15Z,2026-05-02T12:05:15.503062+00:00,(added by reconcile from orphan draft)
ETI2851C,APPLIED MECHANICS,2,pushed,998,2026-05-04T00:33:00Z,2026-05-02T12:07:23Z,2026-05-02T12:07:23.303253+00:00,(added by reconcile from orphan draft)
ETI2856C,AEROSPACE STRUCTURAL FABRICATION 2,2,pushed,998,2026-05-04T00:33:00Z,2026-05-02T12:09:51Z,2026-05-02T12:09:51.365657+00:00,(added by reconcile from orphan draft)
ETI2947,MANUFACTURING TECHNOLOGY CO-OP,2,pushed,998,2026-05-06T11:24:57Z,2026-05-02T12:13:51Z,2026-05-02T12:13:51.571656+00:00,(added by reconcile from orphan draft)
ETI2948,MANUFACTURING TECHNOLOGY CO-OP,2,pushed,998,2026-05-06T11:24:57Z,2026-05-02T12:15:46Z,2026-05-02T12:15:46.729042+00:00,(added by reconcile from orphan draft)
ETI3116,ENGINEERING QUALITY ASSURANCE,2,pushed,998,2026-05-04T00:33:01Z,2026-05-02T12:21:35Z,2026-05-02T12:21:35.094128+00:00,(added by reconcile from orphan draft)
ETI3647,SUPPLY CHAIN MANAGEMENT,2,pushed,998,2026-05-04T00:33:01Z,2026-05-02T12:23:24Z,2026-05-02T12:23:24.120675+00:00,(added by reconcile from orphan draft)
ETI3671,TECHNICAL ECONOMIC ANALYSIS,2,pushed,998,2026-05-04T00:33:01Z,2026-05-02T12:25:15Z,2026-05-02T12:25:15.478199+00:00,(added by reconcile from orphan draft)
ETI4905,DIRECTED STUDY,2,pushed,998,2026-05-06T11:24:57Z,2026-05-02T12:29:17Z,2026-05-02T12:29:17.657628+00:00,(added by reconcile from orphan draft)
ETM1315C,APPLIED PNEUMATICS AND HYDRAULICS,2,pushed,998,2026-05-04T00:33:01Z,2026-05-02T12:33:14Z,2026-05-02T12:33:14.639430+00:00,(added by reconcile from orphan draft)
ETM1600C,AUTOMATION AND CONTROLS FUNDAMENTALS,2,pushed,998,2026-05-04T00:33:01Z,2026-05-02T12:35:09Z,2026-05-02T12:35:09.311712+00:00,(added by reconcile from orphan draft)
ETM1601C,HVAC SYSTEMS AND DEVICES,2,pushed,998,2026-05-04T00:33:01Z,2026-05-02T12:37:31Z,2026-05-02T12:37:31.985007+00:00,(added by reconcile from orphan draft)
ETM1602C,AUTOMATED ELECTRICAL SYSTEMS AND DEVICES,2,pushed,998,2026-05-04T00:33:01Z,2026-05-02T12:39:29Z,2026-05-02T12:39:29.404995+00:00,(added by reconcile from orphan draft)
ETM1603C,AUTOMATION AND CONTROLS DESIGN THROUGH COMMISSIONG,2,pushed,998,2026-05-04T00:33:01Z,2026-05-02T12:41:30Z,2026-05-02T12:41:30.694079+00:00,(added by reconcile from orphan draft)
ETM2605C,AUTOMATION AND CONTROLS INTEGRATION,2,pushed,998,2026-05-04T00:33:01Z,2026-05-02T12:47:24Z,2026-05-02T12:47:24.476071+00:00,(added by reconcile from orphan draft)
ETM2606C,EMCT PROGRAMMING,2,pushed,998,2026-05-04T00:33:01Z,2026-05-02T12:49:24Z,2026-05-02T12:49:24.031192+00:00,(added by reconcile from orphan draft)
ETM2607C,EMCT TROUBLESHOOTING,2,pushed,998,2026-05-04T00:33:01Z,2026-05-02T12:51:27Z,2026-05-02T12:51:27.017955+00:00,(added by reconcile from orphan draft)
ETM2608C,EMCT BAS OPERATIONS,2,pushed,998,2026-05-04T00:33:01Z,2026-05-02T12:53:31Z,2026-05-02T12:53:31.853871+00:00,(added by reconcile from orphan draft)
ETM2609C,CAPSTONE IN ENERGY MANAGEMENT AND CONTROLS TECHNOLOGY,2,pushed,998,2026-05-04T00:33:01Z,2026-05-02T12:55:31Z,2026-05-02T12:55:31.537410+00:00,(added by reconcile from orphan draft)
ETP1100C,SAFE WORK PRACTICES,2,pushed,998,2026-05-04T00:33:01Z,2026-05-02T12:57:41Z,2026-05-02T12:57:41.298432+00:00,(added by reconcile from orphan draft)
ETP1101C,BASIC ELECTRICITY FOR LINE WORKERS,2,pushed,998,2026-05-04T00:33:01Z,2026-05-02T12:59:43Z,2026-05-02T12:59:43.961905+00:00,(added by reconcile from orphan draft)
ETP1105,OSHA ELECTRICAL STANDARDS AND THE NESC,2,pushed,998,2026-05-04T00:33:01Z,2026-05-02T13:01:49Z,2026-05-02T13:01:49.034701+00:00,(added by reconcile from orphan draft)
ETP1130C,POLE CLIMBING - ROPES & RIGGING,2,pushed,998,2026-05-04T00:33:01Z,2026-05-02T13:03:53Z,2026-05-02T13:03:53.066853+00:00,(added by reconcile from orphan draft)
ETP1134C,UNDERGROUND DISTRIBUTION,2,pushed,998,2026-05-04T00:33:01Z,2026-05-02T13:05:59Z,2026-05-02T13:05:59.704247+00:00,(added by reconcile from orphan draft)
ETP1135C,STREET & AREA LIGHTING,2,pushed,998,2026-05-04T00:33:01Z,2026-05-02T13:08:02Z,2026-05-02T13:08:02.004968+00:00,(added by reconcile from orphan draft)
ETP1150C,TRUCKS & EXCAVATION EQUIPMENT,2,pushed,998,2026-05-04T00:33:01Z,2026-05-02T13:12:19Z,2026-05-02T13:12:19.373581+00:00,(added by reconcile from orphan draft)
ETP1420,SOLAR THERMAL SYSTEMS,2,pushed,998,2026-05-04T00:33:01Z,2026-05-02T13:14:14Z,2026-05-02T13:14:14.917350+00:00,(added by reconcile from orphan draft)
ETP1530C,INTRODUCTION TO WIND ENERGY,2,pushed,998,2026-05-04T00:33:01Z,2026-05-02T13:18:20Z,2026-05-02T13:18:20.223932+00:00,(added by reconcile from orphan draft)
ETP1550,ALTERNATIVE FUELS AND ELECTRIC VEHICLE TECHNOLOGIES,2,pushed,998,2026-05-04T00:33:01Z,2026-05-02T13:20:25Z,2026-05-02T13:20:25.502819+00:00,(added by reconcile from orphan draft)
ETP2102C,RUBBER GLOVING HOT LINE,2,pushed,998,2026-05-04T00:33:01Z,2026-05-02T13:22:23Z,2026-05-02T13:22:23.820424+00:00,(added by reconcile from orphan draft)
ETP2120C,BASIC TRANSFORMER,2,pushed,998,2026-05-04T00:33:01Z,2026-05-02T13:26:23Z,2026-05-02T13:26:23.674310+00:00,(added by reconcile from orphan draft)
ETP2132C,POLE LINE EQUIPMENT II,2,pushed,998,2026-05-04T00:33:01Z,2026-05-02T13:28:25Z,2026-05-02T13:28:25.831592+00:00,(added by reconcile from orphan draft)
ETP2322,SMART GRID TECHNOLOGY,2,pushed,998,2026-05-04T00:33:01Z,2026-05-02T13:32:46Z,2026-05-02T13:32:46.794782+00:00,(added by reconcile from orphan draft)
ETP3240,POWER SYSTEMS,2,pushed,998,2026-05-04T00:33:01Z,2026-05-02T13:38:47Z,2026-05-02T13:38:47.198602+00:00,(added by reconcile from orphan draft)
ETP3320,INTRODUCTION TO ENERGY TECHNOLOGY,2,pushed,998,2026-05-04T00:33:01Z,2026-05-02T13:40:47Z,2026-05-02T13:40:47.065973+00:00,(added by reconcile from orphan draft)
ETS1943,BIOMEDICAL INTERNSHIP 1,2,pushed,998,2026-05-06T11:24:58Z,2026-05-02T13:56:51Z,2026-05-02T13:56:51.401725+00:00,(added by reconcile from orphan draft)
ETS2051,SKILLED TRADES & CONSTRUCTION,2,pushed,998,2026-05-04T00:33:01Z,2026-05-02T13:58:49Z,2026-05-02T13:58:49.886063+00:00,(added by reconcile from orphan draft)
ETS2215,GEOMETRIC OPTICS,2,pushed,998,2026-05-04T00:33:01Z,2026-05-02T14:09:11Z,2026-05-02T14:09:11.193258+00:00,(added by reconcile from orphan draft)
ETS2224C,FIBER OPTIC COMMUNICATIONS,2,pushed,998,2026-05-04T00:33:01Z,2026-05-02T14:11:27Z,2026-05-02T14:11:27.529553+00:00,(added by reconcile from orphan draft)
ETS2438C,BIOMEDICAL INSTRUMENTATION II,2,pushed,998,2026-05-04T00:33:01Z,2026-05-02T14:17:38Z,2026-05-02T14:17:38.378888+00:00,(added by reconcile from orphan draft)
ETS2606C,ROBOTICS,2,pushed,998,2026-05-04T00:33:01Z,2026-05-02T14:31:24Z,2026-05-02T14:31:24.476324+00:00,(added by reconcile from orphan draft)
ETS2673C,PROGRAMABLE LOGIC CONTROLS,2,pushed,998,2026-05-04T00:33:01Z,2026-05-02T14:33:27Z,2026-05-02T14:33:27.907950+00:00,(added by reconcile from orphan draft)
ETS2680C,MECHATRONICS,2,pushed,998,2026-05-04T00:33:01Z,2026-05-02T14:35:28Z,2026-05-02T14:35:28.389014+00:00,(added by reconcile from orphan draft)
ETS2700C,FLUID AND PNEUMATIC CONTROLS,2,pushed,998,2026-05-04T00:33:01Z,2026-05-02T14:37:35Z,2026-05-02T14:37:35.894935+00:00,(added by reconcile from orphan draft)
ETS4538,INSTRUMENTATION,2,pushed,998,2026-05-04T00:33:01Z,2026-05-02T14:46:07Z,2026-05-02T14:46:07.377565+00:00,(added by reconcile from orphan draft)
ETS4538L,INSTRUMENTATION LABORATORY,2,pushed,998,2026-05-04T00:33:01Z,2026-05-02T14:48:20Z,2026-05-02T14:48:20.044606+00:00,(added by reconcile from orphan draft)
HSC2622,INTRO TO GLOBAL HEALTH SCIENCE,2,pushed,998,2026-09-04T01:12:12Z,2026-09-04T15:32:32Z,2026-09-04T15:33:38Z,"UWF build 2026-09-04: non-shell, undergraduate (levels 1-4). Graduate 5xxx+ and x9xx shells excluded per the standing procedure in SOURCES.md."
HSC3147,INTRODUCTION TO PHARMACOLOGY,2,pushed,998,2026-09-04T01:12:12Z,2026-09-04T15:42:55Z,2026-09-04T15:43:06Z,"UWF build 2026-09-04: non-shell, undergraduate (levels 1-4). Graduate 5xxx+ and x9xx shells excluded per the standing procedure in SOURCES.md."
HSC3510,HEALTHCARE RESEARCH AND STATISTICS,2,pushed,998,2026-09-04T01:12:12Z,2026-09-04T15:33:26Z,2026-09-04T15:33:38Z,"UWF build 2026-09-04: non-shell, undergraduate (levels 1-4). Graduate 5xxx+ and x9xx shells excluded per the standing procedure in SOURCES.md."
HSC3535,MEDICAL TERMINOLOGY,2,pushed,998,2026-09-04T01:12:12Z,2026-09-04T15:33:26Z,2026-09-04T15:33:39Z,"UWF build 2026-09-04: non-shell, undergraduate (levels 1-4). Graduate 5xxx+ and x9xx shells excluded per the standing procedure in SOURCES.md."
HSC4104,STRESS MANAGEMENT,2,pushed,998,2026-09-04T01:12:12Z,2026-09-04T15:42:55Z,2026-09-04T15:43:06Z,"UWF build 2026-09-04: non-shell, undergraduate (levels 1-4). Graduate 5xxx+ and x9xx shells excluded per the standing procedure in SOURCES.md."
HSC4551,SURVEY OF HUMAN DISEASES,2,pushed,998,2026-09-04T01:12:12Z,2026-09-04T15:32:32Z,2026-09-04T15:33:39Z,"UWF build 2026-09-04: non-shell, undergraduate (levels 1-4). Graduate 5xxx+ and x9xx shells excluded per the standing procedure in SOURCES.md."
HSC4572,CLINICAL NUTRITION,2,pushed,998,2026-09-04T01:12:12Z,2026-09-04T15:44:16Z,2026-09-04T15:44:18Z,"UWF build 2026-09-04: non-shell, undergraduate (levels 1-4). Graduate 5xxx+ and x9xx shells excluded per the standing procedure in SOURCES.md."
HSC4633,ISSUES IN HEALTH,2,pushed,998,2026-09-04T01:12:12Z,2026-09-04T15:30:46Z,2026-09-04T15:33:39Z,"UWF build 2026-09-04: non-shell, undergraduate (levels 1-4). Graduate 5xxx+ and x9xx shells excluded per the standing procedure in SOURCES.md."
HSC4720,BEHAVIOR MODIFICATION IN HEALTH COACHING,2,pushed,998,2026-09-04T01:12:12Z,2026-09-04T15:40:44Z,2026-09-04T15:43:06Z,"UWF build 2026-09-04: non-shell, undergraduate (levels 1-4). Graduate 5xxx+ and x9xx shells excluded per the standing procedure in SOURCES.md."
ISM3323,INFORMATION SECURITY MANAGEMENT,2,pushed,998,2026-09-04T01:12:12Z,2026-09-04T16:21:46Z,2026-09-04T16:23:57Z,"UWF build 2026-09-04: non-shell, undergraduate (levels 1-4). Graduate 5xxx+ and x9xx shells excluded per the standing procedure in SOURCES.md."
MAN4341,PERFORMANCE MANAGEMENT,2,pushed,998,2026-09-04T01:12:12Z,2026-09-04T17:25:04Z,2026-09-04T17:29:39Z,"UWF build 2026-09-04: non-shell, undergraduate (levels 1-4). Graduate 5xxx+ and x9xx shells excluded per the standing procedure in SOURCES.md."
MAN4384,STRATEGIC WORKFORCE PLANNING,2,pushed,998,2026-09-04T01:12:12Z,2026-09-04T17:26:26Z,2026-09-04T17:29:40Z,"UWF build 2026-09-04: non-shell, undergraduate (levels 1-4). Graduate 5xxx+ and x9xx shells excluded per the standing procedure in SOURCES.md."
MCB1000L,APPLIED MICROBIOLOGY LAB,2,pushed,998,2026-09-04T01:12:12Z,2026-09-04T16:08:56Z,2026-09-04T16:13:00Z,"UWF build 2026-09-04: non-shell, undergraduate (levels 1-4). Graduate 5xxx+ and x9xx shells excluded per the standing procedure in SOURCES.md."
MLS3621,CLINICAL BIOCHEMISTRY,2,pushed,998,2026-09-04T01:12:12Z,2026-09-04T12:21:35Z,2026-09-04T12:21:44Z,"UWF build 2026-09-04: non-shell, undergraduate (levels 1-4). Graduate 5xxx+ and x9xx shells excluded per the standing procedure in SOURCES.md."
MLS4191L,MOLECULAR DIAGNOSTICS LAB,2,pushed,998,2026-09-04T01:12:12Z,2026-09-04T12:14:30Z,2026-09-04T12:21:44Z,"UWF build 2026-09-04: non-shell, undergraduate (levels 1-4). Graduate 5xxx+ and x9xx shells excluded per the standing procedure in SOURCES.md."
MLS4193C,CLINICAL MOLECULAR DIAGNOSTICS,2,pushed,998,2026-09-04T01:12:12Z,2026-09-04T12:56:47Z,2026-09-04T12:57:06Z,"UWF build 2026-09-04: non-shell, undergraduate (levels 1-4). Graduate 5xxx+ and x9xx shells excluded per the standing procedure in SOURCES.md."
MLS4221C,CLINICAL URINALYSIS,2,pushed,998,2026-09-04T01:12:12Z,2026-09-04T12:56:47Z,2026-09-04T12:57:06Z,"UWF build 2026-09-04: non-shell, undergraduate (levels 1-4). Graduate 5xxx+ and x9xx shells excluded per the standing procedure in SOURCES.md."
MLS4306C,CLINICAL HEMATOLOGY,2,pushed,998,2026-09-04T01:12:12Z,2026-09-04T12:56:47Z,2026-09-04T12:57:06Z,"UWF build 2026-09-04: non-shell, undergraduate (levels 1-4). Graduate 5xxx+ and x9xx shells excluded per the standing procedure in SOURCES.md."
MLS4334,HEMOSTASIS,2,pushed,998,2026-09-04T01:12:12Z,2026-09-04T12:17:59Z,2026-09-04T12:21:44Z,"UWF build 2026-09-04: non-shell, undergraduate (levels 1-4). Graduate 5xxx+ and x9xx shells excluded per the standing procedure in SOURCES.md."
MLS4335C,CLINICAL HEMOSTASIS,2,pushed,998,2026-09-04T01:12:12Z,2026-09-04T12:56:47Z,2026-09-04T12:57:06Z,"UWF build 2026-09-04: non-shell, undergraduate (levels 1-4). Graduate 5xxx+ and x9xx shells excluded per the standing procedure in SOURCES.md."
MLS4460L,DIAGNOSTIC MICROBIOLOGY LAB,2,pushed,998,2026-09-04T01:12:12Z,2026-09-04T12:14:30Z,2026-09-04T12:21:45Z,"UWF build 2026-09-04: non-shell, undergraduate (levels 1-4). Graduate 5xxx+ and x9xx shells excluded per the standing procedure in SOURCES.md."
MLS4461C,CLINICAL DIAGNOSTIC MICROBIOLOGY,2,pushed,998,2026-09-04T01:12:12Z,2026-09-04T12:56:47Z,2026-09-04T12:57:07Z,"UWF build 2026-09-04: non-shell, undergraduate (levels 1-4). Graduate 5xxx+ and x9xx shells excluded per the standing procedure in SOURCES.md."
MLS4506C,CLINICAL IMMUNOLOGY,2,pushed,998,2026-09-04T01:12:12Z,2026-09-04T12:56:47Z,2026-09-04T12:57:07Z,"UWF build 2026-09-04: non-shell, undergraduate (levels 1-4). Graduate 5xxx+ and x9xx shells excluded per the standing procedure in SOURCES.md."
MLS4550L,IMMUNOHEMATOLOGY I LAB,2,pushed,998,2026-09-04T01:12:12Z,2026-09-04T12:16:13Z,2026-09-04T12:21:45Z,"UWF build 2026-09-04: non-shell, undergraduate (levels 1-4). Graduate 5xxx+ and x9xx shells excluded per the standing procedure in SOURCES.md."
MLS4820L,CLINICAL CHEMISTRY III,2,pushed,998,2026-09-04T01:12:12Z,2026-09-04T12:42:16Z,2026-09-04T12:46:04Z,"UWF build 2026-09-04: non-shell, undergraduate (levels 1-4). Graduate 5xxx+ and x9xx shells excluded per the standing procedure in SOURCES.md."
MLS4821L,DIAGNOSTIC MICROBIOLOGY II,2,pushed,998,2026-09-04T01:12:12Z,2026-09-04T12:42:16Z,2026-09-04T12:46:04Z,"UWF build 2026-09-04: non-shell, undergraduate (levels 1-4). Graduate 5xxx+ and x9xx shells excluded per the standing procedure in SOURCES.md."
MLS4822L,HEMATOLOGY II,2,pushed,998,2026-09-04T01:12:12Z,2026-09-04T12:41:25Z,2026-09-04T12:46:04Z,"UWF build 2026-09-04: non-shell, undergraduate (levels 1-4). Graduate 5xxx+ and x9xx shells excluded per the standing procedure in SOURCES.md."
MLS4823L,IMMUNOHEMATOLOGY II,2,pushed,998,2026-09-04T01:12:12Z,2026-09-04T12:41:25Z,2026-09-04T12:46:04Z,"UWF build 2026-09-04: non-shell, undergraduate (levels 1-4). Graduate 5xxx+ and x9xx shells excluded per the standing procedure in SOURCES.md."
MLS4824L,SPECIAL CLINICAL METHODS,2,pushed,998,2026-09-04T01:12:12Z,2026-09-04T12:42:16Z,2026-09-04T12:46:04Z,"UWF build 2026-09-04: non-shell, undergraduate (levels 1-4). Graduate 5xxx+ and x9xx shells excluded per the standing procedure in SOURCES.md."
MLS4825L,URINALYSIS/BODY FLUIDS II,2,pushed,998,2026-09-04T01:12:12Z,2026-09-04T12:42:16Z,2026-09-04T12:46:04Z,"UWF build 2026-09-04: non-shell, undergraduate (levels 1-4). Graduate 5xxx+ and x9xx shells excluded per the standing procedure in SOURCES.md."
MVK2422,HARPSICHORD,2,pushed,998,2026-09-04T01:12:12Z,2026-09-04T18:53:41Z,2026-09-04T18:55:35Z,"UWF build 2026-09-04: non-shell, undergraduate (levels 1-4). Graduate 5xxx+ and x9xx shells excluded per the standing procedure in SOURCES.md."
MVK3432,HARPSICHORD,2,pushed,998,2026-09-04T01:12:12Z,2026-09-04T18:53:41Z,2026-09-04T18:55:35Z,"UWF build 2026-09-04: non-shell, undergraduate (levels 1-4). Graduate 5xxx+ and x9xx shells excluded per the standing procedure in SOURCES.md."
NUR3081,PROFESSIONAL NURSING PRACTICE,2,pushed,998,2026-09-04T01:12:12Z,2026-09-04T13:19:27Z,2026-09-04T13:23:52Z,"UWF build 2026-09-04: non-shell, undergraduate (levels 1-4). Graduate 5xxx+ and x9xx shells excluded per the standing procedure in SOURCES.md."
NUR3138C,PROMOTING AND MAINTAINING WELLNESS,2,pushed,998,2026-09-04T01:12:12Z,2026-09-04T14:16:22Z,2026-09-04T14:16:25Z,"UWF build 2026-09-04: non-shell, undergraduate (levels 1-4). Graduate 5xxx+ and x9xx shells excluded per the standing procedure in SOURCES.md."
NUR3215,ADULT HEALTH I CONCEPTS,2,pushed,998,2026-09-04T01:12:12Z,2026-09-04T14:09:48Z,2026-09-04T14:15:17Z,"UWF build 2026-09-04: non-shell, undergraduate (levels 1-4). Graduate 5xxx+ and x9xx shells excluded per the standing procedure in SOURCES.md."
NUR3215L,ADULT HEALTH I CLINICAL,2,pushed,998,2026-09-04T01:12:12Z,2026-09-04T14:09:48Z,2026-09-04T14:15:17Z,"UWF build 2026-09-04: non-shell, undergraduate (levels 1-4). Graduate 5xxx+ and x9xx shells excluded per the standing procedure in SOURCES.md."
NUR3505,MENTAL HEALTH NURSING,2,pushed,998,2026-09-04T01:12:12Z,2026-09-04T14:10:35Z,2026-09-04T14:15:17Z,"UWF build 2026-09-04: non-shell, undergraduate (levels 1-4). Graduate 5xxx+ and x9xx shells excluded per the standing procedure in SOURCES.md."
NUR3505L,MENTAL HEALTH NURSING LAB,2,pushed,998,2026-09-04T01:12:12Z,2026-09-04T14:10:35Z,2026-09-04T14:15:17Z,"UWF build 2026-09-04: non-shell, undergraduate (levels 1-4). Graduate 5xxx+ and x9xx shells excluded per the standing procedure in SOURCES.md."
NUR4216,NURSING PROCESS V,2,pushed,998,2026-09-04T01:12:12Z,2026-09-04T14:12:08Z,2026-09-04T14:15:17Z,"UWF build 2026-09-04: non-shell, undergraduate (levels 1-4). Graduate 5xxx+ and x9xx shells excluded per the standing procedure in SOURCES.md."
NUR4216L,PERSON CENTERED CARE III LAB,2,pushed,998,2026-09-04T01:12:12Z,2026-09-04T14:12:08Z,2026-09-04T14:15:17Z,"UWF build 2026-09-04: non-shell, undergraduate (levels 1-4). Graduate 5xxx+ and x9xx shells excluded per the standing procedure in SOURCES.md."
NUR4445,PERSON CENTERED CARE OF FAMILIES,2,pushed,998,2026-09-04T01:12:12Z,2026-09-04T14:12:08Z,2026-09-04T14:15:17Z,"UWF build 2026-09-04: non-shell, undergraduate (levels 1-4). Graduate 5xxx+ and x9xx shells excluded per the standing procedure in SOURCES.md."
NUR4445L,PERSON CENTERED CARE OF FAMILIES LAB,2,pushed,998,2026-09-04T01:12:12Z,2026-09-04T14:12:08Z,2026-09-04T14:15:18Z,"UWF build 2026-09-04: non-shell, undergraduate (levels 1-4). Graduate 5xxx+ and x9xx shells excluded per the standing procedure in SOURCES.md."
PCB3097L,ORGANISMAL PHYSIOLOGY I LABORATORY,2,pushed,998,2026-09-04T01:12:12Z,2026-09-04T15:57:58Z,2026-09-04T16:00:51Z,"UWF build 2026-09-04: non-shell, undergraduate (levels 1-4). Graduate 5xxx+ and x9xx shells excluded per the standing procedure in SOURCES.md."
PCB4524L,MOLECULAR BIOLOGY LAB,2,pushed,998,2026-09-04T01:12:12Z,2026-09-04T15:55:43Z,2026-09-04T15:56:02Z,"UWF build 2026-09-04: non-shell, undergraduate (levels 1-4). Graduate 5xxx+ and x9xx shells excluded per the standing procedure in SOURCES.md."
PCB4841,HONORS CELLULAR NEUROSCIENCE,2,pushed,998,2026-09-04T01:12:12Z,2026-09-04T16:00:38Z,2026-09-04T16:00:51Z,"UWF build 2026-09-04: non-shell, undergraduate (levels 1-4). Graduate 5xxx+ and x9xx shells excluded per the standing procedure in SOURCES.md."
PCB4870,SENSORY BIOLOGY,2,pushed,998,2026-09-04T01:12:12Z,2026-09-04T16:00:38Z,2026-09-04T16:00:51Z,"UWF build 2026-09-04: non-shell, undergraduate (levels 1-4). Graduate 5xxx+ and x9xx shells excluded per the standing procedure in SOURCES.md."
TDR0300C,INTRODUCTION TO MICRO CAD SYSTEM,2,pushed,998,2026-05-04T00:33:01Z,2026-05-02T14:51:27Z,2026-05-04T00:33:39Z,(added by reconcile from orphan draft)
TDR0356C,ADVANCED CADD,2,pushed,998,2026-05-04T00:33:01Z,2026-05-02T14:52:30Z,2026-05-04T00:33:40Z,(added by reconcile from orphan draft)
TDR0520C,STRUCTURAL DRAFTING,2,pushed,998,2026-05-04T00:33:01Z,2026-05-02T14:54:58Z,2026-05-02T14:54:58.674390+00:00,(added by reconcile from orphan draft)
TDR0590C,ADVANCED ARCHITECTURAL CADD,2,pushed,998,2026-05-04T00:33:01Z,2026-05-02T14:58:07Z,2026-05-04T00:33:40Z,(added by reconcile from orphan draft)
TDR0940,DRAFTING INTERNSHIP,2,pushed,998,2026-05-06T11:24:58Z,2026-05-02T15:04:08Z,2026-05-02T15:04:08.147932+00:00,(added by reconcile from orphan draft)
TPP3155,ACTING II,2,pushed,998,2026-09-04T01:12:13Z,2026-09-04T19:01:24Z,2026-09-04T19:01:41Z,"UWF build 2026-09-04: non-shell, undergraduate (levels 1-4). Graduate 5xxx+ and x9xx shells excluded per the standing procedure in SOURCES.md."
TPP3650,SCRIPT ANALYSIS,2,pushed,998,2026-09-04T01:12:13Z,2026-09-04T19:00:06Z,2026-09-04T19:01:41Z,"UWF build 2026-09-04: non-shell, undergraduate (levels 1-4). Graduate 5xxx+ and x9xx shells excluded per the standing procedure in SOURCES.md."
TPP4113,ACTING III,2,pushed,998,2026-09-04T01:12:13Z,2026-09-04T19:01:24Z,2026-09-04T19:01:41Z,"UWF build 2026-09-04: non-shell, undergraduate (levels 1-4). Graduate 5xxx+ and x9xx shells excluded per the standing procedure in SOURCES.md."
AER0949,COOP TRNG ASSGNMT-AUTOMOTIVE TECH,2,skipped,998,2026-08-31T00:09:01Z,,,Daytona State College project - skipped: shell course (internship/special topics/thesis etc.)
ART3713C,FIGURE SCULPTURE,2,skipped,998,2026-09-04T01:12:12Z,,,UWF publishes lecture-only ART3713 Figure Sculpture (no C); covered by ART3713 (published 2026-09-04). Batch 131.
BCV0942C,BUILDING TRADES CAPSTONE,2,skipped,998,2026-08-31T00:09:01Z,,,Daytona State College project - skipped: shell course (internship/special topics/thesis etc.)
CHD2905,DIRECTED STUDY - CHILD DEVELOPMENT,2,skipped,998,2026-08-31T00:09:01Z,,,Daytona State College project - skipped: shell course (internship/special topics/thesis etc.)
COP2905,INDEPENDENT STUDY,2,skipped,998,2026-08-31T00:09:01Z,,,Daytona State College project - skipped: shell course (internship/special topics/thesis etc.)
COS0930,SPECIAL TOPICS IN COSMETOLOGY,2,skipped,998,2026-08-31T00:09:01Z,,,Daytona State College project - skipped: shell course (internship/special topics/thesis etc.)
DIG2974C,DIGITAL MEDIA CAPSTONE,2,skipped,998,2026-08-31T00:09:01Z,,,Daytona State College project - skipped: shell course (internship/special topics/thesis etc.)
EEX4943,STUDENT EXTERNSHIP,2,skipped,998,2026-08-31T00:09:01Z,,,Daytona State College project - skipped: shell course (internship/special topics/thesis etc.)
EGS2905,INDEPENDENT STUDY,2,skipped,998,2026-08-31T00:09:01Z,,,Daytona State College project - skipped: shell course (internship/special topics/thesis etc.)
EMS2949,COOPERATIVE EDUCATION:PARAMEDIC,2,skipped,998,2026-08-31T00:09:01Z,,,Daytona State College project - skipped: shell course (internship/special topics/thesis etc.)
ETG4950C,SENIOR DESIGN CAPSTONE,2,skipped,998,2026-08-31T00:09:01Z,,,Daytona State College project - skipped: shell course (internship/special topics/thesis etc.)
EUH2905,INDEPENDENT STUDY,2,skipped,998,2026-08-31T00:09:01Z,,,Daytona State College project - skipped: shell course (internship/special topics/thesis etc.)
EVR2943,ENVIRONMENTAL INTERNSHIP,2,skipped,998,2026-08-31T00:09:01Z,,,Daytona State College project - skipped: shell course (internship/special topics/thesis etc.)
FIN2905,INDEPENDENT STUDY,2,skipped,998,2026-08-31T00:09:01Z,,,Daytona State College project - skipped: shell course (internship/special topics/thesis etc.)
FSS2905,INDEPENDENT STUDY,2,skipped,998,2026-08-31T00:09:01Z,,,Daytona State College project - skipped: shell course (internship/special topics/thesis etc.)
GEB3905,DIRECTED INDEPENDENT STUDY,2,skipped,998,2026-08-31T00:09:01Z,,,Daytona State College project - skipped: shell course (internship/special topics/thesis etc.)
GER2949,COOPERATIVE EDUCATION,2,skipped,998,2026-08-31T00:09:01Z,,,Daytona State College project - skipped: shell course (internship/special topics/thesis etc.)
HIM2905,INDEPENDENT STUDY,2,skipped,998,2026-08-31T00:09:01Z,,,Daytona State College project - skipped: shell course (internship/special topics/thesis etc.)
HSA4947,HEALTH CARE ADMINISTRATION CAPSTONE,2,skipped,998,2026-08-31T00:09:01Z,,,Daytona State College project - skipped: shell course (internship/special topics/thesis etc.)
HUN2905,INDEPENDENT STUDY,2,skipped,998,2026-08-31T00:09:01Z,,,Daytona State College project - skipped: shell course (internship/special topics/thesis etc.)
HUS2905,DIRECTED INDIVIDUAL STUDY,2,skipped,998,2026-08-31T00:09:01Z,,,Daytona State College project - skipped: shell course (internship/special topics/thesis etc.)
IND2949,INTERIOR DESIGN INTERNSHIP,2,skipped,998,2026-08-31T00:09:01Z,,,Daytona State College project - skipped: shell course (internship/special topics/thesis etc.)
ITA2905,INDEPENDENT STUDY,2,skipped,998,2026-08-31T00:09:01Z,,,Daytona State College project - skipped: shell course (internship/special topics/thesis etc.)
ITA2949,COOPERATIVE EDCUATION,2,skipped,998,2026-08-31T00:09:01Z,,,Daytona State College project - skipped: shell course (internship/special topics/thesis etc.)
JOU2905,INDEPENDENT STUDY,2,skipped,998,2026-08-31T00:09:01Z,,,Daytona State College project - skipped: shell course (internship/special topics/thesis etc.)
MAN2905,INDEPENDENT STUDY,2,skipped,998,2026-08-31T00:09:01Z,,,Daytona State College project - skipped: shell course (internship/special topics/thesis etc.)
MUL2905,INDEPENDENT STUDY,2,skipped,998,2026-08-31T00:09:01Z,,,Daytona State College project - skipped: shell course (internship/special topics/thesis etc.)
MUN1031,ROCK ENSEMBLE I,2,skipped,998,2026-08-31T00:09:01Z,,,"Daytona State College project - skipped: applied music/ensemble, individualized instruction"
MUN1032,ROCK ENSEMBLE II,2,skipped,998,2026-08-31T00:09:01Z,,,"Daytona State College project - skipped: applied music/ensemble, individualized instruction"
MUN2412,STRING ENSEMBLE II,2,skipped,998,2026-08-31T00:09:01Z,,,"Daytona State College project - skipped: applied music/ensemble, individualized instruction"
MUN2442,PERCUSSION/MALLET ENSEMBLE,2,skipped,998,2026-08-31T00:09:01Z,,,"Daytona State College project - skipped: applied music/ensemble, individualized instruction"
MUN2489,GUITAR ENSEMBLE,2,skipped,998,2026-08-31T00:09:01Z,,,"Daytona State College project - skipped: applied music/ensemble, individualized instruction"
MVS1826,CLASS GUITAR IV,2,skipped,998,2026-08-31T00:09:01Z,,,"Daytona State College project - skipped: applied music/ensemble, individualized instruction"
MVV2121,CLASS VOICE,2,skipped,998,2026-08-31T00:09:01Z,,,"Daytona State College project - skipped: applied music/ensemble, individualized instruction"
NUR2940C,PRACTICUM,2,skipped,998,2026-08-31T00:09:01Z,,,Daytona State College project - skipped: shell course (internship/special topics/thesis etc.)
NUR4615C,PERSON CENTERED POPULATION HEALTH,2,skipped,998,2026-09-04T01:12:12Z,,,UWF runs the split family; covered by NUR4615 + NUR4615L (both published 2026-09-04). Batch 129.
OST2905,INDIVIDUAL STUDY - SECRETARIAL,2,skipped,998,2026-08-31T00:09:01Z,,,Daytona State College project - skipped: shell course (internship/special topics/thesis etc.)
PCB4203,CELL PHYSIOLOGY,2,skipped,998,2026-09-04T01:12:12Z,,,"PCB4203 Cell Physiology has no UWF equivalent at any suffix - the prefix carries no cell physiology course. Genuine no-coverage, not a split family."
PET2905,INDEPENDENT STUDY,2,skipped,998,2026-08-31T00:09:01Z,,,Daytona State College project - skipped: shell course (internship/special topics/thesis etc.)
PET2949,COOP ED-PHYS ED,2,skipped,998,2026-08-31T00:09:01Z,,,Daytona State College project - skipped: shell course (internship/special topics/thesis etc.)
RTE4942L,CT PRACTICUM,2,skipped,998,2026-08-31T00:09:01Z,,,Daytona State College project - skipped: shell course (internship/special topics/thesis etc.)
STS2946,SURGICAL CLINICAL III,2,skipped,998,2026-08-31T00:09:01Z,,,Daytona State College project - skipped: shell course (internship/special topics/thesis etc.)
ANT2100,Introduction to Archaeology,,pushed,1000,2026-09-04T01:26:54Z,2026-09-04T01:26:48Z,2026-09-04T01:27:05Z,(added by reconcile from orphan draft)
ANT2511,Biological Anthropology,,pushed,1000,2026-09-04T03:07:50Z,2026-09-04T03:07:44Z,2026-09-04T03:08:28Z,(added by reconcile from orphan draft)
ANT3137,Shipwreck Archaeology,,pushed,1000,2026-09-04T01:26:54Z,2026-09-04T01:26:48Z,2026-09-04T01:27:05Z,(added by reconcile from orphan draft)
ANT3520,Forensic Anthropology,,pushed,1000,2026-09-04T03:07:50Z,2026-09-04T03:07:44Z,2026-09-04T03:08:29Z,(added by reconcile from orphan draft)
ANT4115,Method and Theory in Archaeology,,pushed,1000,2026-09-04T01:26:54Z,2026-09-04T01:26:48Z,2026-09-04T01:27:06Z,(added by reconcile from orphan draft)
ANT4121,Combined Archaeological Field Methods,,pushed,1000,2026-09-04T01:37:06Z,2026-09-04T01:37:01Z,2026-09-04T01:37:18Z,(added by reconcile from orphan draft)
ANT4144,Precolumbian Archaeology,,pushed,1000,2026-09-04T01:26:54Z,2026-09-04T01:26:48Z,2026-09-04T01:27:06Z,(added by reconcile from orphan draft)
ANT4182C,Conservation of Archaeological Materials,,pushed,1000,2026-09-04T01:26:54Z,2026-09-04T01:26:48Z,2026-09-04T01:27:06Z,(added by reconcile from orphan draft)
ANT4191C,Anthropological Data Analysis,,pushed,1000,2026-09-04T01:37:06Z,2026-09-04T01:37:01Z,2026-09-04T01:37:18Z,(added by reconcile from orphan draft)
ANT4418,Maritime Cultures,,pushed,1000,2026-09-04T01:37:06Z,2026-09-04T01:37:01Z,2026-09-04T01:37:18Z,(added by reconcile from orphan draft)
ANT4523,Field Methods in Forensic Anthropology,,pushed,1000,2026-09-04T03:07:50Z,2026-09-04T03:07:44Z,2026-09-04T03:08:29Z,(added by reconcile from orphan draft)
ANT4525,Human Osteology,,pushed,1000,2026-09-04T03:07:50Z,2026-09-04T03:07:44Z,2026-09-04T03:08:29Z,(added by reconcile from orphan draft)
ANT4525L,Human Osteology Lab,,pushed,1000,2026-09-04T03:07:50Z,2026-09-04T03:07:44Z,2026-09-04T03:08:29Z,(added by reconcile from orphan draft)
ANT4526C,Advanced Methods in Biological Anthropology,,pushed,1000,2026-09-04T03:07:50Z,2026-09-04T03:07:44Z,2026-09-04T03:08:29Z,(added by reconcile from orphan draft)
ANT4550,Primatology,,pushed,1000,2026-09-04T03:07:50Z,2026-09-04T03:07:44Z,2026-09-04T03:08:30Z,(added by reconcile from orphan draft)
ANT4586,Human Origins,,pushed,1000,2026-09-04T03:07:50Z,2026-09-04T03:07:44Z,2026-09-04T03:08:30Z,(added by reconcile from orphan draft)
ANT4820,Archaeological Field Survey,,pushed,1000,2026-09-04T01:37:06Z,2026-09-04T01:37:01Z,2026-09-04T01:37:19Z,(added by reconcile from orphan draft)
ANT4835,Maritime Archaeological Field Methods,,pushed,1000,2026-09-04T01:37:06Z,2026-09-04T01:37:01Z,2026-09-04T01:37:19Z,(added by reconcile from orphan draft)
ANT4836,Scientific and Research Diving,,pushed,1000,2026-09-04T01:37:06Z,2026-09-04T01:37:01Z,2026-09-04T01:37:19Z,(added by reconcile from orphan draft)
ANT4853C,Geographic Information Systems in Anthropology,,pushed,1000,2026-09-04T01:37:06Z,2026-09-04T01:37:01Z,2026-09-04T01:37:19Z,(added by reconcile from orphan draft)
ART3713,Figure Sculpture,,pushed,1000,2026-09-04T14:56:43Z,2026-09-04T14:54:56Z,2026-09-04T14:56:48Z,(added by reconcile from orphan draft)
CET2544,Introduction to VMware and Computer Virtualization Technology,,pushed,1000,2026-05-04T00:32:59Z,2026-05-02T03:05:50Z,2026-05-04T00:33:40Z,(added by reconcile from orphan draft)
CET2792,Microsoft Windows Server Administration,,pushed,1000,2026-05-04T00:32:59Z,2026-05-02T06:13:36Z,2026-05-04T00:33:40Z,(added by reconcile from orphan draft)
CET2793,Windows Server Administration,,pushed,1000,2026-05-04T00:32:59Z,2026-05-02T06:25:50Z,2026-05-04T00:33:01Z,(added by reconcile from orphan draft)
CJK0420,Criminal Justice Corrections (Defensive Tactics),,pushed,1000,2026-05-09T10:26:08Z,2026-05-09T14:25:36Z,2026-05-09T10:26:21Z,(added by reconcile from orphan draft)
CJK0570,Criminal Justice Corrections (Firearms),,pushed,1000,2026-05-09T10:26:08Z,2026-05-09T14:25:36Z,2026-05-09T10:26:21Z,(added by reconcile from orphan draft)
CJK0590,Criminal Justice Corrections (Emergency Response and First Aid),,pushed,1000,2026-05-09T10:26:08Z,2026-05-09T14:25:36Z,2026-05-09T10:26:22Z,(added by reconcile from orphan draft)
COM3003-SCNS,COM3003: Human Communication (statewide subject),,pushed,1000,2026-09-07T23:26:01Z,2026-09-07T23:25:52Z,2026-09-07T23:26:05Z,(added by reconcile from orphan draft)
COM3003-UWF,COM3003: Integrated Advertising and Public Relations Concepts (UWF subject),,pushed,1000,2026-09-07T23:26:01Z,2026-09-07T23:25:52Z,2026-09-07T23:26:06Z,(added by reconcile from orphan draft)
EEL3111,Circuits I,,pushed,1000,2026-09-04T11:38:49Z,2026-09-04T11:29:03Z,2026-09-04T11:38:55Z,(added by reconcile from orphan draft)
EEL3211,Basic Electric Energy Engineering,,pushed,1000,2026-09-04T11:38:49Z,2026-09-04T11:32:59Z,2026-09-04T11:38:55Z,(added by reconcile from orphan draft)
EEL3211L,Electric Energy Engineering Laboratory,,pushed,1000,2026-09-04T11:38:49Z,2026-09-04T11:32:59Z,2026-09-04T11:38:56Z,(added by reconcile from orphan draft)
EEL3472,Electromagnetic Fields and Applications I,,pushed,1000,2026-09-04T11:38:49Z,2026-09-04T11:35:08Z,2026-09-04T11:38:56Z,(added by reconcile from orphan draft)
EEL3701,Digital Logic and Computer Systems,,pushed,1000,2026-09-04T11:38:49Z,2026-09-04T11:29:03Z,2026-09-04T11:38:56Z,(added by reconcile from orphan draft)
EEL4635,Digital Control Systems,,pushed,1000,2026-09-04T11:38:49Z,2026-09-04T11:37:15Z,2026-09-04T11:38:56Z,(added by reconcile from orphan draft)
EEL4657,Linear Control Systems,,pushed,1000,2026-09-04T11:38:49Z,2026-09-04T11:35:08Z,2026-09-04T11:38:56Z,(added by reconcile from orphan draft)
EEL4712,Digital Design,,pushed,1000,2026-09-04T11:38:49Z,2026-09-04T11:30:57Z,2026-09-04T11:38:56Z,(added by reconcile from orphan draft)
EEL4713,Digital Computer Architecture,,pushed,1000,2026-09-04T11:38:49Z,2026-09-04T11:30:57Z,2026-09-04T11:38:56Z,(added by reconcile from orphan draft)
EEL4744,Microprocessor Applications,,pushed,1000,2026-09-04T11:38:49Z,2026-09-04T11:38:44Z,2026-09-04T11:38:57Z,(added by reconcile from orphan draft)
EEL4744L,Microprocessor Applications Laboratory,,pushed,1000,2026-09-04T11:38:49Z,2026-09-04T11:38:44Z,2026-09-04T11:38:57Z,(added by reconcile from orphan draft)
EET2930,Selected Studies in Electronic Engineering Technology,,pushed,1000,2026-05-06T11:24:56Z,2026-05-02T10:27:58Z,2026-05-02T10:27:58.443155+00:00,(added by reconcile from orphan draft)
EEV0571L,Network Support Services II Lab,,pushed,1000,2026-05-10T21:01:08Z,2026-05-11T01:00:14Z,2026-05-10T21:01:23Z,(added by reconcile from orphan draft)
EGN3214,Programming for Engineers,,pushed,1000,2026-05-04T19:18:28Z,2026-05-04T23:18:16Z,2026-05-04T19:18:33Z,(added by reconcile from orphan draft)
EML3015,Thermal Fluid Systems I (Thermodynamics),,pushed,1000,2026-09-03T00:37:19Z,2026-09-03T00:37:09Z,2026-09-03T00:37:32Z,(added by reconcile from orphan draft)
EML3016L,Thermal Fluid Systems II Lab,,pushed,1000,2026-09-03T00:37:19Z,2026-09-03T00:37:09Z,2026-09-03T00:37:33Z,(added by reconcile from orphan draft)
EML3172L,Mechanics of Materials Lab,,pushed,1000,2026-09-03T00:37:19Z,2026-09-03T00:37:09Z,2026-09-03T00:37:33Z,(added by reconcile from orphan draft)
EML3703,Thermal Systems 3 (EML3703),,pushed,1000,2026-09-03T00:37:19Z,2026-09-03T00:37:09Z,2026-09-03T00:37:33Z,(added by reconcile from orphan draft)
EML3960,Certified SolidWorks Professional Exam Preparation,,pushed,1000,2026-09-03T00:37:19Z,2026-09-03T00:37:09Z,2026-09-03T00:37:33Z,(added by reconcile from orphan draft)
EML4083,Introduction to Exterior Ballistics,,pushed,1000,2026-09-03T00:37:19Z,2026-09-03T00:37:09Z,2026-09-03T00:37:33Z,(added by reconcile from orphan draft)
EML4804,Mechatronic Systems (EML4804),,pushed,1000,2026-09-03T00:49:10Z,2026-09-03T00:49:02Z,2026-09-03T00:49:22Z,(added by reconcile from orphan draft)
EML4804L,Mechatronic Systems Lab,,pushed,1000,2026-09-03T00:49:10Z,2026-09-03T00:49:02Z,2026-09-03T00:49:22Z,(added by reconcile from orphan draft)
EML4961,Fundamentals of Engineering — Mechanical Exam Preparation,,pushed,1000,2026-09-03T00:49:10Z,2026-09-03T00:49:02Z,2026-09-03T00:49:23Z,(added by reconcile from orphan draft)
ETC2207,Construction Planning and Estimating,,pushed,1000,2026-05-04T00:33:00Z,2026-05-02T10:28:02Z,2026-05-02T10:28:02.763426+00:00,(added by reconcile from orphan draft)
ETD1100,Engineering Drawing (ETD1100),,pushed,1000,2026-05-04T00:33:00Z,2026-05-02T10:28:03Z,2026-05-02T10:28:03.463489+00:00,(added by reconcile from orphan draft)
ETD2390,3D AutoCAD / Revit,,pushed,1000,2026-05-04T00:33:00Z,2026-05-02T10:29:08Z,2026-05-02T10:29:08.380869+00:00,(added by reconcile from orphan draft)
ETG2530,Strength of Materials I,,pushed,1000,2026-05-04T00:33:00Z,2026-05-02T10:55:12Z,2026-05-02T10:55:12.312760+00:00,(added by reconcile from orphan draft)
ETI0481,Production Worker,,pushed,1000,2026-05-04T00:33:00Z,2026-05-02T11:06:04Z,2026-05-04T00:33:40Z,(added by reconcile from orphan draft)
ETI0482,Assembler (ETI0482),,pushed,1000,2026-05-04T00:33:00Z,2026-05-02T11:07:13Z,2026-05-04T00:33:41Z,(added by reconcile from orphan draft)
ETI0484,Process Assistant,,pushed,1000,2026-05-04T00:33:00Z,2026-05-02T11:08:20Z,2026-08-30T17:53:37Z,(added by reconcile from orphan draft)
ETI0485,Automation and Production Technology,,pushed,1000,2026-05-04T00:33:00Z,2026-05-02T11:09:20Z,2026-05-04T00:33:41Z,(added by reconcile from orphan draft)
ETI1949,Co-Op Education Training Assignment in Manufacturing,,pushed,1000,2026-05-06T11:24:57Z,2026-05-02T11:38:39Z,2026-05-02T11:38:39.324217+00:00,(added by reconcile from orphan draft)
ETI2110,Introduction to Quality Assurance,,pushed,1000,2026-05-04T00:33:00Z,2026-05-02T11:42:26Z,2026-05-02T11:42:26.475444+00:00,(added by reconcile from orphan draft)
ETI2414C,Computer Aided Manufacturing — Fusion 360,,pushed,1000,2026-05-27T16:32:36Z,2026-05-27T20:31:30Z,2026-05-27T16:32:55Z,(added by reconcile from orphan draft)
ETI2419C,Advanced Computer Aided Manufacturing — Fusion 360 / Mastercam,,pushed,1000,2026-05-27T16:32:36Z,2026-05-27T20:31:30Z,2026-05-27T16:32:56Z,(added by reconcile from orphan draft)
ETI2610,Principles of Six Sigma,,pushed,1000,2026-05-04T00:33:00Z,2026-05-02T11:59:05Z,2026-05-02T11:59:05.261015+00:00,(added by reconcile from orphan draft)
ETI2623,Lean Enterprise for the Expert,,pushed,1000,2026-05-04T00:33:00Z,2026-05-02T12:03:12Z,2026-05-02T12:03:12.183873+00:00,(added by reconcile from orphan draft)
ETI4186,Applied Reliability,,pushed,1000,2026-05-14T15:21:31Z,2026-05-14T18:19:34Z,2026-05-14T15:21:50Z,(added by reconcile from orphan draft)
ETI4205,Applied Logistics,,pushed,1000,2026-05-14T15:21:31Z,2026-05-14T18:19:34Z,2026-05-14T15:21:51Z,(added by reconcile from orphan draft)
ETI4448,Applied Project Management,,pushed,1000,2026-05-04T00:33:01Z,2026-05-02T12:27:15Z,2026-05-02T12:27:15.639752+00:00,(added by reconcile from orphan draft)
ETM2401,Mechanical Devices and Systems,,pushed,1000,2026-05-04T00:33:01Z,2026-05-02T12:45:28Z,2026-05-02T12:45:28.338465+00:00,(added by reconcile from orphan draft)
ETP4240,Power Systems,,pushed,1000,2026-09-03T18:52:01Z,2026-09-03T18:51:56Z,2026-09-03T18:52:14Z,(added by reconcile from orphan draft)
ETS2940,Biomedical Engineering Technology Internship,,pushed,1000,2026-05-06T11:24:58Z,2026-05-02T14:39:32Z,2026-05-02T14:39:32.841432+00:00,(added by reconcile from orphan draft)
ETS3543,Programmable Logic Controllers,,pushed,1000,2026-05-04T00:33:01Z,2026-05-02T14:43:58Z,2026-05-02T14:43:58.353700+00:00,(added by reconcile from orphan draft)
HSC3555,Pathophysiology,,pushed,1000,2026-09-04T15:43:04Z,2026-09-04T15:41:48Z,2026-09-04T15:43:06Z,(added by reconcile from orphan draft)
HSC4143,Drugs in Society,,pushed,1000,2026-09-04T15:43:04Z,2026-09-04T15:41:48Z,2026-09-04T15:43:06Z,(added by reconcile from orphan draft)
ISM3011,e-Business Systems Fundamentals,,pushed,1000,2026-09-04T16:23:54Z,2026-09-04T16:23:48Z,2026-09-04T16:23:57Z,(added by reconcile from orphan draft)
MCB1000,Fundamentals of Microbiology,,pushed,1000,2026-09-04T16:12:57Z,2026-09-04T16:08:56Z,2026-09-04T16:13:00Z,(added by reconcile from orphan draft)
MCB2010,Microbiology for Health Sciences,,pushed,1000,2026-09-04T16:12:57Z,2026-09-04T16:10:11Z,2026-09-04T16:13:00Z,(added by reconcile from orphan draft)
MCB3020,Microbiology,,pushed,1000,2026-09-04T16:12:57Z,2026-09-04T16:11:46Z,2026-09-04T16:13:00Z,(added by reconcile from orphan draft)
MCB4203,Microbes and Disease,,pushed,1000,2026-09-04T16:12:57Z,2026-09-04T16:11:46Z,2026-09-04T16:13:00Z,(added by reconcile from orphan draft)
MLS3194,Clinical Genetics,,pushed,1000,2026-09-04T12:46:02Z,2026-09-04T12:45:52Z,2026-09-04T12:46:05Z,(added by reconcile from orphan draft)
MLS4460,Diagnostic Microbiology I,,pushed,1000,2026-09-04T12:46:02Z,2026-09-04T12:45:52Z,2026-09-04T12:46:05Z,(added by reconcile from orphan draft)
MLS4462,Medical Microbiology,,pushed,1000,2026-09-04T12:46:02Z,2026-09-04T12:45:52Z,2026-09-04T12:46:05Z,(added by reconcile from orphan draft)
MLS4462L,Medical Microbiology Lab,,pushed,1000,2026-09-04T12:46:02Z,2026-09-04T12:45:52Z,2026-09-04T12:46:05Z,(added by reconcile from orphan draft)
MLS4463C,Medical Microbiology Professional Track,,pushed,1000,2026-09-04T12:57:04Z,2026-09-04T12:56:47Z,2026-09-04T12:57:07Z,(added by reconcile from orphan draft)
MLS4626C,Clinical Chemistry I Professional Track,,pushed,1000,2026-09-04T12:57:04Z,2026-09-04T12:56:47Z,2026-09-04T12:57:07Z,(added by reconcile from orphan draft)
MLS4631C,Clinical Chemistry II Professional Track,,pushed,1000,2026-09-04T12:57:04Z,2026-09-04T12:56:35Z,2026-09-04T12:57:07Z,(added by reconcile from orphan draft)
MLS4704,Clinical Management Portfolio Professional Track,,pushed,1000,2026-09-04T12:57:04Z,2026-09-04T12:56:47Z,2026-09-04T12:57:07Z,(added by reconcile from orphan draft)
MVK4641,Piano Pedagogy,,pushed,1000,2026-09-04T18:55:31Z,2026-09-04T18:55:15Z,2026-09-04T18:55:36Z,(added by reconcile from orphan draft)
NUR3026,Person Centered Care I,,pushed,1000,2026-09-04T14:15:14Z,2026-09-04T14:14:00Z,2026-09-04T14:15:18Z,(added by reconcile from orphan draft)
NUR4257L,Person Centered Care IV Lab,,pushed,1000,2026-09-04T14:15:14Z,2026-09-04T14:14:00Z,2026-09-04T14:15:18Z,(added by reconcile from orphan draft)
NUR4286-UWF,Concepts of Quality and Safety in Nursing,,pushed,1000,2026-09-04T13:43:14Z,2026-09-04T13:43:03Z,2026-09-04T13:23:51.779241+00:00,Variant guide: UWF version of a number carrying two subjects (batch 129)
NUR4615,Person Centered Population Health,,pushed,1000,2026-09-04T14:15:14Z,2026-09-04T14:14:00Z,2026-09-04T14:15:18Z,(added by reconcile from orphan draft)
NUR4615L,Person Centered Population Health Lab,,pushed,1000,2026-09-04T14:15:14Z,2026-09-04T14:14:00Z,2026-09-04T14:15:18Z,(added by reconcile from orphan draft)
NUR4636,Epidemiology and Population Health Strategies,,pushed,1000,2026-09-04T13:23:50Z,2026-09-04T13:22:57Z,2026-09-04T13:23:52Z,(added by reconcile from orphan draft)
NUR4826-UWF,Transformational Nursing Leadership,,pushed,1000,2026-09-04T13:43:14Z,2026-09-04T13:43:03Z,2026-09-04T13:23:51.935021+00:00,Variant guide: UWF version of a number carrying two subjects (batch 129)
NUR4828,Systems Innovation and Change Agents in Healthcare,,pushed,1000,2026-09-04T13:23:50Z,2026-09-04T13:22:57Z,2026-09-04T13:23:52Z,(added by reconcile from orphan draft)
NUR4895,Evidence-Based Population Health Practice,,pushed,1000,2026-09-04T13:23:50Z,2026-09-04T13:23:42Z,2026-09-04T13:23:53Z,(added by reconcile from orphan draft)
PCB3043,Ecology,,pushed,1000,2026-09-04T15:55:54Z,2026-09-04T15:51:30Z,2026-09-04T15:56:02Z,(added by reconcile from orphan draft)
PCB3063,Genetics,,pushed,1000,2026-09-04T15:55:54Z,2026-09-04T15:55:43Z,2026-09-04T15:56:02Z,(added by reconcile from orphan draft)
PCB3103,Cell Biology,,pushed,1000,2026-09-04T15:55:54Z,2026-09-04T15:55:43Z,2026-09-04T15:56:02Z,(added by reconcile from orphan draft)
PCB4233,Immunology,,pushed,1000,2026-09-04T15:55:54Z,2026-09-04T15:55:43Z,2026-09-04T15:56:02Z,(added by reconcile from orphan draft)
PCB4253,Developmental Biology,,pushed,1000,2026-09-04T16:00:48Z,2026-09-04T15:59:04Z,2026-09-04T16:00:51Z,(added by reconcile from orphan draft)
PCB4315,Tropical Marine Ecology,,pushed,1000,2026-09-04T16:00:48Z,2026-09-04T15:59:04Z,2026-09-04T16:00:51Z,(added by reconcile from orphan draft)
PCB4723,Comparative Animal Physiology,,pushed,1000,2026-09-04T15:55:54Z,2026-09-04T15:55:43Z,2026-09-04T15:56:02Z,(added by reconcile from orphan draft)
PHT1006,Introduction to Physical Therapy,,pushed,1000,2026-09-03T03:22:31Z,2026-09-03T03:18:19Z,2026-09-03T03:24:55Z,(added by reconcile from orphan draft)
PHT1128,Kinesiology for the PTA,,pushed,1000,2026-09-03T03:22:31Z,2026-09-03T03:18:19Z,2026-09-03T03:24:56Z,(added by reconcile from orphan draft)
PHT1251,Patient Care Skills,,pushed,1000,2026-09-03T03:22:31Z,2026-09-03T03:18:19Z,2026-09-03T03:24:56Z,(added by reconcile from orphan draft)
PHT2220,Therapeutic Exercise I,,pushed,1000,2026-09-03T03:22:31Z,2026-09-03T03:22:22Z,2026-09-03T03:24:56Z,(added by reconcile from orphan draft)
PHT2221,Therapeutic Exercise II,,pushed,1000,2026-09-03T03:22:31Z,2026-09-03T03:22:22Z,2026-09-03T03:24:56Z,(added by reconcile from orphan draft)
TPP2110,Acting I,,pushed,1000,2026-09-04T17:58:34Z,2026-09-04T17:58:26Z,2026-09-04T17:58:36Z,(added by reconcile from orphan draft)
TPP2500,Movement for the Actor,,pushed,1000,2026-09-04T19:01:38Z,2026-09-04T18:58:45Z,2026-09-04T19:01:41Z,(added by reconcile from orphan draft)
TPP3310,Play Directing,,pushed,1000,2026-09-04T19:01:38Z,2026-09-04T19:00:06Z,2026-09-04T19:01:41Z,(added by reconcile from orphan draft)
STS1323C,SURGICAL PROCEDURES I,6,pushed,9946,2026-08-31T00:09:01Z,2026-09-03T09:28:09Z,2026-09-03T09:28:25Z,"DEFERRED: Family spread 2/45, 3/60, 4/90; needs catalog verification when web search renews"
DEH1602,PERIODONTOLOGY,5,pushed,9947,2026-08-31T00:09:01Z,2026-09-02T09:11:48Z,2026-09-02T09:35:22Z,DEFERRED: Not in Broward/Gulf Coast catalogs; needs verification when web search renews
DES0103C,DENTAL MATERIALS,5,pushed,9947,2026-08-31T00:09:01Z,2026-09-02T09:11:48Z,2026-09-02T09:35:22Z,DEFERRED: Not in Broward/Gulf Coast catalogs; needs verification when web search renews
MEA0334C,MEDICAL OFFICE PROCEDURES,5,pushed,9947,2026-08-31T00:09:01Z,2026-09-02T09:11:48Z,2026-09-02T09:35:22Z,DEFERRED: Not resolvable via Broward/Valencia/Gulf Coast patterns; practicum/PSAV/no-catalog - verify when web search renews
MUS2360C,INTRODUCTION TO TECHNOLOGY IN MUSIC,5,pushed,9947,2026-08-31T00:09:01Z,2026-09-04T01:05:14Z,2026-09-04T01:05:30Z,DEFERRED: Not DSC courses; no Tier 0 page. Verify via Broward/Valencia or when web search renews
OTH2300C,PSYCHOSOCIAL OCCUPATIONAL THERAPY,5,pushed,9947,2026-08-31T00:09:01Z,2026-09-03T11:36:41Z,2026-09-03T11:37:12Z,DEFERRED: Not DSC courses; no Tier 0 page. Verify via Broward/Valencia or when web search renews
DIM0823C,TRANSIT INTERMEDIATE ELECTRICAL SYSTEMS TECHNICIAN,3,skipped,9949,2026-08-31T00:09:01Z,,,"skipped 2026-09-03 per Ron: no Daytona State catalog coverage, so no Tier-0 source. Deferred rather than abandoned - candidate for the request-driven queue once the Request Curriculum Guide feature is live, or for a later institution's build. PRIOR NOTE: DEFERRED: DEFERRED: PSAV transit OCP hours not published in any fetchable source. fldoe.org 403s; HCC 403s; NWFSC blocked. Confirmed: Technician I=620 (DIM0810 200/0811 120/0812 60/0813 120/0814 120), Technician II=620 (DIM0820 60/0821 120/0822 120/0823+0824=320 combined, split unknown). Level III (0830-0834) unknown. Family spread 60-200 makes derivation unsafe per standing rule."
DIM0824C,TRANSIT BRAKES/AIR SYSTEM,3,skipped,9949,2026-08-31T00:09:01Z,,,"skipped 2026-09-03 per Ron: no Daytona State catalog coverage, so no Tier-0 source. Deferred rather than abandoned - candidate for the request-driven queue once the Request Curriculum Guide feature is live, or for a later institution's build. PRIOR NOTE: DEFERRED: DEFERRED: PSAV transit OCP hours not published in any fetchable source. fldoe.org 403s; HCC 403s; NWFSC blocked. Confirmed: Technician I=620 (DIM0810 200/0811 120/0812 60/0813 120/0814 120), Technician II=620 (DIM0820 60/0821 120/0822 120/0823+0824=320 combined, split unknown). Level III (0830-0834) unknown. Family spread 60-200 makes derivation unsafe per standing rule."
DIM0830C,TRANSIT ALTERNATIVE FUEL SYSTEMS,3,skipped,9949,2026-08-31T00:09:01Z,,,"skipped 2026-09-03 per Ron: no Daytona State catalog coverage, so no Tier-0 source. Deferred rather than abandoned - candidate for the request-driven queue once the Request Curriculum Guide feature is live, or for a later institution's build. PRIOR NOTE: DEFERRED: DEFERRED: PSAV transit OCP hours not published in any fetchable source. fldoe.org 403s; HCC 403s; NWFSC blocked. Confirmed: Technician I=620 (DIM0810 200/0811 120/0812 60/0813 120/0814 120), Technician II=620 (DIM0820 60/0821 120/0822 120/0823+0824=320 combined, split unknown). Level III (0830-0834) unknown. Family spread 60-200 makes derivation unsafe per standing rule."
DIM0831C,TRANSIT ADVANCED ELECTRICAL SYSTEMS TECHNICIAN,3,skipped,9949,2026-08-31T00:09:01Z,,,"skipped 2026-09-03 per Ron: no Daytona State catalog coverage, so no Tier-0 source. Deferred rather than abandoned - candidate for the request-driven queue once the Request Curriculum Guide feature is live, or for a later institution's build. PRIOR NOTE: DEFERRED: DEFERRED: PSAV transit OCP hours not published in any fetchable source. fldoe.org 403s; HCC 403s; NWFSC blocked. Confirmed: Technician I=620 (DIM0810 200/0811 120/0812 60/0813 120/0814 120), Technician II=620 (DIM0820 60/0821 120/0822 120/0823+0824=320 combined, split unknown). Level III (0830-0834) unknown. Family spread 60-200 makes derivation unsafe per standing rule."
DIM0832C,TRANSIT HEATING AND AC,3,skipped,9949,2026-08-31T00:09:01Z,,,"skipped 2026-09-03 per Ron: no Daytona State catalog coverage, so no Tier-0 source. Deferred rather than abandoned - candidate for the request-driven queue once the Request Curriculum Guide feature is live, or for a later institution's build. PRIOR NOTE: DEFERRED: DEFERRED: PSAV transit OCP hours not published in any fetchable source. fldoe.org 403s; HCC 403s; NWFSC blocked. Confirmed: Technician I=620 (DIM0810 200/0811 120/0812 60/0813 120/0814 120), Technician II=620 (DIM0820 60/0821 120/0822 120/0823+0824=320 combined, split unknown). Level III (0830-0834) unknown. Family spread 60-200 makes derivation unsafe per standing rule."
DIM0833C,TRANSMISSION DIAGNOSIS - REBUILD AND REPAIR TECHNICIAN,3,skipped,9949,2026-08-31T00:09:01Z,,,"skipped 2026-09-03 per Ron: no Daytona State catalog coverage, so no Tier-0 source. Deferred rather than abandoned - candidate for the request-driven queue once the Request Curriculum Guide feature is live, or for a later institution's build. PRIOR NOTE: DEFERRED: DEFERRED: PSAV transit OCP hours not published in any fetchable source. fldoe.org 403s; HCC 403s; NWFSC blocked. Confirmed: Technician I=620 (DIM0810 200/0811 120/0812 60/0813 120/0814 120), Technician II=620 (DIM0820 60/0821 120/0822 120/0823+0824=320 combined, split unknown). Level III (0830-0834) unknown. Family spread 60-200 makes derivation unsafe per standing rule."
DIM0834C,DIESEL ENGINE DIAGNOSIS,3,skipped,9949,2026-08-31T00:09:01Z,,,"skipped 2026-09-03 per Ron: no Daytona State catalog coverage, so no Tier-0 source. Deferred rather than abandoned - candidate for the request-driven queue once the Request Curriculum Guide feature is live, or for a later institution's build. PRIOR NOTE: DEFERRED: DEFERRED: PSAV transit OCP hours not published in any fetchable source. fldoe.org 403s; HCC 403s; NWFSC blocked. Confirmed: Technician I=620 (DIM0810 200/0811 120/0812 60/0813 120/0814 120), Technician II=620 (DIM0820 60/0821 120/0822 120/0823+0824=320 combined, split unknown). Level III (0830-0834) unknown. Family spread 60-200 makes derivation unsafe per standing rule."
OST1711,WORD PROCESSING I,3,skipped,9949,2026-08-31T00:09:01Z,,,"skipped 2026-09-03 per Ron: no Daytona State catalog coverage, so no Tier-0 source. Deferred rather than abandoned - candidate for the request-driven queue once the Request Curriculum Guide feature is live, or for a later institution's build. PRIOR NOTE: DEFERRED: DEFERRED: not found in any fetchable source. Absent from DSC current (2024-2025) and archived (2019-2020) catalogs, absent from Broward OST (14 courses), Valencia OST (20 courses), Gulf Coast OST, and Seminole State. Web search returns no Florida instance of the number. No title, credit value, or description could be established; nothing to derive from."
AAE0100,VOCATIONAL PREPARATORY READING,2,skipped,9950,2026-08-31T00:09:01Z,,,"skipped 2026-09-03 per Ron: no Daytona State catalog coverage, so no Tier-0 source. Deferred rather than abandoned - candidate for the request-driven queue once the Request Curriculum Guide feature is live, or for a later institution's build. PRIOR NOTE: DEFERRED: DEFERRED: not resolvable. AAE = Applied Academics for Adult Education (redesignation of vocational-preparatory instruction, July 2011). Absent from DSC catalog (current and archived) and from daytona_courses.csv. FLDOE curriculum framework for AAAE uses program S990001 / course S990041-Comprehensive, NOT AAE0100/AAE0200 numbering; fldoe.org 403s. FSCJ carries an AAE family (AAE0001N seen in search) but catalog.fscj.edu now returns 403 to WebFetch. No title, hour value, or description could be established."
AAE0200,VOCATIONAL PREPARATORY MATHEMATICS,2,skipped,9950,2026-08-31T00:09:01Z,,,"skipped 2026-09-03 per Ron: no Daytona State catalog coverage, so no Tier-0 source. Deferred rather than abandoned - candidate for the request-driven queue once the Request Curriculum Guide feature is live, or for a later institution's build. PRIOR NOTE: DEFERRED: DEFERRED: not resolvable. AAE = Applied Academics for Adult Education (redesignation of vocational-preparatory instruction, July 2011). Absent from DSC catalog (current and archived) and from daytona_courses.csv. FLDOE curriculum framework for AAAE uses program S990001 / course S990041-Comprehensive, NOT AAE0100/AAE0200 numbering; fldoe.org 403s. FSCJ carries an AAE family (AAE0001N seen in search) but catalog.fscj.edu now returns 403 to WebFetch. No title, hour value, or description could be established."
ACR0002C,PHYSICAL PRINCIPLES II AND LAB,2,skipped,9950,2026-08-31T00:09:01Z,,,"skipped 2026-09-03 per Ron: no Daytona State catalog coverage, so no Tier-0 source. Deferred rather than abandoned - candidate for the request-driven queue once the Request Curriculum Guide feature is live, or for a later institution's build. PRIOR NOTE: Daytona State College project - ACR prefix completion blocked here (batch 99): not present in the Daytona State catalog index, so no Tier-0 source; consistent with the earlier 'still not found' note. 1-2 institutions per inventory; holder not identified. Gulf Coast does NOT carry the ACR prefix (batch 93 screen)."
ACR0062C,HEAT LOAD CALCULATIONS AND LAB,2,skipped,9950,2026-08-31T00:09:01Z,,,"skipped 2026-09-03 per Ron: no Daytona State catalog coverage, so no Tier-0 source. Deferred rather than abandoned - candidate for the request-driven queue once the Request Curriculum Guide feature is live, or for a later institution's build. PRIOR NOTE: Daytona State College project - ACR prefix completion blocked here (batch 99): not present in the Daytona State catalog index, so no Tier-0 source; consistent with the earlier 'still not found' note. 1-2 institutions per inventory; holder not identified. Gulf Coast does NOT carry the ACR prefix (batch 93 screen)."
ACR0601C,HEAT PUMPS II,2,skipped,9950,2026-08-31T00:09:01Z,,,"skipped 2026-09-03 per Ron: no Daytona State catalog coverage, so no Tier-0 source. Deferred rather than abandoned - candidate for the request-driven queue once the Request Curriculum Guide feature is live, or for a later institution's build. PRIOR NOTE: Daytona State College project - ACR prefix completion blocked here (batch 99): not present in the Daytona State catalog index, so no Tier-0 source; consistent with the earlier 'still not found' note. 1-2 institutions per inventory; holder not identified. Gulf Coast does NOT carry the ACR prefix (batch 93 screen)."
AER0033C,EMPLOYABILITY SKILLS,2,skipped,9950,2026-08-31T00:09:01Z,,,"skipped 2026-09-03 per Ron: no Daytona State catalog coverage, so no Tier-0 source. Deferred rather than abandoned - candidate for the request-driven queue once the Request Curriculum Guide feature is live, or for a later institution's build. PRIOR NOTE: DEFERRED: DEFERRED: PSAV numbers not carried in any reachable Florida catalog. Absent from DSC (current + archived) and daytona_courses.csv; Broward has no ACR prefix page (404); Seminole State 404s; Eastern Florida State's ACR listing carries ACR0022/0060/0061/0106/0107 but none of these numbers; fldoe.org 403s and FSCJ now 403s. No title, hour value, or description could be established. NOTE for future ACR work: EFSC publishes an HVAC/R CTC totalling 1350 clock hours with individual courses of 90-150 hours."
ART2759,CERAMIC STUDIO I,2,skipped,9950,2026-08-31T00:09:01Z,,,"skipped 2026-09-03 per Ron: no Daytona State catalog coverage, so no Tier-0 source. Deferred rather than abandoned - candidate for the request-driven queue once the Request Curriculum Guide feature is live, or for a later institution's build. PRIOR NOTE: DEFERRED: DEFERRED: not in DSC catalog or daytona_courses.csv. AVS0xxx are PSAV aviation maintenance numbers dependent on FLDOE frameworks (fldoe.org 403s). Deferred pending a working Tier 1 source; revisit if fldoe.org recovers or a mirror is found."
AVS0681,ELECTRICAL SYSTEMS TECHNICIAN,2,skipped,9950,2026-08-31T00:09:01Z,,,"skipped 2026-09-03 per Ron: no Daytona State catalog coverage, so no Tier-0 source. Deferred rather than abandoned - candidate for the request-driven queue once the Request Curriculum Guide feature is live, or for a later institution's build. PRIOR NOTE: DEFERRED: DEFERRED: not in DSC catalog or daytona_courses.csv. AVS0xxx are PSAV aviation maintenance numbers dependent on FLDOE frameworks (fldoe.org 403s). Deferred pending a working Tier 1 source; revisit if fldoe.org recovers or a mirror is found."
AVS0684,AVIONICS INSTALLER/TECHNICIAN,2,skipped,9950,2026-08-31T00:09:01Z,,,"skipped 2026-09-03 per Ron: no Daytona State catalog coverage, so no Tier-0 source. Deferred rather than abandoned - candidate for the request-driven queue once the Request Curriculum Guide feature is live, or for a later institution's build. PRIOR NOTE: DEFERRED: DEFERRED: not in DSC catalog or daytona_courses.csv. AVS0xxx are PSAV aviation maintenance numbers dependent on FLDOE frameworks (fldoe.org 403s). Deferred pending a working Tier 1 source; revisit if fldoe.org recovers or a mirror is found."
AVS0685,ADVANCED AVIONICS INSTALLER/TECHNICIAN,2,skipped,9950,2026-08-31T00:09:01Z,,,"skipped 2026-09-03 per Ron: no Daytona State catalog coverage, so no Tier-0 source. Deferred rather than abandoned - candidate for the request-driven queue once the Request Curriculum Guide feature is live, or for a later institution's build. PRIOR NOTE: DEFERRED: DEFERRED: not in DSC catalog or daytona_courses.csv. AVS0xxx are PSAV aviation maintenance numbers dependent on FLDOE frameworks (fldoe.org 403s). Deferred pending a working Tier 1 source; revisit if fldoe.org recovers or a mirror is found."
