course_id,title,num_inst,in_master,master_status,institutions
MAN3504,OPERATIONS MANAGEMENT,18,yes,queued,CC;EU;FLPOLY;FNU;FSU;KU;MDC;NWFSC;RU;SCFMS;SFSC;SPC;STU;TCJ;TSC;UIC;UNF;UWF
MCB2010L,MICROBIOLOGY LAB,17,yes,queued,BC;CC;CF;CFK;CMVC;FGC;IRSC;MDC;PBSC;PESC;PHSC;SCFMS;SFC;SJRSC;SPC;UNF;UWF
MCB3020C,MICROBIOLOGY,17,yes,queued,BC;EFSC;EWU;FAMU;FAU;FGCU;FIU;FLAC;FSCJ;KU;SPC;STU;UCF;UF;UNF;USF;UWF
MVK2122,CLASS PIANO IV,17,yes,queued,CF;EFSC;EWU;FAMU;FAU;FGCU;FLAC;FSCJ;FSU;FSWSC;MDC;PBSC;SSCF;UCF;UNF;USF;UWF
PGY2401C,PHOTOGRAPHY I,17,yes,queued,BC;FIU;FSCJ;FSU;FSWSC;HC;MDC;NFC;PESC;SCFMS;SPC;SSCF;UCF;UNF;USF;UWF;VC
CPO2002,COMPARATIVE GOVERNMENT,16,yes,queued,BC;FAMU;FAU;FIU;FSCJ;FSU;GCSC;KU;PBSC;PHSC;SCFMS;SPC;SSCF;UNF;USF;UWF
EDG4410,CLASSROOM MANAGEMENT AND COMMUNICATION,15,no,,BC;CC;CF;CFK;EFSC;FGC;FSCJ;FSU;IRSC;LSSC;PSC;SCFMS;SJRSC;UCF;UNF
HUN2201,FUNDAMENTALS OF HUMAN NUTRITION,15,yes,queued,CFK;FIU;FLAC;FLPOLY;HC;KU;NFC;NWFSC;PHSC;SCFMS;UCF;UF;UNF;USF;UWF
MAN4940,INTERNSHIP,15,no,,BC;CF;EWU;FAU;FLAC;JMVU;LSSC;MDC;NWFSC;PHSC;PSC;SPC;UNF;USF;UWF
PEM1131C,WEIGHT TRAINING,15,no,,BC;EFSC;FAMU;FLAC;FSCJ;FSU;GCSC;HC;MDC;NWFSC;PESC;PHSC;SSCF;UNF;VC
PSY3213C,RESEARCH METHODS IN PSYCHOLOGY,15,yes,queued,EWU;FAMU;FAU;FGCU;FIU;FLAC;FNU;FSU;KU;STU;TCF;UCF;UNF;USF;UWF
WOH1012,WORLD HISTORY TO 1500,15,no,,CFK;DORAL;EWU;FAMU;FSCJ;FSWSC;NFC;NWFSC;PBSC;PSC;SCFMS;SFBC;SJRSC;STU;UNF
EEC4940C,INTERNSHIP,14,no,,CF;FGC;FGCU;FIU;FSCJ;MDC;NWFSC;SCFMS;SFC;SJRSC;SPC;UCF;UNF;USF
HSC2100,PERSONAL AND COMMUNITY HEALTH,14,yes,queued,BC;FAU;FIU;FSCJ;GCSC;HC;IRSC;PBSC;PSC;SFSC;SPC;UNF;USF;UWF
MSL1001L,FOUNDATIONS OF OFFICERSHIP LAB,14,no,,BC;FAMU;FAU;FIU;FSCJ;FSU;MDC;PBSC;PESC;PHSC;PSC;SFC;UF;UNF
MSL1002L,BASIC LEADERSHIP LAB,14,no,,BC;FAU;FIU;FSCJ;FSU;MDC;PBSC;PESC;PHSC;PSC;SFC;TSC;UF;UNF
PCB4233C,IMMUNOLOGY,14,yes,queued,EFSC;EWU;FAMU;FAU;FGCU;FIU;FSU;IRSC;MDC;SFC;SPC;UF;UNF;UWF
BCN2405C,CONSTRUCTION MECHANICS,13,yes,queued,FGCU;FIU;FSCJ;GCSC;KU;PESC;SFC;SSCF;TSC;UF;UNF;UWF;VC
BSC4434C,INTRODUCTION TO BIOINFORMATICS,13,yes,queued,EFSC;EWU;FAMU;FAU;FGCU;FIU;IRSC;KU;MDC;UCF;UF;UNF;UWF
CCJ4940,INTERNSHIP IN CRIMINOLOGY,13,no,,CF;EWU;FAU;FGCU;FIU;FNU;FSU;KU;STU;UF;UNF;USF;UWF
EDF2085,TEACHING DIVERSE POPULATIONS,13,no,,DORAL;FAMU;FIU;FLAC;FNU;FSU;KU;SFSC;TSC;UCF;UF;UNF;USF
MSL2101L,INDIVIDUAL LEADERSHIP STUDIES LAB,13,no,,BC;FAMU;FAU;FIU;FSCJ;FSU;MDC;PBSC;PHSC;PSC;SFC;UF;UNF
MSL2102L,LEADERSHIP AND TEAMWORK LAB,13,no,,BC;FAU;FIU;FSCJ;FSU;MDC;PBSC;PESC;PHSC;PSC;SFC;UF;UNF
MVB1012,APP MUS PRIN FR HORN,13,no,,BC;CC;FAMU;FGCU;FSCJ;FSU;FSWSC;GCSC;HC;MDC;SCFMS;SPC;UNF
NUR4945C,NURSING CAPSTONE,13,no,,BC;EFSC;FLAC;FSU;GCSC;LSSC;PBSC;PHSC;SFC;SFSC;SSCF;UNF;VC
CHM1025L,INTRODUCTORY CHEMISTRY LAB,12,no,,CF;EFSC;FIU;FNU;HC;MDC;PHSC;SCFMS;SFC;SLU;SPC;UNF
ECO3101,INTERMEDIATE MICROECONOMICS,12,yes,queued,FAMU;FAU;FGCU;FIU;FLPOLY;FSU;STU;UCF;UF;UNF;USF;UWF
EDE4943,STUDENT TEACHING INTERNSHIP,12,no,,CC;FAMU;FAU;FGC;FIU;FSU;SFSC;SPC;SSCF;UCF;UNF;VC
GRA2190C,GRAPHIC DESIGN I,12,no,,BC;FAU;FGCU;FSU;MDC;NWFSC;PESC;SCFMS;SJRSC;UIC;UNF;USF
ISM4220C,BUSINESS DATA COMMUNICATIONS,12,no,,BC;EFSC;FAU;FIU;FSCJ;FSU;IRSC;KU;PBSC;UF;UNF;USF
MAA4402,COMPLEX VARIABLES,12,yes,queued,EWU;FAMU;FAU;FGCU;FIU;FLPOLY;FSU;UCF;UF;UNF;USF;UWF
MAS4301,ABSTRACT ALGEBRA I,12,yes,queued,EWU;FAMU;FAU;FGCU;FIU;FLAC;SPC;UCF;UF;UNF;USF;UWF
MCB4503,VIROLOGY,12,no,,EWU;FAU;FIU;FLAC;FSCJ;MDC;SFC;SJRSC;UCF;UF;UNF;USF
PCB3063L,GENETICS LAB,12,yes,queued,BC;EWU;FAMU;FIU;IRSC;KU;SJRSC;SPC;UCF;UNF;USF;UWF
PSY2930,SPECIAL TOPICS IN PSYCHOLOGY,12,no,,BC;CF;DORAL;FAU;FIU;GCSC;SCFMS;SSCF;TSC;UCF;UNF;VC
CES4702C,REINFORCED CONCRETE DESIGN,11,yes,queued,FAMU;FAU;FGCU;FIU;FLPOLY;FSU;UCF;UF;UNF;USF;UWF
ECO3203,INTERMEDIATE MACROECONOMICS,11,yes,queued,FAMU;FAU;FGCU;FIU;FLPOLY;FSU;UCF;UF;UNF;USF;UWF
FIL2000,FILM APPRECIATION,11,no,,BC;CF;FAU;FGCU;FIU;PBSC;RU;STU;TSC;UNF;USF
FIN4504,INVESTMENTS,11,yes,queued,DORAL;FAMU;FAU;FLAC;FSU;SPC;UCF;UF;UNF;USF;UWF
MVS1411,VIOLIN,11,no,,FAU;FIU;FSU;PHSC;SFC;SPC;SSCF;UCF;UF;UNF;USF
MVV3331,PRINCIPAL APPLIED VOICE,11,yes,queued,EWU;FAMU;FAU;FGCU;FIU;FLAC;FSU;UF;UNF;USF;UWF
MVV4341,PRINCIPAL APPLIED VOICE,11,yes,queued,EWU;FAMU;FAU;FGCU;FIU;FLAC;FSU;UF;UNF;USF;UWF
PCB3043C,ECOLOGY,11,yes,queued,EWU;FGCU;FIU;FNU;FSU;MDC;SJRSC;SPC;UNF;USF;UWF
PEL1621C,BASKETBALL,11,no,,EWU;FAMU;FLAC;FSU;GCSC;HC;MDC;SCFMS;TSC;UNF;VC
PUR3000,PRINCIPLES OF PUBLIC RELATIONS,11,yes,queued,FAMU;FGCU;FIU;FLAC;FSU;UCF;UF;UIC;UNF;USF;UWF
SCE4310,CONTENT AND METHODS OF TEACHING ELEMENTARY SCIENCE,11,yes,queued,BC;CC;DORAL;FGCU;FIU;FLAC;FSU;UF;UNF;USF;UWF
SOP3004,SOCIAL PSYCHOLOGY,11,yes,queued,FAMU;FAU;FIU;FNU;FSU;SFBC;STU;UCF;UF;UNF;UWF
BSC4930,SPECIAL TOPICS IN BIOLOGY,10,no,,BC;CC;EWU;FAMU;FAU;FGCU;STU;UF;UNF;USF
CHI1120C,ELEMENTARY CHINESE I,10,no,,CF;FAMU;FAU;FSCJ;FSU;MDC;SFC;UCF;UNF;USF
CHI1121C,ELEMENTARY CHINESE II,10,no,,CF;FAMU;FAU;FSCJ;FSU;MDC;SFC;UCF;UNF;USF
COM3120,ORGANIZATIONAL COMMUNICATION,10,no,,CF;FAU;FGCU;FIU;FLAC;FSU;SPC;UF;UNF;USF
ECO4504,PUBLIC FINANCE,10,no,,FAMU;FAU;FGCU;FIU;FSU;MAU;UCF;UF;UNF;USF
ECP3203,LABOR ECONOMICS,10,no,,FAMU;FAU;FGCU;FIU;FLPOLY;FSU;UCF;UF;UNF;USF
IDH2931,HONORS SEMINAR,10,no,,CC;FGCU;FSCJ;GCSC;HC;SFSC;SSCF;TSC;UF;UNF
MTG3212,MODERN GEOMETRIES,10,no,,BC;CC;EWU;FAU;FIU;IRSC;SPC;UF;UNF;USF
MUE2040,INTRODUCTION TO MUSIC EDUCATION,10,yes,queued,CF;FAU;FGCU;FIU;FLAC;FSU;UCF;UF;UNF;UWF
MUH3212,MUSIC HISTORY II,10,yes,queued,EWU;FAMU;FGCU;FIU;FLAC;FSU;UCF;UF;UNF;UWF
MUT2641,JAZZ IMPROVISATION I,10,no,,BC;EFSC;FAMU;FIU;FSU;FSWSC;MDC;UF;UNF;USF
MVS2421,VIOLIN,10,no,,FAU;FIU;FSU;PHSC;SPC;SSCF;UCF;UF;UNF;USF
MVS2423,CELLO,10,no,,FAU;FGCU;FIU;FSU;SPC;SSCF;UCF;UF;UNF;USF
NUR3825,PROFESSIONAL ROLE TRANSITION,10,no,,CF;FAMU;FGCU;LSSC;PBSC;PSC;SSCF;UNF;USF;VC
PAD6227,PUBLIC BUDGETING,10,no,,EWU;FAMU;FAU;FGCU;FIU;UCF;UF;UNF;USF;UWF
PCB3023C,CELL BIOLOGY,10,no,,BC;EWU;FAU;FGCU;FLPOLY;SPC;UCF;UF;UNF;USF
RMI3011,RISK MANAGEMENT & INSURANCE,10,no,,FAMU;FAU;FGCU;FIU;FSU;RU;UCF;UF;UNF;USF
TPP2100,ACTING I,10,yes,queued,CF;EWU;FGCU;FIU;FSU;PBSC;SJRSC;UF;UNF;UWF
ZOO3713C,COMPARATIVE VERTEBRATE ANATOMY,10,no,,FAMU;FGCU;FIU;FSCJ;FSU;SJRSC;UCF;UF;UNF;USF
ACG4201,ADVANCED ACCOUNTING,9,yes,queued,CC;FAMU;FAU;FSU;KU;RU;STU;UNF;UWF
ACG4651,AUDITING,9,yes,queued,EWU;FAU;FIU;FNU;IRSC;KU;UCF;UNF;UWF
BSC4905C,DIRECTED STUDY,9,no,,CC;EWU;FAMU;FAU;FGCU;SPC;UNF;USF;UWF
CAP4770,DATA MINING,9,yes,queued,EFSC;FAU;FGCU;FIU;FLPOLY;SPC;UF;UNF;UWF
CCJ4641,ORGANIZED CRIME,9,yes,queued,DORAL;FIU;KU;MDC;PSC;STU;UCF;UNF;UWF
CCJ4662,MINORITIES AND CRIME,9,no,,EWU;FAMU;FAU;FGCU;FIU;FNU;FSU;UNF;USF
CHM4130C,INSTRUMENTAL ANALYSIS,9,yes,queued,FAMU;FGCU;FIU;FSU;UCF;UF;UNF;USF;UWF
CWR3201C,FLUID MECHANICS,9,yes,queued,FAMU;FAU;FGCU;FIU;FSU;UCF;UF;UNF;UWF
CWR4202C,HYDRAULICS,9,yes,queued,FAMU;FAU;FLPOLY;FSU;UCF;UF;UNF;USF;UWF
EDA6061,PRINCIPLES OF ED LEADERSHIP,9,no,,DORAL;FAMU;FGCU;FIU;FSU;UCF;UF;UNF;USF
EDA6232,SCHOOL LAW,9,no,,DORAL;FAU;FGCU;FIU;UCF;UF;UNF;USF;UWF
HSA4922,HEALTHCARE MANAGEMENT CAPSTONE,9,no,,AU;CF;FAMU;FNU;FSCJ;IRSC;PSC;RU;UNF
MAD3107,DISCRETE MATHEMATICS,9,no,,EWU;FGCU;MDC;NWFSC;RU;SPC;UF;UNF;USF
MAP4341,PARTIAL DIFFERENTIAL EQUATIONS,9,yes,queued,EWU;FGCU;FLPOLY;FSU;UCF;UF;UNF;USF;UWF
MHS6450C,SUBSTANCE ABUSE COUNSELING,9,no,,FAMU;FAU;FGCU;FIU;FSU;UCF;UF;UNF;USF
MSL4301L,LEADERSHIP AND MANAGEMENT LAB,9,no,,FAMU;FAU;FIU;FSCJ;FSU;PSC;SFC;UF;UNF
MTG4302,ELEMENTS OF TOPOLOGY I,9,no,,FAMU;FAU;FIU;FLPOLY;FSU;UCF;UF;UNF;USF
MUE4480,MARCHING BAND TECHNIQUES,9,yes,queued,FAMU;FAU;FGCU;FIU;FSU;UF;UNF;USF;UWF
MUN3313,CONCERT CHOIR,9,yes,queued,FAMU;FGCU;FIU;FLAC;UCF;UF;UNF;USF;UWF
MUS4905,DIRECTED STUDY,9,no,,FAMU;FAU;FIU;FSU;UCF;UF;UNF;USF;UWF
MVB3331,PRINCIPAL APPLIED TRUMPET,9,yes,queued,EWU;FAMU;FAU;FIU;FLAC;FSU;UNF;USF;UWF
MVB3332,PRINCIPAL APPLIED FRENCH HORN,9,yes,queued,EWU;FAMU;FAU;FIU;FLAC;FSU;UNF;USF;UWF
MVB3333,PRINCIPAL APPLIED TROMBONE,9,yes,queued,EWU;FAMU;FAU;FIU;FLAC;FSU;UNF;USF;UWF
MVB3334,PRINCIPAL APPLIED BARITONE HORN,9,yes,queued,EWU;FAMU;FAU;FIU;FLAC;FSU;UNF;USF;UWF
MVB3335,PRINCIPAL APPLIED TUBA,9,yes,queued,EWU;FAMU;FAU;FIU;FLAC;FSU;UNF;USF;UWF
MVB4341,PRINCIPAL APPLIED TRUMPET,9,yes,queued,EWU;FAMU;FAU;FIU;FLAC;FSU;UNF;USF;UWF
MVB4342,PRINCIPAL APPLIED FRENCH HORN,9,yes,queued,EWU;FAMU;FAU;FIU;FLAC;FSU;UNF;USF;UWF
MVB4343,PRINCIPAL APPLIED TROMBONE,9,yes,queued,EWU;FAMU;FAU;FIU;FLAC;FSU;UNF;USF;UWF
MVB4345,PRINCIPAL APPLIED TUBA,9,yes,queued,EWU;FAMU;FAU;FIU;FLAC;FSU;UNF;USF;UWF
MVK3331,PRINCIPAL APPLIED PIANO,9,yes,queued,EWU;FAMU;FAU;FIU;FLAC;FSU;UNF;USF;UWF
MVK4341,PRINCIPAL APPLIED PIANO,9,yes,queued,EWU;FAMU;FAU;FIU;FLAC;FSU;UNF;USF;UWF
MVP3331,PRINCIPAL APPLIED PERCUSSION,9,yes,queued,EWU;FAMU;FAU;FIU;FLAC;FSU;UNF;USF;UWF
MVS1412,VIOLA,9,no,,FAU;FIU;FSU;SFC;SPC;UCF;UF;UNF;USF
MVS1413,CELLO,9,no,,FAU;FIU;FSU;SPC;SSCF;UCF;UF;UNF;USF
MVS4346,PRINCIPAL APPLIED GUITAR,9,yes,queued,EWU;FAMU;FAU;FIU;FLAC;FSU;UCF;UNF;UWF
MVW3331,PRINCIPAL APPLIED FLUTE,9,yes,queued,EWU;FAMU;FAU;FIU;FLAC;FSU;UNF;USF;UWF
MVW3332,PRINCIPAL APPLIED OBOE,9,yes,queued,EWU;FAMU;FAU;FIU;FLAC;FSU;UNF;USF;UWF
MVW4341,PRINCIPAL APPLIED FLUTE,9,yes,queued,EWU;FAMU;FAU;FIU;FLAC;FSU;UNF;USF;UWF
MVW4342,PRINCIPAL APPLIED OBOE,9,yes,queued,EWU;FAMU;FAU;FIU;FLAC;FSU;UNF;USF;UWF
PCB4674C,EVOLUTION,9,no,,FAMU;FGCU;FIU;FSU;MDC;SPC;UF;UNF;USF
PHZ3113C,MATHEMATICAL PHYSICS,9,no,,FAMU;FGCU;FIU;FLPOLY;FSU;UCF;UF;UNF;USF
POS4905,INDEPENDENT STUDY,9,no,,FAMU;FAU;FGCU;FIU;FSU;UF;UNF;USF;UWF
PSY4604,HISTORY AND SYSTEMS OF PSYCHOLOGY,9,no,,EWU;FAMU;FAU;FGCU;FNU;FSU;UCF;UNF;USF
SOW4522,FIELD SEMINAR I,9,yes,queued,EWU;FAMU;FGCU;FIU;FSU;UCF;UNF;USF;UWF
STA4321,INTRODUCTION TO MATHEMATICAL STATISTICS I,9,yes,queued,EWU;FAMU;FIU;FSU;UCF;UF;UNF;USF;UWF
ZOO4513C,ANIMAL BEHAVIOR,9,yes,queued,FAMU;FGCU;FIU;FSU;SPC;UCF;UNF;USF;UWF
ANT2140,INTRODUCTION TO ARCHAEOLOGY,8,no,,BC;CF;FSCJ;TSC;UCF;UF;UNF;VC
ART2203C,THREE-DIMENSIONAL DESIGN,8,yes,queued,CF;EFSC;FSCJ;SJRSC;UCF;UNF;USF;UWF
ART2301C,DRAWING II,8,no,,CF;FAMU;FSU;HC;MDC;UCF;UNF;USF
BOT2010C,GENERAL BOTANY,8,yes,queued,BC;FGC;PESC;SFC;UF;UNF;UWF;VC
CCJ4905,DIRECTED INDIVIDUAL STUDY,8,no,,FAMU;FAU;FNU;FSU;STU;UF;UNF;UWF
CHM4130L,INSTRUMENTAL ANALYSIS LAB,8,yes,queued,FAMU;FGCU;FIU;FSU;UCF;UF;UNF;UWF
CHM4930,SENIOR SEMINAR,8,no,,FAMU;FAU;FGCU;FIU;UCF;UF;UNF;UWF
COM4930,SPECIAL TOPICS IN COMMUNICATION,8,no,,FAU;FGCU;FIU;FLAC;FSU;STU;UF;UNF
CRW2300,INTRODUCTION TO POETRY WRITING,8,no,,FSWSC;NWFSC;PBSC;PESC;SFC;UF;UNF;VC
DEP2002,CHILD PSYCHOLOGY,8,no,,BC;FSCJ;LSSC;PHSC;SCFMS;SFC;SJRSC;UNF
ECO4400,GAME THEORY AND ECONOMIC APPLICATIONS,8,no,,FAU;FIU;FLPOLY;FSU;UCF;UF;UNF;USF
ECP3302,ENVIRONMENTAL ECONOMICS,8,no,,FGCU;FIU;FSU;STU;UCF;UF;UNF;USF
EEL6971,MASTER'S THESIS RESEARCH,8,no,,FAMU;FAU;FIU;FSU;UCF;UF;UNF;USF
EML4312,DESIGN & ANALYSIS OF CONTROL SYSTEMS,8,no,,FAMU;FAU;FIU;FSU;UCF;UF;UNF;USF
EML4905,INDEPENDENT STUDY,8,no,,FAMU;FAU;FIU;FSU;UF;UNF;USF;UWF
EXP3604C,COGNITIVE PSYCHOLOGY,8,no,,FAU;FNU;FSU;STU;TCF;UCF;UF;UNF
GEB2112,ENTREPRENEURSHIP,8,no,,BC;EWU;MDC;PHSC;RU;SSCF;UNF;VC
GEB4941,INTERNSHIP,8,no,,FAMU;FSU;NWFSC;SFBC;UCF;UF;UNF;USF
GER2200,INTERMEDIATE GERMAN I,8,no,,FIU;FSCJ;SCFMS;SSCF;UCF;UF;UNF;USF
GRA2160C,COMPUTER ANIMATION,8,no,,IRSC;NFC;PBSC;SCFMS;SSCF;UNF;USF;VC
HIS6971,MASTER'S THESIS,8,no,,FAMU;FAU;FGCU;FIU;UCF;UF;UNF;USF
HSA4553,ETHICS IN HEALTHCARE,8,no,,EFSC;EU;EWU;PBSC;PSC;RU;SSCF;UNF
HSA4850,CAPSTONE,8,no,,EFSC;FAMU;FIU;GCSC;SCFMS;UCF;UNF;VC
HSC4730,PUBLIC HEALTH RESEARCH,8,yes,queued,EWU;FAMU;FSCJ;IRSC;SSCF;UCF;UNF;UWF
LAE4335,LANG ARTS METHODS 6-12,8,no,,CC;FGCU;FIU;FSU;SPC;UF;UNF;USF
MAD4401,NUMERICAL ANALYSIS,8,yes,queued,EWU;FAU;FGCU;STU;UF;UNF;USF;UWF
MAN4600,INTERNATIONAL MANAGEMENT,8,no,,EWU;FIU;PHSC;SSCF;UCF;UNF;USF;VC
MAP4103,MATHEMATICAL MODELING,8,no,,FAMU;FAU;FLPOLY;FSU;STU;UCF;UNF;USF
MAS4302,ABSTRACT ALGEBRA II,8,no,,FAU;FGCU;FIU;FSU;UCF;UF;UNF;USF
MCB4203C,PATHOGENIC MICROBIOLOGY,8,yes,queued,EFSC;FAU;FGCU;FSCJ;UF;UNF;USF;UWF
MSL3201L,LEADERSHIP AND PROBLEM SOLVING LAB,8,no,,FAMU;FAU;FIU;FSCJ;FSU;PSC;SFC;UNF
MSL3202L,LEADERSHIP AND ETHICS LAB,8,no,,FAMU;FAU;FIU;FSCJ;FSU;PSC;SFC;UNF
MSL4302L,OFFICER LEADERSHIP LAB,8,no,,FAMU;FAU;FIU;FSCJ;FSU;PSC;SFC;UNF
MUE2450,WOODWIND TECHNIQUES,8,no,,CF;EWU;FAMU;FAU;FLAC;UCF;UF;UNF
MUE4940,MUSIC EDUCATION INTERNSHIP,8,no,,FAU;FIU;FLAC;FSU;UF;UNF;USF;UWF
MUH3211,MUSIC HISTORY I,8,yes,queued,EWU;FAMU;FGCU;FIU;FLAC;UF;UNF;UWF
MUN3713,JAZZ ENSEMBLE,8,yes,queued,FAMU;FIU;FLAC;UCF;UF;UNF;USF;UWF
MVB4344,PRINCIPAL APPLIED BARITONE HORN,8,yes,queued,EWU;FAMU;FAU;FIU;FLAC;FSU;UNF;UWF
MVP4341,PRINCIPAL APPLIED PERCUSSION,8,yes,queued,FAMU;FAU;FIU;FLAC;FSU;UNF;USF;UWF
MVS2422,VIOLA,8,no,,FAU;FIU;FSU;SPC;UCF;UF;UNF;USF
MVS3334,PRINCIPAL APPLIED DOUBLE BASS,8,yes,queued,FAMU;FAU;FIU;FLAC;FSU;UNF;USF;UWF
MVS3336,PRINCIPAL APPLIED GUITAR,8,yes,queued,EWU;FAMU;FAU;FIU;FLAC;FSU;UNF;UWF
MVS3431,VIOLIN,8,no,,FAU;FGCU;FIU;FSU;UCF;UF;UNF;USF
MVS3432,VIOLA,8,no,,FAU;FGCU;FIU;FSU;UCF;UF;UNF;USF
MVS3433,CELLO,8,no,,FAU;FGCU;FIU;FSU;UCF;UF;UNF;USF
MVS4344,PRINCIPAL APPLIED DOUBLE BASS,8,yes,queued,FAMU;FAU;FIU;FLAC;FSU;UNF;USF;UWF
MVS4441,VIOLIN,8,no,,FAU;FGCU;FIU;FSU;UCF;UF;UNF;USF
MVS4442,VIOLA,8,no,,FAU;FGCU;FIU;FSU;UCF;UF;UNF;USF
MVS4443,CELLO,8,no,,FAU;FGCU;FIU;FSU;UCF;UF;UNF;USF
MVW3333,PRINCIPAL APPLIED CLARINET,8,yes,queued,FAMU;FAU;FIU;FLAC;FSU;UNF;USF;UWF
MVW3334,PRINCIPAL APPLIED BASSOON,8,yes,queued,FAMU;FAU;FIU;FLAC;FSU;UNF;USF;UWF
MVW3335,PRINCIPAL APPLIED SAXOPHONE,8,yes,queued,FAMU;FAU;FIU;FLAC;FSU;UNF;USF;UWF
MVW4344,PRINCIPAL APPLIED BASSOON,8,yes,queued,FAMU;FAU;FIU;FLAC;FSU;UNF;USF;UWF
NGR6718,EVALUATION IN NURSING EDUCATION,8,no,,FAU;FGCU;FIU;FNU;UCF;UNF;USF;UWF
NUR2930C,SPECIAL TOPICS,8,no,,BC;EFSC;GCSC;SCFMS;SFC;SFSC;UCF;UNF
PCB4253C,DEVELOPMENTAL BIOLOGY,8,yes,queued,FAU;FGCU;FIU;FSU;SPC;UF;UNF;UWF
PEL1121,GOLF,8,no,,EFSC;FAMU;FIU;FSU;MDC;SSCF;UNF;USF
PHI3640,ENVIRONMENTAL ETHICS,8,yes,queued,FAU;FIU;STU;UCF;UF;UNF;USF;UWF
PHI3700,PHILOSOPHY OF RELIGION,8,yes,queued,FAMU;FIU;FSU;UCF;UF;UNF;USF;UWF
PHI4905,DIRECTED STUDY,8,no,,FAMU;FAU;FGCU;FSU;UF;UNF;USF;UWF
PHY4910C,UNDERGRADUATE RESEARCH,8,no,,FAU;FGCU;FLPOLY;FSU;STU;UNF;USF;UWF
PPE4003,THEORIES OF PERSONALITY,8,yes,queued,EWU;FAU;FGCU;FLAC;STU;UNF;USF;UWF
PSB3002C,PHYSIOLOGICAL PSYCHOLOGY,8,no,,EWU;FAMU;FAU;FIU;FNU;UCF;UF;UNF
PSY6971,THESIS,8,no,,FAMU;FAU;FIU;UCF;UF;UNF;USF;UWF
REE4204,REAL ESTATE FINANCE,8,no,,FAMU;FAU;FGCU;FIU;FSU;UCF;UF;UNF
SPM2000,INTRODUCTION TO SPORT MANAGEMENT,8,no,,CC;EWU;FSCJ;SCFMS;SJRSC;TSC;UF;UNF
SPM3306,SPORT MARKETING,8,yes,queued,EFSC;EWU;FNU;KU;TCJ;UF;UNF;UWF
SPM4505,SPORT FINANCE,8,yes,queued,EFSC;EWU;FIU;FNU;FSU;KU;UNF;UWF
STA4222,SAMPLE SURVEY DESIGN,8,yes,queued,EWU;FAU;FSU;UCF;UF;UNF;USF;UWF
STA4502,NONPARAMETRIC STATISTICAL METHODS,8,no,,EWU;FGCU;FIU;FSU;UCF;UF;UNF;USF
TSL4324C,ESOL STRATEGIES FOR CONTENT AREA TEACHERS,8,no,,EFSC;FAU;FIU;FSU;MDC;UF;UNF;USF
ACG4941,ACCOUNTING INTERNSHIP,7,no,,FAMU;FSU;SFC;UCF;UF;UNF;UWF
ADV3008,PRINCIPLES OF ADVERTISING,7,no,,FGCU;FIU;FSU;UCF;UF;UNF;USF
ANT2930,SPECIAL TOPICS,7,no,,HC;SCFMS;SFC;SSCF;UCF;UNF;VC
ANT4905,DIRECTED STUDY,7,no,,FAMU;FAU;FIU;UF;UNF;USF;UWF
ARH4905,DIRECTED INDIVIDUAL STUDY,7,no,,FAU;FGCU;FIU;FSU;UF;UNF;UWF
ART4905C,DIRECTED INDIVIDUAL STUDY,7,no,,FAMU;FAU;FSU;UF;UNF;USF;UWF
ART4940C,INTERNSHIP,7,no,,FAU;FGCU;FIU;UF;UNF;USF;UWF
AST2002C,ASTRONOMY,7,no,,FAU;FGCU;FSWSC;NCF;UCF;UNF;USF
BCN4612C,ADVANCED CONSTRUCTION ESTIMATING,7,no,,EU;FGCU;FIU;SPC;SSCF;UF;UNF
BOT4503C,PLANT PHYSIOLOGY,7,yes,queued,FAU;FGCU;FIU;FSU;UCF;UNF;UWF
CEG3011C,SOIL MECHANICS,7,yes,queued,FAMU;FAU;FGCU;FLPOLY;FSU;UNF;UWF
CHM3610,INORGANIC CHEMISTRY,7,no,,FAMU;FGCU;FIU;MDC;UF;UNF;USF
CIS4362C,INTRODUCTION TO CRYPTOLOGY,7,no,,FAMU;FAU;FLPOLY;RU;UF;UNF;USF
CIS4930,SPECIAL TOPICS,7,no,,FAMU;FIU;FSU;UCF;UF;UNF;USF
CIS6930,SPECIAL TOPICS,7,no,,EWU;FIU;FSU;UCF;UF;UNF;USF
COM4022C,HEALTH COMMUNICATION,7,no,,FAU;FIU;FSU;UCF;UF;UNF;USF
COP4620,COMPILERS,7,no,,FAMU;FLPOLY;FSU;KU;UF;UNF;USF
ECO4713,INTERNATIONAL MACROECONOMICS,7,no,,FAMU;FAU;FIU;FSU;UCF;UNF;USF
EDA7980,DISSERTATION,7,no,,FAMU;FAU;FIU;UCF;UF;UNF;USF
EDE4936C,SEMINAR IN ELEMENTARY EDUCATION,7,no,,FGC;FGCU;FIU;IRSC;SSCF;UNF;VC
EEL4930,SPECIAL TOPICS IN ELECTRICAL ENGINEERING,7,no,,FAU;FIU;FLPOLY;FSU;UF;UNF;UWF
EEX3070,TEACHING EXCEPTIONAL STUDENTS,7,yes,queued,DORAL;FIU;NWFSC;SFSC;UF;UNF;UWF
EEX4905,DIRECTED STUDY,7,no,,FAU;FGCU;FIU;FSU;UF;UNF;UWF
EML4501C,MACHINE DESIGN,7,no,,FAMU;FIU;FSU;UCF;UF;UNF;USF
EML4930,SPECIAL TOPICS IN MECHANICAL ENGINEERING,7,no,,FAMU;FAU;FIU;FSU;UF;UNF;USF
ENL4251,VICTORIAN LITERATURE,7,yes,queued,FAMU;FAU;FIU;FLAC;FSU;UNF;UWF
FIN4414,FINANCIAL MANAGEMENT,7,yes,queued,EFSC;FAMU;SPC;UF;UNF;USF;UWF
FIN4453,FINANCIAL MODELING,7,no,,FAMU;FLAC;FSU;UCF;UF;UNF;USF
FIN4514,SECURITY ANALYSIS AND PORTFOLIO MANAGEMENT,7,yes,queued,FAMU;FGCU;FSU;UCF;UNF;USF;UWF
FIN4533,FINANCIAL DERIVATIVES,7,no,,FAU;FGCU;FSU;UCF;UF;UNF;USF
FIN4941,FINANCE INTERNSHIP,7,no,,FAMU;FGCU;FIU;FSU;UCF;UNF;UWF
FIN6406,FINANCIAL MANAGEMENT,7,no,,FAU;FGCU;FIU;UCF;UNF;USF;UWF
GEO2200C,PHYSICAL GEOGRAPHY,7,no,,BC;FAU;FSU;SFC;UF;UNF;USF
GER2201,INTERMEDIATE GERMAN II,7,no,,FAU;FSCJ;MDC;SCFMS;SSCF;UCF;UNF
HSA6342,HEALTHCARE HUMAN RESOURCES,7,no,,FAMU;FGCU;FNU;UCF;UF;UNF;UWF
HSA6385,QUALITY MANAGEMENT IN HEALTH CARE,7,no,,FAMU;FAU;FGCU;UCF;UF;UNF;UWF
ISM4113,SYSTEMS DESIGN,7,yes,queued,FIU;FSU;KU;SPC;UF;UNF;UWF
LIT4930,SPECIAL TOPICS,7,no,,FAU;FGCU;FIU;FLPOLY;UF;UNF;USF
MAA4211,ADVANCED CALCULUS I,7,yes,queued,EWU;FAMU;FIU;UF;UNF;USF;UWF
MAE4330,HOW ADOLESCENTS LEARN MATHEMATICS,7,no,,BC;CC;FIU;FSU;SPC;UNF;USF
MHS6401,COUNSELING TECHNIQUES,7,no,,FAMU;FAU;FGCU;FSU;UCF;UF;UNF
MHS6470,HUMAN SEXUALITY ISSUES FOR COUNSELORS,7,no,,FAMU;FAU;FGCU;FIU;UCF;UNF;USF
MHS6600,SEMINAR: CONSULTATION SKILLS,7,no,,FAMU;FAU;FGCU;FIU;FSU;UCF;UNF
MUC2221,MUSIC COMPOSITION II,7,no,,EFSC;FAMU;FIU;FSU;SCFMS;UNF;USF
MUG3104,BASIC CONDUCTING,7,yes,queued,FGCU;FLAC;FSU;UCF;UNF;USF;UWF
MUN2710,JAZZ ENSEMBLE,7,no,,CC;FSU;GCSC;IRSC;PBSC;UNF;VC
MUT2642,JAZZ IMPROVISATION II,7,no,,BC;EFSC;FIU;FSU;MDC;UNF;USF
MUT3611,FORM AND ANALYSIS,7,yes,queued,EWU;FAMU;FGCU;FIU;UF;UNF;UWF
MVJ1210,SECONDARY JAZZ PIANO,7,no,,BC;FIU;FSWSC;MDC;PBSC;SPC;UNF
MVW4343,PRINCIPAL APPLIED CLARINET,7,yes,queued,FAMU;FAU;FIU;FLAC;FSU;UNF;UWF
MVW4345,PRINCIPAL APPLIED SAXOPHONE,7,yes,queued,FAMU;FAU;FIU;FLAC;FSU;UNF;UWF
NGR6538,PSYCHOPHARMACOLOGY FOR ADVANCED PRACTICE NURSING,7,no,,FAU;FGCU;FIU;FNU;UF;UNF;USF
NUR3678,NURSING CARE OF VULNERABLE POPULATIONS,7,no,,BC;LSSC;PBSC;SSCF;UNF;USF;VC
PAD6417,HUMAN RESOURCE MANAGEMENT,7,no,,FAU;FGCU;FIU;UCF;UNF;USF;UWF
PHH3100,ANCIENT PHILOSOPHY,7,yes,queued,FAMU;FAU;FIU;UCF;UF;UNF;UWF
PHI3300,EPISTEMOLOGY,7,no,,FAMU;FAU;FGCU;FIU;FSU;UF;UNF
PHI3681,ETHICS - DATA - AND TECHNOLOGY,7,no,,FGCU;FIU;FSU;TSC;UCF;UF;UNF
PHP3786,EXISTENTIALISM,7,yes,queued,FGCU;FSU;UCF;UF;UNF;USF;UWF
PHY1020L,FUNDAMENTAL PHYSICS LAB,7,no,,FAMU;FIU;FNU;FSU;SJRSC;SSCF;UNF
PHY4905,DIRECTED INDEPENDENT STUDY,7,no,,FAU;FGCU;FIU;FSU;UF;UNF;UWF
POS3413,THE AMERICAN PRESIDENCY,7,yes,queued,FAMU;FIU;KU;STU;UCF;UNF;UWF
PSY4302C,PSYCHOLOGICAL TESTING,7,yes,queued,FAMU;FAU;FIU;FSU;KU;UNF;UWF
PUR4800C,PUBLIC RELATIONS CAMPAIGNS,7,yes,queued,FAMU;FGCU;FIU;FSU;UF;UNF;UWF
RED4335,SUBJECT AREA READING,7,no,,EFSC;FAU;FSU;FSWSC;STU;UNF;USF
REE4303,REAL ESTATE INVESTMENT,7,no,,FAU;FIU;FLAC;UCF;UF;UNF;USF
RTV3531C,MULTIMEDIA 1,7,no,,FAU;FIU;FSU;KU;UCF;UIC;UNF
SOW4602,SOCIAL WORK IN HEALTH SETTINGS,7,no,,EWU;FAMU;FGCU;FSU;UCF;UNF;USF
SPM4723,SPORT LAW,7,yes,queued,EWU;FSU;LSSC;UCF;UF;UNF;UWF
SPN4905,DIRECTED STUDY,7,no,,FAMU;FAU;FIU;FSU;UF;UNF;UWF
STA4322,PROBABILITY II,7,no,,EWU;FIU;FSU;UCF;UF;UNF;USF
STA4930,SPECIAL TOPICS IN STATISTICS,7,no,,FAU;FGCU;FIU;FSU;UF;UNF;USF
SYA4905,DIRECTED INDIVIDUAL STUDY,7,no,,FAMU;FAU;FIU;FSU;UF;UNF;UWF
SYD3700,RACE AND ETHNIC RELATIONS,7,no,,FAMU;FAU;STU;UCF;UF;UNF;USF
SYO3530,SOCIAL STRATIFICATION,7,no,,FAMU;FAU;FGCU;FSU;UCF;UNF;USF
TSL4520,SECOND LANGUAGE ACQUISITION,7,no,,FGCU;FSU;HSBC;SSCF;STU;UCF;UNF
ACG4901,DIRECTED INDIVIDUAL STUDY,6,no,,FAMU;FAU;FGCU;FIU;FSU;UNF
ACG6905,DIRECTED STUDY,6,no,,FAU;FGCU;UF;UNF;USF;UWF
AMH3571,BLACK AMERICAN HISTORY I,6,no,,FAMU;FAU;FGCU;UCF;UNF;USF
ANT4940,ANTHROPOLOGY INTERNSHIP,6,no,,FAU;FGCU;FSU;UF;UNF;USF
APK4125C,EXERCISE PRESCRIPTION,6,yes,queued,FIU;FLAC;UCF;UF;UNF;UWF
ART3930C,SPECIAL TOPICS,6,no,,FIU;FSU;UCF;UF;UNF;UWF
ASH3223,THE MODERN MIDDLE EAST,6,no,,FAU;FIU;FLAC;UCF;UF;UNF
BCH4024,MEDICAL BIOCHEMISTRY,6,no,,EFSC;FSCJ;SPC;UCF;UF;UNF
BCN4709C,CONSTRUCTION PROJECT MANAGEMENT,6,no,,EU;FGCU;SPC;SSCF;UF;UNF
BSC4940,BIOLOGY INTERNSHIP,6,no,,FGCU;MDC;SPC;UNF;USF;UWF
BSC4941,INTERNSHIP IN BIOTECHNOLOGY,6,no,,FGCU;FSU;SFC;UCF;UNF;UWF
BSC6971,MASTERS THESIS,6,no,,FAU;FIU;UCF;UNF;USF;UWF
CAI4105,MACHINE LEARNING,6,no,,FGCU;FIU;FSWSC;UCF;UNF;USF
CCJ4663,WOMEN AND CRIME,6,no,,EWU;FGCU;FIU;FSU;STU;UNF
CEN4083,INTRODUCTION TO CLOUD COMPUTING,6,no,,FGCU;FIU;FLPOLY;KU;SFC;UNF
CES3100C,STRUCTURAL ANALYSIS,6,yes,queued,FAMU;FGCU;FIU;FSU;UNF;UWF
CHM3610L,INORGANIC CHEMISTRY LABORATORY,6,no,,FAMU;FGCU;FIU;UF;UNF;USF
CIS4365,COMPUTER SECURITY POLICIES AND DISASTER PREPAREDNESS,6,no,,FIU;FNU;KU;SJRSC;UNF;USF
CLP4134,ABNORMAL CHILD PSYCHOLOGY,6,no,,FIU;FSU;UCF;UF;UNF;USF
CLP4143,ABNORMAL PSYCHOLOGY,6,no,,FAMU;FGCU;FLAC;STU;UNF;USF
CNT4504,COMPUTER NETWORKS,6,no,,FAMU;FIU;FLPOLY;FSU;SSCF;UNF
ECO4223,MONEY AND BANKING,6,no,,FAMU;FAU;KU;RU;STU;UNF
ECO4905,DIRECTED INDIVIDUAL STUDY,6,no,,FAMU;FAU;FSU;UF;UNF;UWF
ECO4941,ECONOMICS INTERNSHIP,6,no,,FGCU;FSU;UCF;UF;UNF;UWF
ECP3530,ECONOMICS OF HEALTH,6,yes,queued,EFSC;FIU;UF;UNF;USF;UWF
EDA6242,SCHOOL FINANCE,6,no,,DORAL;FGCU;FIU;UF;UNF;USF
EDA7905,DIRECTED INDEPENDENT STUDY,6,no,,FAMU;FAU;FIU;UCF;UNF;UWF
EDG4905,DIRECTED STUDY,6,no,,FAMU;FAU;FGCU;UF;UNF;UWF
EDG6285,EVALUATION OF SCHOOL PROGRAMS,6,no,,FAU;UCF;UF;UNF;USF;UWF
EDH6045,STUDENT AFFAIRS LEADERSHIP,6,no,,FAU;FGCU;FIU;UCF;UNF;UWF
EDH6635,ORG STRUCTURE-HIGHER ED,6,no,,FAMU;FAU;FGCU;FSU;UCF;UNF
EEL4905,INDEPENDENT STUDY,6,no,,FAU;FSU;UF;UNF;USF;UWF
EEL4914C,EE DESIGN 2,6,no,,FAMU;FLPOLY;FSU;UCF;UNF;USF
EEL4949,COOPERATIVE EDUCATION,6,no,,FAU;FIU;UCF;UF;UNF;UWF
EEL5820,DIGITAL IMAGE PROCESSING,6,no,,FAMU;FIU;FLPOLY;FSU;UCF;UNF
EML4551C,SENIOR DESIGN PROJECT I,6,no,,FAMU;FAU;FIU;FSU;UNF;USF
ENC3310,ADVANCED EXPOSITION,6,no,,FAU;FSU;UCF;UF;UNF;USF
ENL4220,RENAISSANCE LITERATURE,6,no,,FAU;FIU;FSU;STU;UF;UNF
ENL4230,18TH-CENTURY LITERATURE,6,no,,FAMU;FAU;FIU;FSU;UCF;UNF
ENL4240,BRITISH ROMANTIC LITERATURE,6,yes,queued,FAMU;FLAC;FSU;UCF;UNF;UWF
ENV3001C,ENVIRONMENTAL ENGINEERING,6,yes,queued,FAU;FIU;UCF;UF;UNF;UWF
ESC2000,INTRODUCTION TO EARTH SCIENCE,6,yes,queued,FAMU;FAU;GCSC;UNF;USF;UWF
FIN3124,FINANCIAL PLANNING,6,yes,queued,FSU;UCF;UF;UNF;USF;UWF
FIN4132,ESTATE PLANNING,6,yes,queued,FGCU;FSU;UF;UNF;USF;UWF
FIN4560,EQUITY FUND MANAGEMENT,6,yes,queued,FAU;FGCU;UCF;UNF;USF;UWF
FIN6515,INVESTMENTS,6,no,,FAU;FIU;UCF;UF;UNF;USF
FRE4930,SPECIAL TOPICS,6,no,,FAU;FGCU;FSU;UF;UNF;USF
GEO4905,DIRECTED STUDY,6,no,,FAU;FIU;FSU;UF;UNF;UWF
HSA3191,HEALTH INFORMATION SYSTEMS,6,no,,EFSC;FAU;FNU;SJRSC;SSCF;UNF
HSA3383,CONTINUOUS QUALITY MONITORING AND ACCREDITATION,6,no,,EU;KU;RU;SCFMS;SSCF;UNF
HSC2000,INTRODUCTION TO HEALTH PROFESSIONS,6,no,,NFC;STU;UCF;UF;UNF;USF
HSC3537,MEDICAL TERMINOLOGY,6,no,,EFSC;FGCU;FIU;UCF;UF;UNF
HUN3403,LIFECYCLE NUTRITION,6,no,,FSU;KU;SCFMS;UF;UNF;USF
LIT3930,SPECIAL TOPICS,6,no,,CC;FIU;FLPOLY;UCF;UNF;USF
MAD4203,INTRODUCTION TO COMBINATORICS,6,no,,FAMU;FIU;UCF;UF;UNF;USF
MAD4301,GRAPH THEORY,6,no,,FAU;FGCU;UCF;UF;UNF;USF
MAE4320,TEACHING MATHEMATICS IN MIDDLE SCHOOL,6,yes,queued,BC;FIU;FSU;UNF;USF;UWF
MAN4143,CONTEMPORARY LEADERSHIP CHALLENGES,6,no,,FGCU;FSU;RU;UCF;UNF;USF
MAT4906,INDEPENDENT STUDY,6,no,,FAMU;FAU;FGCU;FSU;UNF;USF
MHS5005,INTRODUCTION TO THE COUNSELING PROFESSION,6,no,,FAMU;FAU;FSU;UCF;UF;UNF
MHS6070,STUDY OF MENTAL DISORDERS FOR COUNSELORS,6,no,,FAMU;FAU;FGCU;UCF;UNF;USF
MHS6430,FAMILY COUNSELING,6,no,,FAMU;FAU;UCF;UF;UNF;USF
MHS6800,PRACTICUM IN MENTAL HEALTH COUNSELING,6,no,,FAMU;FAU;FGCU;FIU;UNF;USF
MUC3231,MUSIC COMPOSITION III,6,no,,FAMU;FIU;FSU;UF;UNF;USF
MUC4241,COMPOSITION,6,no,,FAMU;FIU;FSU;UF;UNF;USF
MUE2460,BRASS TECHNIQUES,6,no,,FAMU;FAU;FLAC;UCF;UF;UNF
MUE2470,PERCUSSION TECHNIQUES,6,no,,FAMU;FAU;FLAC;UCF;UF;UNF
MUE4331,CHORAL METHODS,6,no,,EWU;FAMU;FLAC;UCF;UNF;USF
MUE4332,INSTRUMENTAL METHODS,6,no,,EWU;FAMU;FLAC;UCF;UNF;USF
MUH2018,EVOLUTION OF JAZZ,6,no,,FGCU;FIU;FSWSC;PBSC;SCFMS;UNF
MUN2310,RAIDER SINGERS,6,no,,FSU;GCSC;IRSC;NWFSC;UNF;VC
MUN3443,PERCUSSION ENSEMBLE,6,yes,queued,FAMU;UCF;UF;UNF;USF;UWF
MUN3453,PIANO ENSEMBLE,6,no,,FAMU;FGCU;FLAC;UCF;UNF;USF
MUT1011C,HOW MUSIC WORKS,6,no,,GCSC;HSBC;SCFMS;UF;UNF;VC
MUT4311,ORCHESTRATION,6,yes,queued,FAU;FIU;FSU;UCF;UNF;UWF
MVJ1010,JAZZ PIANO I,6,no,,BC;FSWSC;MDC;SPC;UCF;UNF
MVJ2329,APPLIED SET DRUMS,6,no,,BC;FIU;FSU;MDC;UNF;USF
MVK4343,PRINCIPAL APPLIED ORGAN,6,yes,queued,FAMU;FAU;FIU;FSU;UNF;UWF
NGR6710,TEACH & ASSESS STRAT NSG ED,6,no,,FGCU;FNU;UF;UNF;USF;UWF
NGR6970,PROJECT,6,no,,FAMU;FAU;FIU;FNU;UF;UNF
NUR3065L,HEALTH ASSESSMENT,6,yes,queued,FAMU;FAU;FSU;UCF;UNF;UWF
NUR4828C,PROFESSIONAL NURSING III,6,yes,queued,FAMU;KU;UCF;UNF;USF;UWF
NUR4905,DIRECTED INDEPENDENT STUDY,6,no,,FAU;FGCU;FSU;UF;UNF;UWF
PAD4144,NONPROFIT MANAGEMENT,6,no,,EFSC;FAU;FSU;UCF;UNF;USF
PAD6207,PUBLIC FINANCIAL MANAGEMENT,6,no,,EWU;FAU;FIU;FSU;UCF;UNF
PAD6946,INTERNSHIP IN PUBLIC ADMINISTRATION,6,no,,FIU;UCF;UF;UNF;USF;UWF
PCB4234,BIOLOGY OF CANCER,6,no,,EFSC;FAU;FIU;UCF;UNF;USF
PCB4301C,FRESHWATER ECOLOGY,6,no,,BC;FAU;FIU;UCF;UNF;USF
PCB6675C,EVOLUTIONARY BIOLOGY,6,no,,FAU;FGCU;UCF;UF;UNF;USF
PGY3410C,INTERMEDIATE PHOTOGRAPHY,6,no,,FIU;FSU;UCF;UF;UNF;USF
PHC6000,EPIDEMIOLOGY,6,no,,FAMU;FIU;UCF;UF;UNF;UWF
PHC6002,INFECTIOUS DISEASE EPIDEMIOLOGY,6,no,,FAMU;FIU;FSU;UF;UNF;USF
PHC6945,PUBLIC HEALTH PRACTICUM,6,no,,FAMU;FIU;UF;UNF;USF;UWF
PHI2101,INTRODUCTION TO LOGIC,6,no,,FAMU;FAU;FIU;UCF;UNF;USF
PHI3320,PHILOSOPHY OF MIND,6,yes,queued,FAU;FIU;FSU;UCF;UNF;UWF
PHI3633,BIOETHICS,6,no,,FAU;FLAC;MDC;STU;UF;UNF
PHI3670,ETHICAL THEORY,6,yes,queued,FAU;FGCU;FSU;UCF;UNF;UWF
PHI4930,SPECIAL TOPICS,6,no,,FAU;FIU;FSU;UF;UNF;USF
PHM3400,PHILOSOPHY OF LAW,6,no,,FAU;FIU;FSU;UF;UNF;USF
PHY2930C,SPECIAL TOPICS,6,no,,LSSC;SCFMS;SFC;SSCF;UCF;UNF
PHY3424C,OPTICS,6,yes,queued,FAMU;FIU;FSU;STU;UNF;UWF
POS3142,URBAN POLITICS,6,no,,FAMU;FIU;FSU;STU;UNF;USF
POS3424,LEGISLATIVE PROCESS,6,yes,queued,FGCU;FIU;STU;UCF;UNF;UWF
POS3691,LAW AND SOCIETY,6,no,,FAMU;FAU;FGCU;FSU;UNF;USF
PUR3100,WRITING FOR PUBLIC RELATIONS,6,yes,queued,FGCU;FSU;STU;UCF;UNF;UWF
PUR4400C,CRISIS COMMUNICATIONS,6,yes,queued,FSU;KU;UCF;UF;UNF;UWF
RMI4135,EMPLOYEE BENEFIT PLANS,6,no,,FGCU;FIU;FSU;UCF;UNF;USF
RTV3543C,BROADCAST PRODUCTION,6,no,,FAU;FSU;STU;UCF;UNF;USF
SCE4330,SCIENCE METHODS: GRADES 6-12,6,no,,BC;CC;FGCU;FIU;UNF;USF
SOP3742,PSYCHOLOGY OF WOMEN,6,no,,FAU;FIU;FSU;UCF;UF;UNF
SOW3203,INTRODUCTION TO SOCIAL WORK,6,yes,queued,FAMU;FIU;FSU;UNF;USF;UWF
SOW4905,DIRECTED INDIVIDUAL STUDY,6,no,,FAMU;FAU;FIU;FSU;UNF;UWF
SOW5404,SOCIAL WORK RESEARCH,6,no,,FAMU;FIU;FSU;UCF;UNF;UWF
SPM5506,SPORT FINANCE,6,no,,FAMU;FAU;FIU;FSU;UF;UNF
SPN3300,ADVANCED SPANISH GRAMMAR AND COMPOSITION,6,no,,FGCU;FSU;UCF;UF;UNF;USF
STA4853,TIME SERIES ANALYSIS,6,no,,FAU;FGCU;FLPOLY;FSU;UF;UNF
STA6971,THESIS,6,no,,FIU;UCF;UF;UNF;USF;UWF
SYA3300,RESEARCH METHODS,6,no,,FAMU;FAU;FGCU;FIU;UNF;USF
SYA4930,SPECIAL TOPICS IN SOCIOLOGY,6,no,,FAMU;FAU;FSU;UF;UNF;USF
SYD3410,URBAN SOCIOLOGY,6,no,,EWU;FAMU;STU;UCF;UF;UNF
SYD3800,GENDER AND SOCIETY,6,no,,FAMU;FAU;FGCU;FSU;UCF;UNF
SYP4730,AGING IN SOCIETY,6,no,,FAMU;FIU;SFC;UCF;UF;UNF
TSL4340,TESOL METHODS,6,no,,DORAL;FGCU;FIU;IRSC;STU;UNF
ZOO3733C,HUMAN ANATOMY,6,no,,FGCU;IRSC;KU;SPC;UCF;UNF
ZOO4454C,ICHTHYOLOGY,6,yes,queued,FGCU;FIU;FSU;UNF;USF;UWF
ACG3103,INTERMEDIATE FINANCIAL ACCOUNTING I,5,no,,EWU;FGCU;MDC;UNF;USF
ACG4931,SPECIAL TOPICS,5,no,,FAU;RU;UF;UNF;USF
ADV4800,ADVERTISING CAMPAIGNS,5,no,,FIU;FSU;UF;UNF;USF
AFH3100,AFRICAN HISTORY TO 1850,5,no,,FGCU;UCF;UF;UNF;USF
AMH3630,AMERICAN ENVIRONMENTAL HISTORY,5,no,,FAU;FIU;UF;UNF;USF
ANT4352,PEOPLES OF AFRICA,5,no,,FSU;UCF;UF;UNF;USF
APK6111C,ADVANCED EXERCISE PHYSIOLOGY,5,no,,FAU;UCF;UNF;USF;UWF
APK6116C,EXERCISE PHYSIOLOGY I,5,no,,FAU;UCF;UF;UNF;USF
ART1205C,COLOR THEORY,5,no,,MDC;PBSC;SCFMS;TSC;UNF
ART3332C,FIGURE DRAWING,5,no,,FGCU;FIU;UCF;UF;UNF
ART3433C,SCREEN PRINTING,5,no,,FSU;UCF;UF;UNF;USF
ART3504C,INTERMEDIATE PAINTING,5,yes,queued,FIU;UCF;UF;UNF;UWF
ART3505C,PAINTING II,5,yes,queued,FAU;FGCU;STU;UNF;UWF
ART4642C,DIGITAL FABRICATION,5,no,,FIU;FSU;UF;UNF;USF
ATR5217C,PHYSICAL EXAMINATION I,5,no,,FIU;UCF;UNF;USF;UWF
BCH3023L,BIOCHEMISTRY LAB,5,no,,EWU;FSU;MDC;UNF;USF
BCN2280C,SURVEYING: CONSTRUCTION LAYOUT,5,no,,FIU;FSCJ;SCFMS;SSCF;UNF
BCN3762,CODES AND STANDARDS,5,yes,queued,EU;FIU;KU;UNF;UWF
BCN4720C,SCHEDULING,5,yes,queued,EU;FGCU;UF;UNF;UWF
BME4211C,BIOMECHANICS,5,no,,FAMU;FGCU;FIU;FSU;UNF
BSC3052,CONSERVATION BIOLOGY,5,no,,FAU;FSU;SPC;UCF;UNF
BUL4905,DIRECTED STUDY,5,no,,FAMU;FAU;UF;UNF;UWF
CCJ3014,CRIMINOLOGY,5,yes,queued,DORAL;FAU;UCF;UNF;UWF
CCJ3700,METH CRIMINAL JUSTICE RESEARCH,5,no,,FGCU;MDC;RU;STU;UNF
CCJ6705,RESEARCH METHODS IN CRIMINOLOGY,5,no,,FIU;UF;UNF;USF;UWF
CCJ6706,DATA ANALYSIS IN CRIMINAL JUSTICE,5,no,,FIU;FNU;UCF;UNF;USF
CDA4102,COMPUTER ARCHITECTURE,5,no,,FAMU;FAU;UF;UNF;USF
CES4711,PRESTRESSED CONCRETE,5,no,,FAMU;FAU;FIU;UF;UNF
CHM4411,PHYSICAL CHEMISTRY II,5,no,,FAMU;FSU;UF;UNF;USF
CHM4910C,CHEMICAL RESEARCH,5,no,,FGCU;FIU;STU;UF;UNF
CIS3949,COOPERATIVE EDUCATION,5,no,,FAMU;FIU;UCF;UNF;UWF
CIS4900,DIRECTED INDEPENDENT STUDY,5,no,,FAMU;FIU;FSU;UNF;USF
CIS6900,INDEPENDENT STUDY,5,no,,FIU;FSU;UCF;UNF;USF
CIS6970,THESIS,5,no,,FAU;FGCU;FIU;UCF;UNF
CNT4406,NETWORK SECURITY AND CRYPTOGRAPHY,5,no,,FAMU;FSU;IRSC;PBSC;UNF
COM3332,MEDIATED COMMUNICATION,5,no,,FIU;FSCJ;FSU;KU;UNF
COM4945,COMMUNICATION INTERNSHIP,5,no,,EWU;FSCJ;FSU;UCF;UNF
COP3703,INTRODUCTION TO DATABASES,5,no,,EFSC;FAMU;SJRSC;SSCF;UNF
COP3813C,INTERNET PROGRAMMING,5,yes,queued,EFSC;FAU;FSCJ;UNF;UWF
CPO6206,SEMINAR IN AFRICAN POLITICS,5,no,,FIU;UCF;UF;UNF;UWF
CRW2000,CREATIVE WRITING,5,no,,EWU;FLPOLY;LSSC;TCJ;UNF
CRW3110,FICTION WRITING,5,yes,queued,FAMU;FSU;UF;UNF;UWF
ECP3613,URBAN ECONOMICS,5,no,,FGCU;FIU;FLPOLY;UNF;USF
ECP6705,ADVANCED MANAGERIAL ECONOMICS,5,no,,FAU;FGCU;FIU;UNF;UWF
EDA6423,DATA ANALYSIS FOR SCHOOL IMPROVEMENT,5,no,,FIU;UCF;UF;UNF;UWF
EDA6945,INTERNSHIP I,5,no,,DORAL;FAU;FGCU;UNF;USF
EDH6505,FINANCE IN HIGHER EDUCATION,5,no,,FGCU;FSU;UCF;UNF;UWF
EEC3731,MOVEMENT AND WELLNESS FOR THE YOUNG CHILD,5,no,,FAMU;FGC;SCFMS;UF;UNF
EEC4604C,CLASSROOM MANAGEMENT AND GUIDANCE OF YOUNG CHILDREN,5,no,,FAMU;FSU;UCF;UNF;USF
EEC4942,FIELD EXPERIENCE II,5,no,,FGCU;UCF;UF;UNF;USF
EEL4220,ELECTROMECHANICAL DYNAMICS,5,no,,FAMU;FAU;FLPOLY;FSU;UNF
EEL4906,HONORS WORK IN ELECTRICAL ENGINEERING,5,no,,FAMU;FSU;UCF;UNF;USF
EEL4915C,EE SENIOR DESIGN PROJECT II,5,no,,FAMU;FLPOLY;FSU;UNF;USF
EEL5613,MODERN CONTROL,5,no,,FAMU;FAU;FLPOLY;FSU;UNF
EEX4604,BEHAVMGMT SPECNEED/ATRISK STUD,5,no,,FAU;FGCU;SCFMS;SJRSC;UNF
EEX4930,SPECIAL TOPICS IN SPECIAL EDUCATION,5,no,,FGCU;FSU;MDC;SSCF;UNF
EIN3390C,MANUFACTURING PROCESSES,5,no,,FAMU;FIU;FLPOLY;FSU;UNF
EML3100,THERMODYNAMICS,5,no,,FAMU;FLPOLY;FSU;UF;UNF
EML4421,INTERNAL COMBUSTION ENGINES,5,no,,FAMU;FIU;FLPOLY;FSU;UNF
EML4949,CO-OP WORK EXPERIENCE,5,no,,FAU;FIU;UCF;UF;UNF
ENC4260,APPLIED TECHNICAL WRITING,5,no,,FIU;FLPOLY;UF;UNF;USF
ENC4930,SELECTED TOPICS IN WRITING,5,no,,FAU;FGCU;FIU;UF;UNF
ESI4221C,QUALITY ENGINEERING,5,no,,FLPOLY;UCF;UF;UNF;USF
EUH3206,20TH CENTURY EUROPE,5,no,,FAU;FSU;UF;UNF;USF
EUH3411,ANCIENT ROME,5,yes,queued,FIU;FLAC;UCF;UNF;UWF
FIN3140,PERSONAL FINANCE,5,no,,FAU;FIU;FSU;FSWSC;UNF
FIN4128,FINANCIAL PLAN DEVELOPMENT,5,yes,queued,FGCU;UF;UNF;USF;UWF
FIN4604,INTERNATIONAL FINANCE,5,no,,FAU;FIU;FSU;UCF;UNF
FIN6779,FINTECH PRACTICUM,5,no,,FIU;UCF;UF;UNF;USF
FRE4905,DIRECTED STUDY,5,no,,FSU;UF;UNF;USF;UWF
FRW3100,SURVEY OF FRENCH LITERATURE I,5,no,,FAMU;FSU;UCF;UF;UNF
GEO4930,SPECIAL TOPICS IN GEOGRAPHY,5,no,,FAU;FSU;UF;UNF;USF
GIS3043C,INTRODUCTION TO GEOGRAPHIC INFORMATION SYSTEMS,5,no,,CFK;FIU;UCF;UF;UNF
GRA2208C,TYPOGRAPHY,5,yes,queued,FAU;SFC;UF;UNF;UWF
GRA3512C,VISUAL IDENTITY,5,no,,FAMU;FGCU;FIU;IRSC;UNF
GRA4930C,SPECIAL TOPICS IN GRAPHIC DESIGN,5,no,,IRSC;UF;UNF;USF;UWF
GRA4940C,GRAPHIC DESIGN INTERNSHIP,5,no,,FAU;FIU;UF;UNF;USF
HIS3051,HISTORICAL METHODS,5,no,,FAMU;FIU;FLAC;FSU;UNF
HIS4906,DIRECTED INDEPENDENT STUDY,5,no,,FAMU;FAU;FSU;UCF;UNF
HIS6905,DIRECTED STUDY,5,no,,FGCU;UCF;UF;UNF;UWF
HSA3430,HEALTH CARE ECONOMICS,5,no,,FAMU;FSWSC;SCFMS;UCF;UNF
HSC3032,FOUNDATIONS OF PUBLIC HEALTH,5,yes,queued,EFSC;FAMU;UF;UNF;UWF
IDS2931,FRONTIERS OF HUMAN KNOWLEDGE,5,no,,BC;FAU;FSU;UF;UNF
IDS3949,COOPERATIVE EDUCATION,5,no,,FAU;FIU;UCF;UNF;USF
IDS4890,SENIOR CAPSTONE,5,yes,queued,FIU;FLAC;FLPOLY;UNF;UWF
INP4004,INDUSTRIAL/ORGANIZATIONAL PSYCHOLOGY,5,no,,FGCU;FLAC;FNU;UNF;USF
INR4102,AMERICAN FOREIGN POLICY,5,yes,queued,FAMU;FSU;UCF;UNF;UWF
LIT6934,SPECIAL TOPICS,5,no,,FAU;FIU;UF;UNF;USF
MAA4212,ADVANCED CALCULUS II,5,no,,FAMU;FIU;UF;UNF;USF
MAE6336,MATH METHODS: 6-12,5,no,,FAU;FGCU;FIU;UNF;USF
MAN4956,STUDY ABROAD IN MANAGEMENT,5,no,,FAU;FIU;UCF;UF;UNF
MAN6581,PROJECT MANAGEMENT,5,no,,EU;FAU;UCF;UF;UNF
MAN6905,DIRECTED STUDY,5,no,,FAU;UF;UNF;USF;UWF
MAT6971,THESIS,5,no,,FAU;UF;UNF;USF;UWF
MHF3202,SETS & LOGIC,5,yes,queued,FAU;IRSC;UF;UNF;UWF
MHS6421,COUNSELING CHILDREN,5,no,,FAU;UCF;UF;UNF;USF
MHS6700,ETHICAL LEGAL - AND PROFESSIONAL ISSUES IN COUNSEL.,5,no,,FAU;FGCU;FIU;UNF;USF
MHS6830,COUNSELING INTERNSHIP,5,no,,FAMU;FAU;FGCU;UCF;UNF
MHS6930,SPECIAL TOPICS,5,no,,FAMU;FAU;FGCU;FSU;UNF
MHS6971,THESIS B,5,no,,FSU;UCF;UF;UNF;USF
MMC6971,MASTER'S THESIS,5,no,,FAU;UCF;UF;UNF;USF
MUE2440,STRING TECHNIQUES,5,no,,FIU;FLAC;UCF;UF;UNF
MUE6785,RESEARCH IN MUSIC EDUCATION,5,no,,FIU;UCF;UF;UNF;USF
MUL4400,PIANO LITERATURE,5,yes,queued,FAU;FIU;UF;UNF;UWF
MUN3323,CHORALE,5,yes,queued,FGCU;UCF;UF;UNF;UWF
MUN3343,CHAMBER SINGERS,5,no,,FGCU;FLAC;UF;UNF;USF
MUN3463,CHAMBER MUSIC,5,no,,FGCU;FIU;UCF;UF;UNF
MUN4714,CHAMBER JAZZ,5,yes,queued,FAU;FIU;FLAC;UNF;UWF
MUO3503,OPERA WORKSHOP,5,no,,FGCU;FSU;UF;UNF;USF
MVJ1319,APPLIED SET DRUMS,5,no,,BC;FSU;MDC;UNF;USF
MVJ4349,JAZZ DRUM SET IV,5,no,,FIU;FSU;UCF;UNF;USF
MVK3333,APP MUS PRIN ORGAN,5,yes,queued,FAU;FIU;FSU;UNF;UWF
MVK3702,ACCOMPANYING,5,yes,queued,FGCU;FIU;UF;UNF;UWF
MVK4241,APPLIED PIANO,5,no,,FGCU;FIU;FLAC;FSU;UNF
MVK4641C,PIANO PEDAGOGY,5,yes,queued,FAU;FSU;UNF;USF;UWF
MVV3970,JUNIOR RECITAL,5,no,,FSU;UCF;UF;UNF;UWF
MVV4640,VOCAL PEDAGOGY,5,yes,queued,FAU;UCF;UF;UNF;UWF
MVV4971,SENIOR RECITAL,5,no,,FLAC;FSU;UF;UNF;UWF
MVW3231,SECONDARY APPLIED FLUTE,5,no,,FAU;FIU;FLAC;FSU;UNF
MVW3233,SECONDARY APPLIED CLARINET,5,no,,FAU;FIU;FLAC;FSU;UNF
NGR5141,ADVANCED PATHOPHYSIOLOGY,5,no,,FAMU;FIU;FNU;UCF;UNF
NGR6400,CHEM & PHYSICS FOR ANESTHESIA,5,no,,FGCU;FIU;FSU;UNF;USF
NGR6460,PHARMACOLOGY OF ANESTHESIOLOGY NURSING I,5,no,,FGCU;FIU;FSU;UNF;USF
NGR6491,ADVANCED ANESTHESIOLOGY NURSING SEMINAR,5,no,,FGCU;FIU;FSU;UNF;USF
NGR7974,DOCTOR OF NURSING PRACTICE PROJECT,5,no,,FAU;FGCU;UCF;UNF;USF
NUR3128,PATHOPHYSIOLOGY,5,no,,CFK;GCSC;KU;UF;UNF
NUR3816,PROFESSIONAL NURSE SEMINAR,5,no,,FSU;RU;UCF;UF;UNF
NUR4635C,NURSING PROCESS VI,5,no,,FAMU;FLAC;RU;UNF;USF
PAD6335,STRATEGIC PLANNING,5,no,,FGCU;UCF;UNF;USF;UWF
PAD6934,SPECIAL TOPICS,5,no,,FAMU;FGCU;UCF;UNF;USF
PCB5235,IMMUNOLOGY,5,no,,FAMU;UCF;UF;UNF;UWF
PET4905,DIRECTED INDEPENDENT STUDY,5,no,,FAMU;FAU;UNF;USF;UWF
PHC6003,CHRONIC DISEASE EPIDEMIOLOGY,5,no,,FAMU;FIU;UF;UNF;UWF
PHC6050C,BIOSTATISTICS,5,no,,EU;FAMU;UF;UNF;USF
PHH3400,MODERN PHILOSOPHY,5,yes,queued,FAU;FSU;UF;UNF;UWF
PHI2630,CONTEMPORARY MORAL ISSUES,5,no,,FSU;LSSC;UF;UNF;USF
PHI3500,METAPHYSICS,5,yes,queued,FAMU;FIU;UF;UNF;UWF
PHI3800,AESTHETICS,5,yes,queued,FIU;FSU;UCF;UNF;UWF
PHI3930,SPECIAL TOPICS,5,no,,FAMU;FSU;UCF;UF;UNF
PHI5934,TOPICS IN PHILOSOPHY,5,no,,FIU;FSU;UCF;UF;UNF
PHM3020,PHILOSOPHY OF LOVE,5,no,,FAU;FSU;UCF;UNF;USF
PHY3722C,ELECTRONICS,5,yes,queued,FAU;FIU;UCF;UNF;UWF
PHY4523,STATISTICAL PHYSICS,5,no,,FAMU;FAU;UF;UNF;USF
PHZ4404,SOLID STATE PHYSICS,5,no,,FAMU;FIU;UCF;UF;UNF
PUR4801,PUBLIC RELATIONS CASES,5,yes,queued,FAMU;UCF;UNF;USF;UWF
REE4103,REAL ESTATE VALUATION,5,no,,FIU;FSU;UCF;UNF;USF
REL3111,RELIGION IN FILM,5,no,,BU;FIU;UCF;UNF;USF
REL4910,INDEPENDENT RESEARCH,5,no,,FIU;STU;UCF;UNF;USF
REL4932,SPECIAL TOPICS,5,no,,FLAC;FSU;UCF;UF;UNF
RTV3001,MEDIA TECHNIQUES,5,no,,FAMU;FSU;UF;UNF;USF
SDS6820,INTERNSHIP,5,no,,FAMU;FAU;FIU;UNF;USF
SOW4322,SOCIAL WORK PRACTICE WITH GROUPS,5,no,,FAMU;FAU;FIU;UCF;UNF
SOW4930,SPECIAL TOPICS IN SOCIAL WELFARE,5,no,,FAMU;FAU;FGCU;UNF;USF
SOW5235,SOCIAL WELFARE POLICY AND SERVICES,5,no,,FAMU;FIU;FSU;UCF;UNF
SPA4104,NEUROLOGICAL BASES OF COMMUNICATION,5,no,,FSU;UCF;UF;UNF;USF
SPM4940,ADVANCED CAREER PREPARATION,5,no,,EWU;FIU;KU;UF;UNF
SPW3030,INTRODUCTION TO HISPANIC LIT,5,no,,FAU;FSU;UF;UNF;USF
STA3032,PROBABILITY AND STATISTICS FOR ENGINEERS,5,no,,FLPOLY;FSU;UCF;UF;UNF
STA3163,STATISTICAL METHODS I,5,no,,EWU;FGCU;FIU;KU;UNF
STA3164,STATISTICAL METHODS II,5,no,,EWU;FAU;FIU;MDC;UNF
STA4202,DESIGN OF EXPERIMENTS,5,no,,FAMU;FIU;FSU;UNF;USF
STA4504,CATEGORICAL DATA ANALYSIS,5,no,,EWU;UCF;UF;UNF;USF
STA6326,MATHEMATICAL STATISTICS I,5,no,,FAU;FIU;UCF;UF;UNF
SYO4300,POLITICAL SOCIOLOGY,5,no,,FIU;FSU;UCF;UF;UNF
TRA4202,LOGISTICS SYSTEMS MANAGEMENT,5,yes,queued,CF;FSCJ;KU;UNF;UWF
TSL4240,ESOL CURRICULUM DEVELOPMENT,5,no,,EWU;LSSC;STU;UCF;UNF
TTE4201,TRAFFIC ENGINEERING,5,no,,FAMU;FIU;FSU;UF;UNF
ZOO4462C,HERPETOLOGY,5,no,,FIU;UCF;UF;UNF;USF
ACG6405,ADV ACCT INFORMATION SYSTEMS,4,no,,FGCU;FIU;UNF;UWF
ACG6835,ACCOUNTING ETHICS,4,no,,FIU;FSU;UCF;UNF
ADV3300,MEDIA PLANNING,4,yes,queued,FGCU;UNF;USF;UWF
AMH3130,REVOLUTIONARY AMERICA,4,no,,FGCU;FLAC;UNF;USF
AMH3170,CIVIL WAR/RECONSTRUCTION,4,no,,FLAC;STU;UNF;USF
AMH3403,MODERN SOUTH,4,yes,queued,FAMU;UCF;UNF;UWF
AMH6935,US HISTORY - 1877-1945,4,no,,FAU;UCF;UNF;USF
AML4242,20TH CENTURY AMERICAN LITERATURE,4,no,,FAU;FLAC;UF;UNF
ANT4241,ANTHROPOLOGY OF RELIGION,4,no,,FGCU;FSU;UNF;USF
ARH3930,SPECIAL TOPICS,4,no,,FIU;FSU;UCF;UNF
ARH4800,AESTHETICS OF ART,4,no,,FSU;UCF;UNF;USF
ARH4941,INTERNSHIP,4,no,,FIU;FSU;UCF;UNF
ART3442C,PRINTMAKING: INTAGLIO,4,yes,queued,FSU;UF;UNF;UWF
ART3560C,FIGURE PAINTING,4,no,,FIU;FSU;UF;UNF
ART4710C,ADVANCED SCULPTURE,4,no,,UCF;UF;UNF;USF
ASH3200,ANCIENT NEAR EAST,4,no,,FSU;UCF;UF;UNF
ATR5105C,ATHLETIC TRAINING TECHNIQUES,4,no,,FIU;UNF;USF;UWF
ATR5218C,PHYSICAL EXAMINATION II,4,no,,FIU;UNF;USF;UWF
BCH4033,BIOCHEMISTRY I,4,no,,FAMU;FGCU;UNF;USF
BCH4034,BIOCHEMISTRY II,4,no,,FAMU;FGCU;UNF;USF
BCN3223C,SOILS AND CONCRETE,4,no,,EU;KU;UF;UNF
BCN3224C,CONSTRUCTION TECHNIQUES,4,yes,queued,EU;UF;UNF;UWF
BCN3611C,CONSTRUCTION ESTIMATING I,4,no,,FGCU;FIU;UF;UNF
BCN4753C,CONSTRUCTION FINANCE,4,no,,FGCU;SSCF;UF;UNF
BOT4404C,PHYCOLOGY,4,yes,queued,FIU;UNF;USF;UWF
CAP4630,ARTIFICIAL INTELLIGENCE,4,no,,FAU;FLPOLY;UCF;UNF
CCJ2002,CRIME IN AMERICA,4,yes,queued,CFK;FAU;UNF;UWF
CCJ4681,DOMESTIC VIOLENCE,4,no,,FGCU;UCF;UNF;USF
CCJ4939,SENIOR CAPSTONE SEMINAR,4,no,,FAMU;UNF;USF;UWF
CCJ6946,INTERNSHIP PROGRAM,4,no,,FIU;UCF;UNF;UWF
CDA3100,COMPUTER ARCHITECTURE,4,no,,FLPOLY;FSU;SSCF;UNF
CEN4360C,MOBILE DEVICE SOFTWARE DEVELOPMENT,4,no,,UCF;UNF;USF;VC
CGN4905,INDEPENDENT STUDY,4,no,,FAU;UF;UNF;USF
CGN4949,CO-OP WORK EXPERIENCE,4,no,,FIU;UCF;UF;UNF
CHM4410,PHYSICAL CHEMISTRY I,4,no,,FAMU;FSU;UNF;USF
CHM4410L,PHYSICAL CHEMISTRY I LAB,4,no,,FAMU;FSU;UNF;USF
CHM4411L,PHYSICAL CHEMISTRY II LAB,4,no,,FAMU;FSU;UF;UNF
CIS4910,DATA PROCESSING PROJECT,4,no,,FAMU;PSC;UNF;USF
CIS5930,SPECIAL TOPICS,4,no,,FAMU;FSU;UCF;UNF
CIS7980,PH.D. DISSERTATION,4,no,,FIU;UF;UNF;USF
CJJ3010,JUVENILE DELINQUENCY,4,no,,EWU;FAMU;STU;UNF
COM3003,HUMAN COMMUNICATION,4,yes,queued,FIU;UCF;UNF;UWF
COM4905,DIRECTED STUDY,4,no,,FAU;FSU;UNF;UWF
COP3045C,PYTHON PROGRAMMING II,4,no,,AU;EWU;FIU;UNF
COP3331,ADVANCED JAVA,4,no,,PSC;STU;UNF;USF
CPO3643,RUSSIAN POLITICS,4,no,,FAMU;FIU;UNF;USF
CPO4034,POLITICS OF THE THIRD WORLD,4,no,,FIU;UF;UNF;USF
CRW2201,INTRODUCTION TO CREATIVE NONFICTION,4,no,,FSCJ;NWFSC;SCFMS;UNF
CRW2930,SPECIAL TOPICS,4,no,,SSCF;UCF;UNF;VC
CRW3211,CREATIVE NONFICTION WORKSHOP,4,no,,FAMU;UCF;UNF;USF
CRW3310,POETRY WRITING,4,yes,queued,UCF;UF;UNF;UWF
CRW4320,ADVANCED POETRY,4,no,,FGCU;FSU;UCF;UNF
DEP4464,PSYCHOLOGY OF AGING,4,no,,FAU;FIU;UF;UNF
DEP4482,DEATH AND DYING,4,no,,FGCU;KU;STU;UNF
ECO4903,UNDERGRADUATE SEMINAR,4,no,,FGCU;FIU;UCF;UNF
ECO4933,TOPICS IN THEORY,4,no,,FAU;FIU;FSU;UNF
ECO6906,INDEPENDENT STUDY,4,no,,FAU;UF;UNF;USF
ECS3013,ECONOMIC DEVELOPMENT,4,no,,FAU;FIU;UNF;USF
EDA6271C,COMPUTERS AND LEADERSHIP,4,no,,FAMU;FIU;UF;UNF
EDA7193,INSTRUCTIONAL LEADERSHIP,4,no,,FGCU;UCF;UNF;USF
EDG3321,GENERAL TEACHING SKILLS,4,no,,DORAL;FIU;MDC;UNF
EDG6415,PRINCIPLES OF INSTRUCTION AND CLASSROOM MANAGEMENT,4,no,,UCF;UF;UNF;UWF
EDH6041,HIGHER EDUCATION ADVISING,4,no,,FGCU;FIU;UNF;UWF
EDS6050,HUMAN RESOURCES DEVELOPMENT,4,no,,DORAL;FAU;FGCU;UNF
EEE3308C,ELECTRONIC CIRCUITS 1,4,yes,queued,FLPOLY;UF;UNF;UWF
EEL4005,MEASUREMENTS AND INSTRUMENTATION FOR ELECTRICAL ENGINEERS,4,no,,FAMU;FIU;FSU;UNF
EEL4440C,OPTICAL ENGINEERING,4,no,,FAMU;UCF;UF;UNF
EEL6935,SPECIAL TOPICS IN ELECTRICAL ENGINEERING,4,no,,FAU;UF;UNF;USF
EEX4861,INTERNSHIP,4,no,,FAU;FIU;FSU;UNF
EEX6025,FOUNDATIONS OF SPECIAL EDUCATION,4,no,,FGCU;UNF;USF;UWF
EEX6747,ETHICS IN APPLIED BEHAVIOR ANALYSIS,4,no,,FAU;FIU;UCF;UNF
EME4673,FOUNDATIONS OF INSTRUCTIONAL DESIGN,4,yes,queued,SPC;UF;UNF;UWF
EME6405,EDUCATIONAL WEB DESIGN,4,no,,FGCU;FIU;UCF;UNF
EML3101,THERMODYNAMICS II,4,no,,FAMU;FIU;UCF;UNF
EML4140,HEAT TRANSFER,4,no,,FIU;FLPOLY;UF;UNF
EML4552C,SENIOR DESIGN PROJECT II,4,no,,FAMU;FSU;UNF;USF
ENC3250,PROFESSIONAL WRITING,4,no,,FGCU;UCF;UF;UNF
ENC4940,WRITING INTERNSHIP,4,no,,UF;UNF;USF;UWF
ENL3333,SHAKESPEARE,4,no,,FLAC;STU;UNF;USF
ENT3503,SOCIAL ENTREPRENEURSHIP,4,no,,FGCU;STU;UF;UNF
ESE6215,THE SECONDARY SCHOOL CURRICULUM,4,no,,FAU;FIU;UF;UNF
EUH3142,RENAISSANCE AND REFORMATION,4,no,,FGCU;UCF;UNF;USF
EUH3451,HISTORY OF MODERN FRANCE,4,no,,FAU;FGCU;UCF;UNF
EVR4940,ENVIRONMENTAL INTERNSHIP,4,no,,FGCU;UCF;UNF;USF
FIL3363C,DOCUMENTARY PRODUCTION,4,no,,FSU;KU;UCF;UNF
FIN6455,FINANCIAL MODELING,4,no,,FAU;FIU;UNF;USF
FIN6605,INTERNATIONAL FINANCE,4,no,,AU;FAU;UNF;USF
FIN6906,INDEPENDENT STUDY,4,no,,FAU;FIU;UNF;USF
FIN6936,SPECIAL TOPICS IN FINANCE,4,no,,FAU;FIU;UF;UNF
FOS4041C,FOOD SCIENCE,4,no,,FIU;KU;UNF;USF
FRE3300,FRENCH GRAMMAR,4,no,,FGCU;UCF;UF;UNF
FRE3502,FRENCH & FRANCOPHONE CULTURES,4,no,,FGCU;UF;UNF;USF
GEB4113,ENTREPRENEURSHIP,4,no,,FAMU;FSU;PBSC;UNF
GEB4940C,BUSINESS INTERNSHIP,4,no,,CC;FIU;PBSC;UNF
GEO3372,CONSERVATION OF RESOURCES,4,yes,queued,RU;UF;UNF;UWF
GEO3502,ECONOMIC GEOGRAPHY,4,no,,FIU;FSU;UF;UNF
GRA4154C,ADVANCED ILLUSTRATION,4,yes,queued,FAU;UCF;UNF;UWF
GRA4423C,GRAPHIC DESIGN PROFESSIONAL PRACTICES,4,no,,JMVU;SPC;UNF;USF
HIS4936,SEMINARS,4,no,,FGCU;FSU;UNF;USF
HIS4940,INTERNSHIP IN HISTORY,4,no,,FGCU;UNF;USF;UWF
HIS5067,PUBLIC HISTORY,4,no,,FIU;FSU;UCF;UNF
HSA4150,HEALTH POLICY AND POLITICS,4,no,,FAMU;FIU;RU;UNF
HSA4905,INDEPENDENT STUDY,4,no,,FAU;FIU;UNF;UWF
HSA6520,MANAGERIAL EPIDEMIOLOGY,4,no,,FGCU;FNU;UCF;UNF
HSA6905,DIRECTED STUDY IN HEALTH SERVICES ADMINISTRATION,4,no,,FGCU;FIU;UF;UNF
HSC3555C,PATHOPHYSIOLOGY,4,yes,queued,FAMU;SFC;UNF;UWF
HSC4800,PROFESSIONAL PREPARATION IN PUBLIC HEALTH,4,no,,EWU;FAMU;UF;UNF
HSC4906,INDIV STUDY AND RESEARCH,4,no,,FAMU;FGCU;UCF;UNF
IDS4914,UNDERGRADUATE RESEARCH,4,no,,FAU;UCF;UNF;USF
INR3084,TERRORISM TODAY,4,no,,FSU;UF;UNF;USF
INR4334,NATIONAL SECURITY POLICY,4,yes,queued,FAMU;FSU;UNF;UWF
INR5105,AMERICAN FOREIGN POLICY,4,no,,FAMU;FIU;UNF;UWF
ISM4210,DATABASE MANAGEMENT,4,no,,EWU;FIU;UF;UNF
ISM4400,DECISION SUPPORT SYSTEMS,4,yes,queued,FAMU;FIU;UNF;UWF
ISM6404,BI AND VISUALIZATION TOOLS,4,no,,FAU;FGCU;FIU;UNF
JOU4930,SPECIAL TOPICS IN JOURNALISM,4,no,,FAU;FGCU;UF;UNF
LAE6339,SPECIAL METHODS IN TEACHING ENGLISH,4,no,,FIU;UF;UNF;USF
LIS1001,LIBRARY SKILLS,4,no,,FSCJ;NFC;NWFSC;UNF
LIT3333,LITERATURE FOR ADOLESCENTS,4,no,,FAMU;FAU;TCF;UNF
MAC2241,CALCULUS FOR BIOLOGY,4,no,,FAU;FIU;UNF;USF
MAE3312,HOW CHILDREN LEARN MATH,4,no,,FGC;SCFMS;UF;UNF
MAN4240,ORGANIZATION BEHAVIOR,4,no,,FAMU;RU;UCF;UNF
MAN4329,PEOPLE ANALYTICS,4,no,,TSC;UCF;UNF;USF
MAN6296,ORGANIZATIONAL LEADERSHIP,4,no,,FAU;UCF;UIC;UNF
MAN6305,HUMAN RESOURCE MANAGEMENT,4,no,,FGCU;UCF;UNF;USF
MAN6446,NEGOTIATIONS,4,no,,FAU;FIU;UF;UNF
MAN6525,QUALITY MANAGEMENT,4,no,,FAU;FIU;UIC;UNF
MAN6601,INTERNATIONAL MANAGEMENT,4,no,,FGCU;FIU;UNF;USF
MAP4314,DYNAMICAL SYSTEMS,4,no,,FGCU;FLPOLY;UF;UNF
MAS3203,NUMBER THEORY,4,no,,EWU;FAU;UCF;UNF
MCB5205,MICROBES & DISEASE,4,no,,UCF;UF;UNF;UWF
MCB5505,VIROLOGY,4,no,,FSU;UCF;UF;UNF
MHS6423,COUNSELING ADOLESCENTS,4,no,,FAU;FGCU;UNF;USF
MHS6428,COUNSELING ACROSS POPULATIONS,4,no,,FGCU;FIU;UF;UNF
MHS6510,GROUP COUNSELING,4,no,,FAU;FIU;UCF;UNF
MHS6905,INDIVIDUAL STUDY,4,no,,FAU;FGCU;UNF;USF
MSL4905,INDEPENDENT STUDY,4,no,,FSCJ;UF;UNF;UWF
MUC3232,COMPOSITION 2,4,no,,FIU;UF;UNF;USF
MUE4311,GENERAL MUSIC METHODS,4,no,,FAU;UCF;UNF;USF
MUG4102,CONDUCTING II,4,no,,FAMU;FLAC;FSU;UNF
MUG4202,CHORAL CONDUCTING,4,no,,FAU;FIU;UF;UNF
MUL4602,VOCAL LITERATURE,4,no,,FAU;FGCU;UF;UNF
MUL4643,CHORAL LITERATURE,4,no,,FAU;FIU;UCF;UNF
MUM1620C,SOUND AND STAGE,4,no,,NWFSC;SCFMS;UNF;VC
MUN3123,CONCERT BAND,4,yes,queued,FLAC;UF;UNF;UWF
MUN3143,WIND SYMPHONY,4,no,,UCF;UF;UNF;USF
MUN3333,GLEE CLUB,4,no,,FGCU;UCF;UF;UNF
MUN3427,FLUTE CHOIR,4,yes,queued,UCF;UNF;USF;UWF
MUN3433,BRASS CHOIR,4,no,,FAMU;UCF;UNF;USF
MUN6215,UNIVERSITY ORCHESTRA,4,no,,FAU;UF;UNF;USF
MUN6315,CONCERT CHOIR,4,no,,FAU;UF;UNF;USF
MUN6445,PERCUSSION ENSEMBLE,4,no,,FAU;UF;UNF;USF
MUN6715,JAZZ ENSEMBLE,4,no,,FAU;UF;UNF;USF
MUS2241,ITALIAN DICTION,4,yes,queued,FIU;UF;UNF;UWF
MUT5316,ORCHESTRATION,4,no,,FIU;FSU;UCF;UNF
MVJ1016,APPLIED JAZZ SAXOPHONE I,4,no,,FSU;FSWSC;MDC;UNF
MVJ1318,APPLIED JAZZ BASS 1,4,no,,FIU;FSU;MDC;UNF
MVJ2326,APPLIED JAZZ SAXOPHONE II,4,no,,FIU;FSU;MDC;UNF
MVJ2328,APPLIED JAZZ BASS 2,4,no,,FIU;FSU;MDC;UNF
MVJ3339,APPLIED SET DRUMS,4,no,,FIU;FSU;UCF;UNF
MVW4241,SECONDARY APPLIED FLUTE,4,no,,FIU;FLAC;FSU;UNF
MVW4243,SECONDARY APPLIED CLARINET,4,no,,FIU;FLAC;FSU;UNF
NGR5110,NURSING RESEARCH,4,no,,FAMU;FIU;FNU;UNF
NGR6404,ADVANCED BIOSCIENCE FOR ANESTHESIOLOGY NURSING I,4,no,,FIU;FSU;UNF;USF
NGR6405,ADVANCED BIOSCIENCE FOR ANESTHESIOLOGY NURSING II,4,no,,FGCU;FIU;FSU;UNF
NGR6424,PRINCIPLES OF ANESTHESIOLOGY NURSING IV,4,no,,FIU;FSU;UNF;USF
NGR6461,PHARMACOLOGY OF ANESTHESIOLOGY NURSING II,4,no,,FGCU;FIU;FSU;UNF
NGR6673,EPIDEMIOLOGY FOR NURSING SCIENCE,4,no,,FAU;FSU;UNF;USF
NGR7768,BASIS OF ADVANCED PRACTICE NURSING,4,no,,FAU;FGCU;UNF;USF
NSC1101L,NAVAL SCIENCE LABORATORY,4,no,,SFC;UF;UNF;USF
NUR3167,NURSE AS A SCHOLAR,4,no,,BC;GCSC;UCF;UNF
NUR3226C,ADULT HEALTH NURSING I,4,no,,FGCU;FIU;FNU;UNF
NUR4950C,CAPSTONE,4,no,,CF;SPC;TSC;UNF
OCE3008,OCEANOGRAPHY,4,no,,BC;FAU;UCF;UNF
PAD5605,ADMINISTRATIVE LAW,4,no,,FNU;FSU;UNF;USF
PAD6060,SEMINAR IN PUBLIC MANAGEMENT,4,no,,FAMU;FGCU;UNF;USF
PAD6142,MANAGEMENT OF NONPROFIT ORGANIZATIONS,4,no,,FAU;FIU;UCF;UNF
PAD6836,COMPARATIVE PUBLIC ADMINISTRATION,4,no,,FAMU;FIU;UCF;UNF
PCB4843C,CELLULAR AND MOLECULAR NEUROSCIENCE,4,no,,FAU;FSU;UCF;UNF
PEM1104,PHYSICAL CONDITIONING,4,no,,EWU;MDC;SJRSC;UNF
PET4550,EXERCISE TESTING AND PRESCRIPTION,4,no,,EWU;FAU;UNF;USF
PET4943,STUDENT TEACHING GRADES K-12,4,no,,FAMU;FIU;KU;UNF
PHC6011,EPIDEMIOLOGY METHODS II,4,no,,FAMU;UF;UNF;USF
PHC6020,CLINICAL EPIDEMIOLOGY,4,no,,FIU;UF;UNF;USF
PHC6051,BIOSTATISTICS II,4,no,,FAMU;UF;UNF;USF
PHH3500,KANT TO NIETZSCHE,4,no,,FAMU;FGCU;FSU;UNF
PHH3930,SPECIAL TOPICS,4,no,,FAU;FGCU;UCF;UNF
PHP4782,PHENOMENOLOGY,4,no,,FAU;FIU;UCF;UNF
PHT6606C,CRITICAL INQUIRY I,4,no,,FGCU;UCF;UNF;USF
PHY3220,CLASSICAL MECHANICS,4,yes,queued,UCF;UNF;USF;UWF
PHY4911C,PHYSICS CAPSTONE 2,4,no,,FGCU;FLPOLY;UF;UNF
PHY4930,SPECIAL TOPICS IN PHYSICS,4,no,,FGCU;FLPOLY;UNF;USF
POS4624,CONSTITUTIONAL LAW II,4,no,,FSU;UF;UNF;USF
POS4932,SPECIAL TOPICS,4,no,,FAU;FSU;UCF;UNF
POT3003,POLITICAL THEORISTS,4,no,,FGCU;FSU;UNF;USF
PSB4434,NEUROPHARMACOLOGY,4,no,,FGCU;FIU;UF;UNF
PSY4906,DIRECTED INDIVIDUAL STUDY,4,no,,FAMU;FAU;UCF;UNF
RED6656,READING STRATEGIES & SUPPORT,4,no,,FAU;FGCU;UNF;USF
REL3120,RELIGION IN AMERICA,4,no,,FIU;UF;UNF;USF
REL3340,BUDDHISM,4,no,,FIU;FSU;UCF;UNF
REL3930,SPECIAL TOPICS,4,no,,FGCU;STU;UCF;UNF
SCE4320,SPECIAL METHODS: MIDDLE GRADES SCIENCE,4,yes,queued,FSU;UNF;USF;UWF
SOW2031,INTRODUCTION TO SOCIAL WORK,4,no,,FGCU;FSWSC;PESC;UNF
SOW3620,SOCIAL WORK AND HUMAN DIVERSITY,4,no,,EWU;FIU;UCF;UNF
SOW4700,SOCIAL WORK AND CHEMICAL ADDICTION,4,yes,queued,FAMU;FAU;UNF;UWF
SOW6125,PSYCHOPATHOLOGY,4,no,,FAU;FIU;UNF;UWF
SPM3024,ISSUES IN SPORT,4,no,,EFSC;EWU;FGCU;UNF
SPM3403,SPORTS COMMUNICATION,4,yes,queued,EWU;UF;UNF;UWF
SPM4703,SPORT ANALYTICS,4,yes,queued,FSU;UF;UNF;UWF
SPM4905,DIRECTED INDIVIDUAL STUDY,4,no,,FSU;UF;UNF;UWF
SPM4941C,SPORT MANAGEMENT INTERNSHIP,4,no,,EWU;FSU;UF;UNF
SPM5206,SPORT ETHICS,4,no,,FAMU;FSU;UF;UNF
SPM5308,MARKETING SPORT,4,no,,FAMU;FIU;FSU;UNF
STA4664,STATISTICAL QUALITY CONTROL,4,no,,FIU;FSU;UCF;UNF
STA5126,STATISTICS FOR DATA SCIENCE I,4,no,,FIU;FSU;UNF;UWF
STA6167,STATISTICAL METHODS II,4,no,,FIU;UF;UNF;USF
STA6327,MATHEMATICAL STATISTICS II,4,no,,FIU;UCF;UF;UNF
STA6707,MULTIVARIATE METHODS,4,no,,UCF;UF;UNF;UWF
SYD4510,ENVIRONMENT AND SOCIETY,4,no,,FSU;UCF;UF;UNF
SYO4400,MEDICAL SOCIOLOGY,4,no,,UCF;UF;UNF;USF
TAX6105,CORPORATE TAXATION,4,no,,FAU;FIU;UF;UNF
TAX6405,ESTATE AND GIFT ISSUES,4,no,,FAU;FGCU;UNF;UWF
TPP3103,ACTING II,4,no,,FSU;UCF;UF;UNF
TRA4721,GLOBAL LOGISTICS,4,no,,CF;FAMU;KU;UNF
TSL4441,ASSESSMENT IN ESOL SETTINGS,4,no,,DORAL;FSU;STU;UNF
TSL6440,ASSESSMENT ISSUES IN TESOL,4,no,,FAU;UCF;UF;UNF
TTE4004C,TRANSPORTATION ENGINEERING,4,no,,FLPOLY;UF;UNF;USF
TTE6315,HIGHWAY SAFETY ANALYSIS,4,no,,UCF;UF;UNF;USF
ZOO4407,BIOLOGY OF SHARKS AND RAYS,4,no,,FAU;FIU;FSU;UNF
ZOO4485,MARINE MAMMAL BIOLOGY,4,yes,queued,UF;UNF;USF;UWF
ACG3501,FUND ACCOUNTING,3,no,,RU;UCF;UNF
ACG4842,DATA ANALYSIS FOR ACCOUNTING,3,no,,KU;UNF;USF
ACG6305,ADVANCED MANAGERIAL ACCOUNTING,3,no,,EU;UCF;UNF
ACG6805,ACCOUNTING THEORY,3,no,,UCF;UNF;UWF
ACG6936,SPECIAL TOPICS,3,no,,FAU;UNF;USF
ADV3101,ADVERTISING CREATIVITY,3,no,,FGCU;UNF;USF
AMH3402,THE OLD SOUTH TO 1865,3,no,,FAMU;UCF;UNF
AMH3511,THE UNITED STATES IN WORLD AFFAIRS,3,no,,FLAC;UF;UNF
AMH3530,US IMMIGRATION HISTORY,3,no,,FAU;FGCU;UNF
AMH3544,AMERICA IN VIET NAM,3,no,,FSU;UF;UNF
AMH3580,AMERICAN INDIAN HISTORY,3,no,,FGCU;UCF;UNF
AML6506,STUDIES IN EARLY AMERICAN LIT,3,no,,FGCU;UNF;UWF
AML6507,STUDIES IN LATER AMERICAN LIT,3,no,,FGCU;UNF;UWF
ANT4158,FLORIDA ARCHAEOLOGY,3,no,,FAU;UNF;USF
ANT4180,ARCHAEOLOGICAL LAB METHODS,3,no,,FSU;UNF;USF
ANT4274,POLITICAL ANTHROPOLOGY,3,no,,FAU;UF;UNF
ANT4931,CAPSTONE IN ANTHROPOLOGY,3,no,,FGCU;UF;UNF
ANT4970,HONORS THESIS,3,no,,UCF;UNF;USF
APK4120C,CLINICAL EXERCISE PHYSIOLOGY,3,no,,FGCU;UF;UNF
APK4941C,EXERCISE SCIENCE INTERNSHIP,3,no,,UNF;USF;UWF
APK5702,APPLIED SPORT SCIENCE,3,no,,UF;UNF;UWF
APK6127C,HUMAN PHYSIOLOGICAL ASSESSMENT,3,no,,UCF;UNF;UWF
APK6176,ADVANCED CONCEPTS IN STRENGTH TRAINING,3,no,,UCF;UF;UNF
APK6226C,SPORT BIOMECHANICS,3,no,,UF;UNF;UWF
ARH3130,GREEK ART,3,no,,FSU;UF;UNF
ARH3150,ANCIENT ROMAN ART AND ARCHITECTURE,3,yes,queued,FSU;UNF;UWF
ARH3350,BAROQUE ART,3,yes,queued,FIU;UNF;UWF
ARH3631,AFRICAN-AMERICAN ART,3,no,,UCF;UF;UNF
ART1600C,COMPUTER ART,3,no,,BC;CC;UNF
ART3420C,PRINTMAKING: LITHOGRAPHY,3,no,,FSU;UF;UNF
ART3443C,RELIEF PRINTMAKING,3,no,,FGCU;FSU;UNF
ART3709C,INTERMEDIATE SCULPTURE,3,no,,UCF;UNF;USF
ASH3440,HISTORY OF JAPAN,3,no,,FIU;FSU;UNF
ATR3102,ATHLETIC TRAINING I,3,no,,FSU;UCF;UNF
ATR3512,ATHLETIC HEALTH CARE ADMIN,3,no,,FGCU;FSU;UNF
ATR5306C,THERAPEUTIC INTERVENTIONS I,3,no,,UCF;UNF;USF
ATR5307C,THERAPEUTIC INTERVENTIONS II,3,no,,UCF;UNF;USF
ATR5815C,CLINICAL INTEGRATION I,3,no,,UNF;USF;UWF
ATR5825C,CLINICAL INTEGRATION II,3,no,,UNF;USF;UWF
ATR6835C,CLINICAL INTEGRATION III,3,no,,UNF;USF;UWF
ATR6845C,CLINICAL INTEGRATION IV,3,no,,UNF;USF;UWF
BCH4033L,BIOCHEMISTRY I LAB,3,no,,FAMU;FGCU;UNF
BCH4034L,BIOCHEMISTRY II LAB,3,no,,FAMU;FGCU;UNF
BCN4431,STRUCTURES I,3,yes,queued,FIU;UNF;UWF
BCN4730,CONSTRUCTION SAFETY,3,no,,EU;FGCU;UNF
BCN6618,CONSTRUCTION ESTIMATING,3,no,,EU;FGCU;UNF
BCN6748,CONSTRUCTION LAW,3,no,,FGCU;UF;UNF
BSC1930,BIOLOGICAL ISSUES,3,no,,FAU;SPC;UNF
BSC2932,SELECTED TOPICS IN BIOLOGY,3,no,,SFSC;UNF;USF
BSC4022,BIOLOGY OF AGING,3,no,,FAU;FNU;UNF
BSC6840,CRITICAL SKILLS IN SCIENCE,3,no,,FGCU;UNF;UWF
CAP4052,GAME DEVELOPMENT,3,no,,FIU;FLPOLY;UNF
CAP4767,DATA MINING,3,no,,FGCU;MDC;UNF
CAP6100,USER EXPERIENCE DESIGN,3,no,,UCF;UNF;USF
CAP6610,MACHINE LEARNING,3,no,,FAU;UF;UNF
CCJ4935,CURRENT TOPICS IN CRIMINAL JUSTICE,3,no,,EWU;FAMU;UNF
CCJ4938,SPECIAL TOPICS IN CRIMINOLOGY,3,no,,FAMU;FSU;UNF
CCJ5456,THE ADMINISTRATION OF JUSTICE,3,no,,FSU;UCF;UNF
CCJ6709,FIELD RESEARCH METHODS,3,no,,FAU;FGCU;UNF
CEG6515,SLOPE STABILITY,3,no,,UCF;UF;UNF
CEN6070,SOFTWARE VERIFICATION,3,no,,FIU;UF;UNF
CES6715,PRESTRESSED CONCRETE,3,no,,FAU;UCF;UNF
CGN4911,SUPERVISED UNDERGRADUATE RESEARCH,3,no,,FAU;FIU;UNF
CGN5320,GIS IN CIVIL AND ENVIRONMENTAL,3,no,,FGCU;FIU;UNF
CHI2200,INTERMEDIATE CHINESE I,3,no,,FIU;UCF;UNF
CHI2201,INTERMEDIATE CHINESE II,3,no,,FIU;UCF;UNF
CHT3500,CHINESE CULTURE,3,no,,UF;UNF;USF
CIS4364,INTRUSION DETECTION,3,no,,MDC;UCF;UNF
CIS4955,IT CAPSTONE,3,no,,FNU;UCF;UNF
CIS5935,SEMINAR,3,no,,FAMU;FSU;UNF
CIS5949,COOPERATION EDUCATION,3,no,,FSU;UCF;UNF
CJC4015,ISSUES IN CORRECTIONS,3,no,,EWU;FGCU;UNF
CNT6519,WIRELESS NETWORK SECURITY,3,no,,UCF;UNF;UWF
COM3940,INTERNSHIP,3,no,,FIU;UCF;UNF
COM4411,RHETORIC OF POPULAR CULTURE,3,no,,FAU;FGCU;UNF
COM4561,SOCIAL MEDIA CAMPAIGNS,3,yes,queued,FSU;UNF;UWF
COP3503C,PROGRAMMING II,3,no,,UCF;UF;UNF
CRW3610,21ST-CENTURY SCRIPTING,3,no,,FSU;UCF;UNF
CRW4122,HONORS WRITING THE NOVEL,3,no,,FAU;UCF;UNF
CRW4224,CREATIVE NON-FICTION WORKSHOP,3,no,,FAMU;UCF;UNF
CRW4924,ADVANCED CREATIVE WRITING,3,no,,FAU;UNF;USF
CWR6236,RIVER ENGINEERING AND SEDIMENT TRANSPORT,3,no,,UCF;UF;UNF
DIE3310,COMMUNITY NUTRITION,3,no,,FIU;UF;UNF
DIE4940,UNDERGRADUATE SUPERVISED TEACHING,3,no,,KU;UF;UNF
DIE6127C,FOOD PRODUCTION AND SYSTEMS MANAGEMENT,3,no,,UCF;UNF;USF
DIE6241,ADVANCED MEDICAL NUTRITION THERAPY,3,no,,UCF;UF;UNF
DIE6940,COMMUNITY NUTRITION PRACTICUM,3,no,,UF;UNF;USF
DIE6942,DIETETIC INTERNSHIP 1,3,no,,UCF;UF;UNF
DIG3930C,SPECIAL TOPICS,3,no,,FSCJ;UCF;UNF
ECO3704,INTERNATIONAL TRADE,3,no,,EWU;UF;UNF
ECO4970,HONORS THESIS,3,no,,UCF;UF;UNF
ECO6705,THE GLOBAL ECONOMY,3,no,,FIU;UNF;USF
EDA6215,SCHOOL AND COMMUNITY RELATIONS,3,no,,FAMU;UF;UNF
EDA6910,DIRECTED RESEARCH,3,no,,FGCU;UNF;USF
EDA7426,DOCTORAL ACADEMIC RESEARCH AND WRITING FOR EDUCATION,3,no,,UCF;UF;UNF
EDE6205,CURRICULUM: ELEMENTARY SCHOOL,3,no,,FAU;FIU;UNF
EDF4444,ASSESSMENT OF LEARNING AND BEHAVIOR,3,no,,SJRSC;SPC;UNF
EDG2000,CAREERS IN K-12 EDUCATION,3,no,,UCF;UNF;VC
EDG4442,EFFECTIVE LEARNING ENVIRONMENTS,3,yes,queued,UF;UNF;UWF
EDG6287,STRATEGIC PLANNING SEMINAR,3,no,,FAMU;FSU;UNF
EDG6625,CURRICULUM AND ASSESSMENT LEADERSHIP,3,no,,FAMU;FAU;UNF
EDG6906,INDEPENDENT STUDY,3,no,,FAU;UNF;USF
EDH6405,HIGHER EDUCATION LAW,3,no,,FGCU;UNF;UWF
EDH6637,CRISIS MANAGEMENT IN HIGHER EDUCATION,3,no,,FIU;UF;UNF
EEC4207,ASSESSMENT AND EVALUATION OF YOUNG CHILDREN,3,no,,SPC;UCF;UNF
EEE6508,ADVANCED SIGNAL PROCESSING,3,no,,FAMU;FAU;UNF
EEL3216,FUNDAMENTALS OF POWER SYSTEMS,3,no,,FAMU;FSU;UNF
EEL4750,DIGITAL SIGNAL PROCESSING FUNDAMENTALS,3,no,,UCF;UF;UNF
EEL5934,SPECIAL TOPICS IN ELECTRICAL ENGINEERING,3,no,,FAU;UF;UNF
EEX4240,BEGINNING TO TEACH,3,no,,FIU;UNF;USF
EEX4254,TCHING STUDENTS W/MILD-MOD DIS,3,yes,queued,FGCU;UNF;UWF
EEX4474,TCHNG STUDENTS MOD/SEV DISABIL,3,yes,queued,FGCU;UNF;UWF
EEX4753,COOPERATIVE CONSULTATION IN SPECIAL EDUCATION,3,no,,SPC;SSCF;UNF
EEX5075,FOUNDATIONS OF EVIDENCE-BASED PRACTICES IN SPECIAL EDUCATION,3,no,,FIU;FSU;UNF
EEX5612,APPLIED BEHAVIOR ANALYSIS,3,no,,FAU;FIU;UNF
EEX6301,RESEARCH IN SPECIAL EDUCATION,3,no,,FIU;FSU;UNF
EEX6617,EXPERIMENTAL ANALYSIS OF BEHAVIOR,3,no,,FIU;UCF;UNF
EEX6732,FACILITATION OF PARENT INTERACTION,3,no,,FGCU;UNF;USF
EMA5104,ADVANCED MATERIALS PRINCIPLES I,3,no,,FIU;UCF;UNF
EMA6971,MASTERS RESEARCH,3,no,,UCF;UF;UNF
EME3905,DIRECTED INDEPENDENT STUDY,3,no,,UCF;UNF;UWF
EME6055,CURRENT TRENDS IN INSTRUCTIONAL TECHNOLOGY,3,no,,UCF;UNF;USF
EME6346,STORY DESIGN FOR INSTRUCTION,3,no,,UCF;UNF;USF
EME6601,INSTRUCTIONAL DESIGN,3,no,,FAU;UCF;UNF
EME6609,INSTRUCTIONAL DESIGN,3,no,,UF;UNF;UWF
EML4304L,EXPERIMENTS IN THERMAL AND FLUID SCIENCES - LAB,3,no,,FAMU;FSU;UNF
EML6910,SUPERVISED RESEARCH,3,no,,FIU;UF;UNF
ENC3246,COMMUNICATION FOR ENGINEERS,3,no,,UF;UNF;USF
ENC3930,SPECIAL TOPICS,3,no,,FAMU;UCF;UNF
ENC4331,WRITING - RHETORIC - AND COMMUNITY,3,no,,FIU;UCF;UNF
ENC4403,GRANT WRITING,3,no,,FLPOLY;UNF;USF
ENC6700,STUDIES IN COMPOSITION THEORY,3,no,,FAU;UNF;USF
ENG4013,LITERARY CRITICISM,3,yes,queued,UNF;USF;UWF
ENG4930,SENIOR SEMINAR,3,no,,FAMU;FGCU;UNF
ENG6019,TOPICS IN LITERARY THEORY,3,no,,UNF;USF;UWF
ENL3132,BRITISH NOVEL: 20TH CENTURY,3,no,,FAU;UF;UNF
ENL4210,MEDIEVAL LITERATURE,3,no,,FAU;FIU;UNF
ENV3001L,ENVIRONMENTAL ENGINEERING LAB,3,yes,queued,FIU;UNF;UWF
ENV6510C,ADVANCED UNIT OPERATIONS I,3,no,,FIU;UNF;USF
ENV6511C,ADVANCED UNIT OPERATIONS II,3,no,,FIU;UF;UNF
ENV6519,AQUATIC CHEMICAL PROCESSES,3,no,,UCF;UNF;USF
EUH3124,THE CRUSADES,3,no,,UCF;UNF;USF
EUH4408,ALEXANDER THE GREAT,3,no,,FIU;FSU;UNF
EUH5934,TOPICS IN EUROPEAN HISTORY,3,no,,FAMU;UF;UNF
FIL3006,ANALYZING FILMS,3,no,,FIU;UCF;UNF
FIL3826,AMERICAN CINEMA,3,no,,KU;UCF;UNF
FIN4451,FINTECH CAPSTONE,3,no,,FSCJ;UCF;UNF
FIN4461,FINANCIAL STATEMENT ANALYSIS,3,yes,queued,UNF;USF;UWF
FIN4561,BOND FUND MANAGEMENT,3,yes,queued,UCF;UNF;UWF
FIN4940,FINANCE INTERNSHIP,3,no,,FAU;UNF;USF
FIN6778,FOUNDATIONS OF FINTECH,3,no,,UCF;UNF;USF
FLE4333,SPECIAL METHODS FOREIGN LANGUAGE,3,no,,FAU;UNF;USF
FRE2241,INTERMEDIATE FRENCH II,3,no,,FIU;UNF;USF
FRE4501,FRANCE TODAY,3,no,,FIU;UF;UNF
GIS4048C,APPLICATIONS IN GIS,3,yes,queued,FAU;UNF;UWF
GRA2203C,PREPRESS PRODUCTION,3,no,,JMVU;SPC;UNF
GRA3118C,PUBLICATION DESIGN,3,no,,FAMU;UNF;USF
GRA3139C,MOTION GRAPHICS,3,yes,queued,FAMU;UNF;UWF
GRA4186C,SENIOR DESIGN STUDIO,3,no,,PESC;UF;UNF
GRA4189C,THESIS I/PORTFOLIO,3,no,,FIU;PESC;UNF
GRA4513C,COMMUNICATION DESIGN AND VISUAL PERSUASION,3,no,,FSCJ;IRSC;UNF
HIM6908,INDEPENDENT STUDY,3,no,,UCF;UNF;USF
HIS5165,DIGITAL HISTORY,3,no,,FIU;FSU;UNF
HIS6946,TEACHING PRACTICUM,3,no,,UCF;UNF;UWF
HSA3160,HEALTH CARE MARKETING,3,no,,PBSC;PSC;UNF
HSA3222,LONG TERM CARE MANAGEMENT,3,no,,FAMU;UCF;UNF
HSA3340,HEALTHCARE HUMAN RESOURCES,3,no,,CF;EWU;UNF
HSA4111,U.S. HEALTHCARE SYSTEM,3,no,,AU;EWU;UNF
HSA5177,HEALTH CARE FINANCE,3,no,,FIU;UCF;UNF
HSA6112,INTERNATIONAL HEALTH SYSTEMS,3,no,,FGCU;UCF;UNF
HSA6114,HEALTH CARE DELIVERY SYSTEMS,3,no,,FGCU;UF;UNF
HSA6149,HEALTH CARE PLANNING AND MARKETING,3,no,,FAMU;FIU;UNF
HSA6155,HEALTH ECONOMICS,3,no,,FGCU;UCF;UNF
HSA6178,ADVANCED HEALTH CARE FINANCIAL MANAGEMENT,3,no,,FAMU;UCF;UNF
HSA6179,HEALTH CARE FINANCIAL MGMT,3,no,,FGCU;UCF;UNF
HSA6188,CAPSTONE: HEALTHCARE STRATEGIC MANAGEMENT,3,no,,UCF;UF;UNF
HSA6198,HEALTH CARE INFO SYSTEMS,3,no,,FGCU;UF;UNF
HSA6436,HEALTH ECONOMICS,3,no,,UF;UNF;UWF
HSA6707,RESEARCH METHODS FOR HEALTHCARE MANAGEMENT,3,no,,FAU;UNF;UWF
HSC3500,EPIDEMIOLOGY,3,no,,EWU;KU;UNF
HSC4133,HUMAN SEXUALITY EDUCATION,3,no,,FAU;UF;UNF
HSC4210,ENVIRONMENTAL HEALTH,3,no,,EWU;FAMU;UNF
HSC4624,FOUNDATIONS OF GLOBAL HEALTH,3,no,,SFC;UNF;USF
HSC4931,SPECIAL TOPICS,3,no,,FAMU;SPC;UNF
HSC6585,HEALTH COMMUNICATION,3,no,,FAU;UCF;UNF
HUN6249,NUTRITION AND METABOLISM,3,no,,UCF;UNF;USF
HUN6408,NUTRITION THROUGH LIFE SPAN,3,no,,UCF;UNF;USF
IDH3930,SPECIAL TOPICS,3,no,,FGCU;UCF;UNF
IDH4912,DIRECTED INDEPENDENT RESEARCH,3,no,,UCF;UF;UNF
IDS4910,COMMUNITY RESEARCH,3,no,,FGCU;UNF;USF
INR3016,GLOBAL ISSUES,3,no,,STU;UCF;UNF
INR4243,INTERNATIONAL POLITICS OF LATIN AMERICA,3,no,,STU;UCF;UNF
INR4603,INTERNATIONAL RELATIONS THEORY,3,no,,FIU;UCF;UNF
INR6607,INTERNATIONAL RELATIONS THEORY,3,no,,FAU;UF;UNF
INR6938,SPECIAL TOPICS,3,no,,UCF;UF;UNF
INT1000,INTRODUCTION TO INTERPRETING,3,no,,FSCJ;MDC;UNF
INT3205C,COGNITIVE PROCESSING,3,no,,SPC;UNF;USF
INT3270,CONSECUTIVE INTERPRETING SKILLS,3,no,,SPC;UNF;USF
ISM4403,BUSINESS INTELLIGENCE,3,no,,FAU;KU;UNF
ISM4941,FIELD STUDY IN MIS,3,no,,FGCU;FSU;UNF
ISM6021,MANAGEMENT OF INFORMATION SYSTEMS,3,no,,FIU;UNF;USF
ISM6419,DATA VISUALIZATION,3,no,,FIU;UNF;USF
ISM6427C,ARTIFICIAL INTELLIGENCE STRATEGY,3,no,,FAU;FIU;UNF
JOU3308,MAGAZINE ARTICLE WRITING,3,no,,FAMU;UNF;USF
JOU3940,INTERNSHIP,3,no,,UCF;UNF;UWF
LAE6319,LANG ARTS METHODS FOR ELEM TEACHERS,3,no,,FIU;UF;UNF
LAH4932,SPECIAL TOPICS,3,no,,FIU;UCF;UNF
LAH6936,SEMINAR IN HISTORY OF BRAZIL,3,no,,UF;UNF;UWF
LAS3930,SPECIAL TOPICS,3,no,,UCF;UF;UNF
LEI3004,INTRO TO REC. - PARK & LEISURE SERVICES,3,no,,FAMU;FSU;UNF
LEI3266,OUTDOOR RECREATION,3,no,,EWU;FSU;UNF
LIT4083,STUDIES IN MODERN LITERATURE,3,no,,FAMU;UF;UNF
LIT6905,DIRECTED STUDY,3,no,,FAU;UNF;UWF
MAE6318,MATHEMATICS FOR ELEMENTARY TEACHERS,3,no,,FIU;UCF;UNF
MAN4201,ORGANIZATIONAL ANALYSIS AND CHANGE,3,no,,FSU;PSC;UNF
MAN4361,ORGANIZATIONAL STAFFING,3,no,,MDC;UNF;USF
MAN4390,CURRENT ISSUES IN HUMAN RESOURCE MANAGEMENT,3,no,,FSU;SFC;UNF
MAN6931,SPECIAL TOPICS,3,no,,FAU;FSU;UNF
MAN6943,GRADUATE MANAGEMENT INTERNSHIP,3,no,,FAU;FIU;UNF
MAT3930,SPECIAL TOPICS IN MATHEMATICS,3,no,,FLPOLY;FSU;UNF
MAT4931,SPECIAL TOPICS IN MATHEMATICS,3,no,,EWU;FSU;UNF
MAT6908,DIRECTED INDIVIDUAL STUDY,3,no,,FSU;UNF;USF
MAT6933,SPECIAL TOPICS,3,no,,FAU;FSU;UNF
MHF3404,HISTORY OF MATHEMATICS,3,no,,FAU;FIU;UNF
MHS6482,LIFESPAN/DEVELOPMENT,3,no,,FAU;FGCU;UNF
MMC3200,MASS COMMUNICATION LAW,3,no,,FSCJ;UCF;UNF
MMC3703,SPORTS MEDIA & SOCIETY,3,no,,FSU;UF;UNF
MMC3711,MULTIMEDIA GRAPHICS,3,no,,FAU;KU;UNF
MMC4420,RESEARCH IN THE MASS MEDIA,3,no,,FIU;UNF;USF
MMC4905,INDEPENDENT STUDY,3,no,,FIU;UNF;UWF
MMC4930,SENIOR SEMINAR,3,no,,FAMU;FAU;UNF
MUC4242,COMPOSITION 4,3,no,,FIU;UF;UNF
MUE5336C,SECONDARY CHORAL METHODS,3,no,,FIU;UF;UNF
MUE5338C,TEACHING INSTRUMENTAL MUSIC,3,no,,FIU;UF;UNF
MUE6080,FOUNDATIONS OF MUSIC EDUCATION,3,no,,UCF;UF;UNF
MUE6946,INTERNSHIP,3,no,,FSU;UCF;UNF
MUG4241,CHORAL CONDUCTING,3,no,,EWU;FAU;UNF
MUG4302,INSTRUMENTAL CONDUCTING,3,no,,UF;UNF;USF
MUG6205,ADVANCED CHORAL CONDUCTING,3,no,,FAU;UNF;USF
MUH2501,WORLD MUSIC,3,no,,SFC;UF;UNF
MUL4401,PIANO LITERATURE 2,3,no,,FAU;FIU;UNF
MUL4441,WOODWIND LITERATURE,3,no,,FSU;UF;UNF
MUL4442,BRASS LITERATURE,3,no,,FSU;UF;UNF
MUL4460,PERCUSSION LITERATURE,3,no,,FSU;UF;UNF
MUL4550,INSTRUMENTAL LITERATURE,3,no,,FAU;FGCU;UNF
MUM2942,MUSIC TECHNOLOGY PRACTICUM,3,no,,FSWSC;UNF;VC
MUM3701,BUSINESS OF MUSIC,3,no,,FAMU;UF;UNF
MUN2120,CONCERT BAND,3,no,,FSU;GCSC;UNF
MUN2140,WIND ENSEMBLE,3,no,,FSU;SSCF;UNF
MUN2210,ORCHESTRA,3,no,,FGCU;FSU;UNF
MUN3411,STRING ENSEMBLE,3,no,,FAMU;UNF;USF
MUN3426,SAXOPHONE QUARTET,3,yes,queued,UCF;UNF;UWF
MUN3483,GUITAR ENSEMBLE,3,yes,queued,UCF;UNF;UWF
MUN6145,WIND SYMPHONY,3,no,,UF;UNF;USF
MUN6345,CHAMBER SINGERS,3,no,,UF;UNF;USF
MUN6716,JAZZ COMBO,3,no,,FAU;UNF;USF
MUS2221,FRENCH DICTION,3,no,,FIU;UF;UNF
MUS2231,GERMAN DICTION,3,no,,FIU;UF;UNF
MUS4970,SENIOR RECITAL,3,no,,FSU;UCF;UNF
MUS5711,MUSIC BIBLIOGRAPHY,3,no,,FIU;FSU;UNF
MUT4421,TONAL COUNTERPOINT,3,no,,UF;UNF;USF
MUT4663,JAZZ STYLES & ANALYSIS I,3,no,,FSU;UF;UNF
MUT4664,JAZZ STYLES AND ANALYSIS II,3,no,,FAMU;FIU;UNF
MVJ1018,APPLIED JAZZ TROMBONE I,3,no,,FSWSC;MDC;UNF
MVJ2228,SECONDARY JAZZ TROMBONE,3,no,,FIU;MDC;UNF
MVJ3338,APPLIED JAZZ BASS 3,3,no,,FIU;FSU;UNF
MVJ3436,APPLIED JAZZ SAXOPHONE III,3,no,,FIU;FSU;UNF
MVJ4346,APPLIED JAZZ SAXOPHONE IV,3,no,,FIU;FSU;UNF
MVJ4347,APPLIED JAZZ TROMBONE IV,3,no,,FIU;FSU;UNF
MVK6650,GRADUATE PIANO PEDAGOGY,3,no,,FAU;UNF;USF
NGR5003C,ADVANCED HEALTH ASSESSMENT THEORY,3,no,,FAMU;FSU;UNF
NGR5172,ADVANCED PHARMACOLOGY,3,no,,FAMU;FSU;UNF
NGR5810,RESEARCH METHODS IN NURSING,3,no,,FAMU;FIU;UNF
NGR6421,PRINCIPLES OF ANESTHESIOLOGY NURSING I,3,no,,FGCU;FIU;UNF
NGR6422,PRINCIPLES OF ANESTHESIOLOGY NURSING II,3,no,,FIU;UNF;USF
NGR6423,PRINCIPLES OF ANESTHESIOLOGY NURSING III,3,no,,FIU;UNF;USF
NGR6432L,ANESTHESIA PRACTICUM II,3,no,,FIU;FSU;UNF
NGR6433L,ANESTHESIA PRACTICUM III,3,no,,FIU;FSU;UNF
NGR6434L,ANESTHESIA PRACTICUM IV,3,no,,FIU;FSU;UNF
NGR6435L,ANESTHESIA PRACTICUM V,3,no,,FIU;FSU;UNF
NGR6492,PROFESSIONAL ASPECTS OF ANESTHESIOLOGY NURSING,3,no,,FIU;UNF;USF
NGR6602C,ADVANCED FAMILY HEALTH NURSING 2,3,no,,FIU;FSU;UNF
NGR6712,CURRICULUM AND INSTRUCTION,3,no,,FGCU;FNU;UNF
NGR6942,NURSE LEADERSHIP AND MANAGEMENT PRACTICUM,3,no,,FGCU;FNU;UNF
NGR7767,PRACTICE MANAGEMENT IN ADVANCED NURSING AND HEALTH,3,no,,FAU;UNF;USF
NGR7946,SCHOLARSHIP PRACTICUM,3,no,,FAU;FSU;UNF
NUR3219C,CARE MANAGEMENT II,3,no,,KU;UF;UNF
NUR3226L,ADULT HEALTH II CLINICAL,3,no,,FGCU;FIU;UNF
NUR4635L,DIRECTED CLINICAL STUDY,3,no,,FAMU;UNF;USF
NUR4836C,HEALTHCARE POLICY,3,no,,FAMU;FNU;UNF
NUR4888,COORDINATION OF CARE IN NURSING,3,no,,KU;UNF;USF
NUR4955,STUDY ABROAD,3,no,,CC;UCF;UNF
PAD5700,PUBLIC ADMINISTATION RESEARCH METHDOS,3,no,,FSU;UNF;USF
PAD6208,NONPROFIT FINANCIAL MANAGEMENT,3,no,,UCF;UNF;USF
PAD6436,PROFESSIONALISM AND ETHICS,3,no,,FAU;FIU;UNF
PAD6807,URBAN ADMINISTRATION,3,no,,EWU;FIU;UNF
PCB4805,ENDOCRINOLOGY,3,no,,FIU;UCF;UNF
PCB5525,MOLECULAR BIOLOGY,3,no,,FSU;UNF;UWF
PCB6236,CANCER BIOLOGY,3,no,,FAU;UCF;UNF
PEL2905,INDEPENDENT STUDY,3,no,,SSCF;UCF;UNF
PEM2121C,YOGA,3,no,,FAU;UCF;UNF
PEN1231,SAILING,3,no,,BC;MDC;UNF
PET3310C,KINESIOLOGY,3,no,,EWU;KU;UNF
PET3768C,GROUP EXERCISE INSTRUCTION,3,no,,EWU;UCF;UNF
PGY3930C,SPECIAL TOPICS,3,no,,UCF;UNF;USF
PHC6102,HEALTH POLICY IN A GLOBAL CONTEXT,3,no,,FAMU;FIU;UNF
PHC6410,APPLIED SOCIAL BEHAVIORAL SCIENCE,3,no,,FIU;UF;UNF
PHC6940,PUBLIC HEALTH CAPSTONE,3,no,,UF;UNF;USF
PHI3601,ETHICS,3,no,,FAMU;FIU;UNF
PHI4220,PHILOSOPHY OF LANGUAGE,3,no,,FIU;UF;UNF
PHI4420,PHILOSOPHY OF SOCIAL SCIENCE,3,no,,FAU;UCF;UNF
PHT6070C,IMAGING IN REHABILITATION,3,no,,UCF;UF;UNF
PHY2464C,ACOUSTICS,3,no,,BC;FAMU;UNF
PHY3101L,MODERN PHYSICS LABORATORY,3,no,,FAMU;FLPOLY;UNF
PHY4802L,ADVANCED LABORATORY,3,no,,FAMU;UF;UNF
PHY4970,UNDERGRADUATE HONORS THESIS,3,no,,FSU;UCF;UNF
POS3625,THE FIRST AMENDMENT,3,yes,queued,FSU;UNF;UWF
POS3679,MOCK TRIAL,3,no,,FAMU;UF;UNF
POS3931,SELECTED TOPICS,3,no,,FSU;UNF;USF
PSB4342,VISION SCIENCE,3,no,,FGCU;UF;UNF
PSB4930,SPECIAL TOPICS IN NEUROSCIENCE,3,no,,FAU;FSU;UNF
PSY3213L,RESEARCH METHODS LAB,3,no,,FAU;UF;UNF
PSY4904,HONORS SEMINAR,3,no,,FAMU;UCF;UNF
PSY6217,RESEARCH DESIGN & ANALYSIS II,3,no,,UNF;USF;UWF
PSY6910,SUPERVISED RESEARCH,3,no,,FAMU;UF;UNF
PUP6006,POLICY PROCESS,3,no,,FIU;UF;UNF
PUP6007,POLICY ANALYSIS,3,no,,EWU;UF;UNF
RED3310,TEACHING READING AS A PROCESS,3,yes,queued,UCF;UNF;UWF
REL3191,LIFE AFTER DEATH,3,no,,UF;UNF;USF
REL3213,HEBREW BIBLE/OLD TESTAMENT,3,no,,FGCU;UF;UNF
REL3241,NEW TESTAMENT,3,yes,queued,FGCU;UNF;UWF
REL4900,SELECTED READINGS,3,no,,FAMU;FLAC;UNF
RTV3601C,BROADCAST PERFORMANCE,3,no,,UCF;UF;UNF
RTV4403,MEDIA CRITICISM,3,no,,FSCJ;UCF;UNF
RTV4661C,ADVANCED BROADCAST PRODUCTION,3,no,,FIU;STU;UNF
SDS6830,SCHOOL COUNSELING INTERNSHIP,3,no,,FAMU;FGCU;UNF
SLS1930,SPECIAL TOPICS,3,no,,CF;FLPOLY;UNF
SMT4664,TEACHING AND THRIVING IN STEM,3,no,,FIU;FSU;UNF
SOP3723,CULTURE AND PSYCHOLOGY,3,no,,FNU;UCF;UNF
SOP3751,PSYCHOLOGY AND THE LAW,3,no,,FSU;UCF;UNF
SOW4101,HUMAN BEHAVIOR AND THE SOCIAL ENVIRONMENT I,3,no,,EWU;FAU;UNF
SOW4102,HUMAN BEHAVIOR AND THE SOCIAL ENVIRONMENT II,3,no,,EWU;FAU;UNF
SOW4323,SOCIAL WORK PRACTICE WITH GROUPS,3,no,,EWU;FSU;UNF
SOW4523,FIELD SEMINAR II,3,no,,EWU;FIU;UNF
SOW6646,SOCIAL WORK PRACTICE WITH THE AGING,3,no,,FAU;FIU;UNF
SPA3112,PHONETICS,3,no,,UCF;UNF;USF
SPA4004,LANGUAGE DEVELOPMENT,3,no,,FSU;UF;UNF
SPA4250,INTRODUCTION TO SPEECH DISORDERS,3,no,,UF;UNF;USF
SPB6946,INTERNSHIP,3,no,,UCF;UNF;USF
SPM3104,SPORTS FACILITIES MANAGEMEMT,3,yes,queued,EFSC;UNF;UWF
SPN3350,SPANISH FOR HERITAGE SPEAKERS,3,no,,FSU;UF;UNF
SSE3313,SOCIAL STUDY METHODS:ELEM TCHR,3,no,,FLAC;FSWSC;UNF
STA4906,DIRECTED INDIVIDUAL STUDY,3,no,,FAU;UCF;UNF
STA6106,STATISTICAL COMPUTING,3,no,,FAU;UCF;UNF
STA6166,STATISTICAL METHODS IN RESEARCH I,3,no,,FIU;UF;UNF
STA6703,STATISTICAL MACHINE LEARNING,3,no,,UF;UNF;USF
STA6938,SEMINAR,3,no,,UCF;UF;UNF
STA6940,SUPERVISED TEACHING,3,no,,FIU;UF;UNF
SYA4010,SOCIOLOGICAL THEORY,3,no,,FIU;FSU;UNF
SYO4200,SOCIOLOGY OF RELIGION,3,no,,UCF;UF;UNF
SYO4370,WORK & SOCIETY,3,no,,FIU;FSU;UNF
TAX6905,DIRECTED STUDY,3,no,,FIU;UNF;UWF
TRA4234,WAREHOUSE MANAGEMENT,3,no,,CF;MDC;UNF
TRA4945,LOGISTICS INTERNSHIP,3,no,,FIU;KU;UNF
TSL6142,CRITICAL APPROACHES TO ESOL,3,no,,FAU;UCF;UNF
TSL6700,ISSUES IN ESOL FOR SCHOOL COUNSELORS,3,no,,UF;UNF;USF
TTE4203,HIGHWAY CAPACITY ANALYSIS,3,no,,FIU;UF;UNF
TTE6205,HIGHWAY CAPACITY,3,no,,UCF;UF;UNF
ZOO4234C,GENERAL PARASITOLOGY,3,no,,BC;FIU;UNF
ZOO4513L,ANIMAL BEHAVIOR LABORATORY,3,no,,FIU;SPC;UNF
ZOO4823C,GENERAL ENTOMOLOGY,3,no,,FGCU;FSU;UNF
ZOO5463C,ADVANCED HERPETOLOGY,3,no,,FIU;UCF;UNF
ACG6309,ADVANCED MANAGERIAL ACCOUNTING,2,no,,UNF;UWF
ACG6505,NOT-FOR-PROFIT ACCOUNTING,2,no,,KU;UNF
ACG6838,ACCOUNTING FRAUD,2,no,,FIU;UNF
ACG6846C,ACCOUNTING DATA ANALYTICS,2,no,,UNF;USF
ADV3200C,CREATIVE CONCEPTS,2,no,,FIU;UNF
ADV4404,CULTURAL BRANDING,2,no,,UF;UNF
ADV4930,SPECIAL STUDY IN ADVERTISING,2,no,,UF;UNF
AMH3223,THE GILDED AGE,2,no,,UF;UNF
AMH3231,THE UNITED STATES - 1914-1945,2,no,,UNF;USF
AMH3312,HIST. OF SEXUALITY IN AMERICA,2,no,,FGCU;UNF
AMH3420,FLORIDA HISTORY,2,no,,FAU;UNF
AMH3460,U.S. URBAN HISTORY,2,no,,UF;UNF
AMH4906,DIRECTED INDIVIDUAL STUDY,2,no,,UCF;UNF
AMH6429,EARLY FLORIDA,2,no,,UCF;UNF
AMH6905,DIRECTED STUDY,2,no,,UNF;UWF
AML3154,AMERICAN POETRY,2,no,,FGCU;UNF
ANG5472,ANTHROPOLOGY OF GLOBALIZATION,2,no,,UNF;UWF
ANG5930,SPECIAL TOPICS,2,no,,FAU;UNF
ANT3462,MEDICAL ANTHROPOLOGY,2,no,,FIU;UNF
ANT3514C,PRINCIPLES OF PHYSICAL ANTHROPOLOGY,2,no,,UF;UNF
ANT4413,GENDER ANTHROPOLOGY,2,no,,FAU;UNF
ANT4620,LANGUAGE AND CULTURE,2,no,,UNF;USF
APK4101,FUNDAMENTALS OF SKELETAL MUSCLE,2,no,,UF;UNF
APK4912,APK UNDERGRADUATE RESEARCH,2,no,,UF;UNF
APK6107C,CARDIOVASCULAR EXERCISE PHYSIOLOGY,2,no,,UCF;UNF
APK6235C,KINESIOLOGY INSTRUMENTATION,2,no,,UCF;UNF
APK6415,BEHAVIORAL MEDICINE,2,no,,UCF;UNF
APK6416,LIFESTYLE MEDICINE,2,no,,UNF;USF
APK6900,DIRECTED INDEPENDENT STUDY,2,no,,UF;UNF
ARH3202,INTRODUCTION TO MEDIEVAL ART,2,no,,FSU;UNF
ARH3621,AMERICAN ART,2,yes,queued,UNF;UWF
ARH3794,MUSEUM BASICS,2,no,,FSU;UNF
ARH3811,JUNIOR METHODS SEMINAR,2,no,,FIU;UNF
ARH3888,ART OF DISNEY,2,no,,UCF;UNF
ARH3955,STUDY ABROAD,2,no,,UCF;UNF
ARH4910,RESEARCH,2,no,,FIU;UNF
ART3530C,PAINTING II,2,no,,UNF;USF
ART3569C,PORTRAIT PAINTING,2,no,,FIU;UNF
ART3714C,SCULPTURE:CASTING,2,yes,queued,UNF;UWF
ART3765C,CERAMIC HANDBUILDING II,2,no,,UCF;UNF
ART4768C,ADVANCED CERAMICS,2,no,,FIU;UNF
ART4929C,SENIOR PROJECT,2,no,,FSU;UNF
ART4935,SEMINAR,2,no,,UCF;UNF
ASH3402,CHINA'S EMPIRES,2,no,,FSU;UNF
ASH3404,MODERN CHINA,2,no,,FGCU;UNF
ASH6936,SEMINAR ON ASIAN HISTORY,2,no,,UCF;UNF
ASL3514,DEAF CULTURE,2,no,,UNF;USF
ASL4602,METHODS OF TEACHING AMERICAN SIGN LANGUAGE,2,no,,UNF;USF
AST2002L,ASTRONOMY LAB,2,no,,UCF;UNF
ATR2000C,INTRODUCTION TO SPORTS MEDICINE,2,yes,queued,UNF;UWF
ATR3112C,FIRST RESPONDER,2,no,,FSU;UNF
ATR4213C,ORTHOPEDIC AND INJURY ASSESSMENT II,2,no,,UCF;UNF
ATR4902,DIRECTED STUDY,2,no,,UNF;UWF
ATR5406C,CLINICAL MEDICINE,2,no,,UCF;UNF
ATR6308C,THERAPEUTIC INTERVENTIONS III,2,no,,UCF;UNF
ATR6505C,ATHLETIC TRAINING SEMINAR,2,no,,UCF;UNF
ATR6618C,APPLIED RESEARCH,2,no,,UCF;UNF
ATR6907,DIRECTED INDEPENDENT STUDY,2,no,,UCF;UNF
BCN4708,CONTRACTS - CODES & LAW,2,no,,FAMU;UNF
BCN4751C,HOUSING AND LAND DEVELOPMENT,2,no,,FAMU;UNF
BCN4930,SPECIAL TOPICS,2,no,,FIU;UNF
BCN4956,INTERNATIONAL STUDIES IN CONSTRUCTION,2,no,,UF;UNF
BCN5737,ADVANCED ISSUES IN CONSTRUCTION SAFETY AND HEALTH,2,no,,UF;UNF
BCN6315,ADVANCED CONST TECHNOLOGY,2,no,,FGCU;UNF
BCN6585,SUSTAINABLE CONSTRUCTION,2,no,,UF;UNF
BCN6728,CONSTRUCTION PLANNING AND SCHEDULING,2,no,,EU;UNF
BCN6933,BUILDING RESEARCH,2,no,,UF;UNF
BOT3712C,PLANT SYSTEMATICS & EVOLUTION,2,no,,FGCU;UNF
BOT4404L,PHYCOLOGY LAB,2,no,,FIU;UNF
BSC3057,INTRODUCTION TO ENVIRONMENTAL STUDIES,2,no,,SSCF;UNF
BSC4870,PRINCIPLES OF PHARMACOLOGY,2,no,,EFSC;UNF
BSC5905,DIRECTED STUDY,2,no,,UNF;UWF
BSC5936,SELECTED TOPICS IN BIOLOGY,2,no,,FSU;UNF
BSC6917,ADVANCED GRADUATE RESEARCH,2,no,,FAU;UNF
BSC6972,MASTERS THESIS RESEARCH,2,no,,FGCU;UNF
BUL4350,BUSINESS LAW II,2,no,,FAMU;UNF
BUL5810,LAW & THE BUSINESS ENVIRONMENT,2,no,,FSU;UNF
CAI5005,AI FOR ALL,2,no,,UNF;USF
CAP5605,ARTIFICIAL INTELLIGENCE,2,no,,FSU;UNF
CAP6635,ARTIFICIAL INTELLIGENCE,2,no,,FAU;UNF
CAP6776,INFORMATION RETRIEVAL,2,no,,FAU;UNF
CAP6777,WEB MINING,2,no,,FAU;UNF
CCJ4604,CRIME AND MENTAL ILLNESS,2,no,,UNF;USF
CCJ5079,CRIME MAPPING,2,no,,FSU;UNF
CCJ5934,SPECIAL TOPICS IN CRIMINAL JUSTICE,2,no,,UF;UNF
CCJ6489,ETHICS IN CRIMINOLOGY AND CRIMINAL JUSTICE,2,no,,UCF;UNF
CCJ6620,IMMIGRATION AND CRIME,2,no,,FIU;UNF
CCJ6974,PROJECT IN CRIMINAL JUSTICE,2,no,,FGCU;UNF
CEG4104,RETAINING WALL AND EMBANKMENT DESIGN,2,no,,UF;UNF
CEG6304C,TERRESTRIAL LASER SCANNING,2,no,,FAU;UNF
CEN6017,ENGINEERING OF SOFTWARE II,2,no,,UNF;UWF
CEN6091,ENGINEERING OF SOFTWARE,2,no,,FAU;UNF
CES3605,STRUCTURAL STEEL DESIGN,2,no,,FLPOLY;UNF
CES6144,MATRIX STRUCTURAL ANALYSIS,2,no,,UNF;USF
CGN4803C,SENIOR CAPSTONE DESIGN I,2,no,,FAU;UNF
CGN4804C,SENIOR CAPSTONE DESIGN II,2,no,,FAU;UNF
CGN4824,LAND DEVELOPMENT,2,no,,FGCU;UNF
CGN4931,SPECIAL TOPICS IN CIVIL ENGINEERING,2,no,,UNF;UWF
CGN4935,FE EXAM REVIEW SEMINAR,2,no,,FIU;UNF
CGN4955,STUDY ABROAD,2,no,,UCF;UNF
CGN6933,SPECIAL TOPICS IN CIVIL ENGINEERING,2,no,,UNF;USF
CGS1930C,STEM LLC SEMINAR,2,no,,NFC;UNF
CHI3400,CONVERSATION IN CHINESE,2,no,,FIU;UNF
CHI3930,SPECIAL TOPICS,2,no,,UCF;UNF
CHI4904,HONORS DIRECTED READING II,2,no,,UCF;UNF
CHM4273,DRUG DISCOVERY,2,no,,FAU;UNF
CHM4400,SURVEY OF PHYSICAL CHEMISTRY,2,no,,FAMU;UNF
CHM4931,SEMINARS IN CHEMISTRY,2,no,,UNF;UWF
CHM4940,SUPERVISED TEACHING,2,no,,UF;UNF
CHS4615,ENVIRONMENTAL CHEMISTRY,2,no,,UCF;UNF
CIS2935,SPECIAL TOPICS IN COMPUTER ADMINISTRATION,2,no,,HC;UNF
CIS3526,IT PROJECT MANAGEMENT,2,no,,NWFSC;UNF
CIS4325,SYSTEM ANALYSIS AND DESIGN,2,yes,queued,UNF;UWF
CIS4366,COMPUTER FORENSICS,2,no,,MDC;UNF
CIS6371,APPLIED CRYPTOGRAPHY,2,no,,UNF;USF
CIS6918,DIRECTED RESEARCH,2,no,,UCF;UNF
CIS6935,SEMINAR,2,no,,UF;UNF
CJC3410,METHODS OF OFFENDER TREATMENT,2,no,,FGCU;UNF
CJC4510,PUNISHMENT AND SOCIETY,2,no,,FIU;UNF
CJE5320,POLICE ADMINISTRATION,2,no,,FNU;UNF
CJE6168,MEDIA AND CRIME,2,no,,FGCU;UNF
CJE6268,MINORITIES AND CRIME,2,no,,UNF;USF
CJL4310,CRIMINAL LAW AND PROCEDURES,2,no,,EWU;UNF
CJL4510,COURT SYSTEMS AND PROCESSES,2,no,,FAU;UNF
CJL5120,CRIMINAL LAW,2,no,,FIU;UNF
CLP2180,STRESS MANAGEMENT,2,no,,EU;UNF
CLP6441C,INDIVIDUAL INTELLIGENCE TESTING,2,no,,UCF;UNF
CLP6445C,INDIVIDUAL PERSONALITY TESTING,2,no,,FAMU;UNF
CNT5505,NETWORKS/DISTRIBUTED PROCESSING,2,no,,FSU;UNF
CNT6167,INTERNET OF THINGS,2,no,,FAU;UNF
CNT6707,ADVANCED COMPUTER NETWORKS,2,no,,UCF;UNF
COM4301,COMMUNICATION RESEARCH,2,yes,queued,UNF;UWF
COM4430,INTERNATIONAL COMMUNICATION,2,no,,FIU;UNF
COM5126,ORGANIZATIONAL COMMUNICATION,2,no,,FSU;UNF
COP3855,ADVANCED WEB ANIMATION,2,no,,GCSC;UNF
COP4640,OPERATING SYSTEMS ENVIRONMENTS,2,no,,GCSC;UNF
COP4854,WEB FRAMEWORKS,2,no,,UNF;USF
COP5615,OPERATING SYSTEMS,2,no,,UF;UNF
COP5727,ADVANCED DATABASE SYSTEMS,2,no,,FLPOLY;UNF
COP6616,PARALLEL COMPUTING,2,no,,UCF;UNF
CPO3123,POLITICS & SOCIETY IN BRITAIN AND IRELAND,2,no,,FSU;UNF
CRW3930,SPECIAL TOPICS,2,no,,UCF;UNF
CRW4616,SCRIPTWRITING WORKSHOP II,2,no,,UCF;UNF
CRW5935,SPECIAL TOPICS IN CREATIVE WRITING,2,no,,FIU;UNF
CRW5944,INTERNSHIP,2,no,,UCF;UNF
CRW6905,DIRECTED STUDY,2,no,,UNF;UWF
CWR6007,ECOHYDRAULICS,2,no,,UCF;UNF
CWR6305,URBAN HYDROLOGY,2,no,,UNF;USF
CWR6820,COASTAL STRUCTURES,2,no,,UNF;USF
DEP3054,DEVELOPMENTAL PSYCHOLOGY,2,no,,JMVU;UNF
DEP4104,ADVANCED CHILD PSYCHOLOGY,2,no,,FGCU;UNF
DIE3213,NUTRITION THERAPY I,2,no,,KU;UNF
DIE3246,NUTRITION THERAPY II,2,no,,KU;UNF
DIE4125,FOOD SYSTEMS MANAGEMENT,2,no,,UF;UNF
DIE4515,PROFESS. & MANAGE. ISSUES FOR DIETETICS,2,no,,UF;UNF
DIE6248,CLINICAL NUTRITION AND ASSESSMENT,2,no,,UNF;USF
DIE6906,READINGS IN DIETETICS AND NUTRITION,2,no,,FIU;UNF
DIE6941,CLINICAL PRACTICE IN NUTRITION AND DIETETICS II,2,no,,UCF;UNF
DIE6943,CLINICAL PRACTICE IN NUTRITION AND DIETETICS IV,2,no,,UCF;UNF
DIG4931,SPECIAL TOPICS IN DIGITAL MEDIA,2,no,,IRSC;UNF
DIG4944C,PRODUCTION PRACTICUM,2,no,,UF;UNF
DIG5930,TOPICS IN DIGITAL HUMANITIES,2,no,,UF;UNF
DIG5944,INTERNSHIP,2,no,,UCF;UNF
EBD4243,INSTRL STRATEGIES FOR STUDENTS W EMOTNL HANDICAPS,2,no,,FIU;UNF
ECO3411,BUSINESS AND ECONOMIC STATISTICS,2,no,,IRSC;UNF
ECO3421,ECONOMETRICS,2,no,,FAMU;UNF
ECO4956,STUDY ABROAD IN ECONOMICS,2,no,,UF;UNF
ECO6426,APPLIED ECONOMETRICS,2,no,,FAU;UNF
ECO6427,MICROECONOMETRICS,2,no,,FAU;UNF
ECO6433,ECONOMIC FORECASTING,2,no,,FIU;UNF
ECO6930,SPECIAL TOPICS,2,no,,FAU;UNF
ECP4413,GOVERNMENT AND BUSINESS,2,no,,FSU;UNF
EDA6191,TEAM LEADERSHIP AND DEVELOPMENT,2,no,,FAMU;UNF
EDA6196,LEADERSHIP AND LEARNING ORGANIZATIONS,2,no,,UNF;UWF
EDA7192,EDUCATIONAL LEADERSHIP,2,no,,UCF;UNF
EDA7421,RESEARCH DESIGN SEMINAR 2: PROPOSAL DEVELOPMENT,2,no,,FAU;UNF
EDA7979,ADVANCED RESEARCH,2,no,,UF;UNF
EDE6225,PROBLEMS IN CURRI & INSTR: ELEMENTARY,2,no,,UNF;USF
EDE6935,SPECIAL TOPICS,2,no,,UCF;UNF
EDF4466,CLASSROOM ASSESSMENT & EVALUATION TECHNIQUES,2,no,,UCF;UNF
EDF6237,PRINCIPLES OF LEARNING AND INTRODUCTION TO CLASSROOM ASSESSMENT,2,no,,UCF;UNF
EDF6480,FOUNDATIONS OF  EDUCATIONAL RESEARCH,2,no,,FSU;UNF
EDG3322,ELEMENTARY FIELD EXPERIENCE II,2,no,,FIU;UNF
EDG3323,THE LEARNING PROCESS,2,no,,FGCU;UNF
EDG3324,EFFECTIVE TEACHING PRACTICES,2,no,,FAU;UNF
EDG6348,INSTRUCTIONAL COACHING FOR ENHANCED STUDENT LEARNING,2,no,,UF;UNF
EDG6937,SPECIAL TOPICS,2,no,,FAU;UNF
EDG7224,CRITICAL PEDAGOGY,2,no,,UF;UNF
EDG7359,PROFESSIONAL DEVELOPMENT AND TEACHER LEARNING,2,no,,UF;UNF
EDG7932,SPECIAL TOPICS,2,no,,FAU;UNF
EDH6050C,WOMEN AND HIGHER EDUCATION,2,no,,FIU;UNF
EDH6058,COMPARATIVE HIGHER EDUCATION,2,no,,FAU;UNF
EDH6401,HIGHER EDUCATION POLICY,2,no,,FSU;UNF
EDH6946,INTERNSHIP,2,no,,UCF;UNF
EDS6130,HUMAN RESOURCE DEVELOPMENT IN EDUCATION (OPERATIONAL LEADERSHIP I),2,no,,UCF;UNF
EEC3266,PROGRAM PLANNING FOR INFANTS & TODDLERS,2,no,,SPC;UNF
EEC3408,COMMUNITIES - FAMILIES AND YOUNG CHILDREN,2,no,,FIU;UNF
EEC4203,PRIMARY EDUCATION II,2,no,,UNF;USF
EEC4321,MATHEMATICS FOR YOUNG CHILDREN,2,no,,UNF;USF
EEC4912,DIRECTED INDEPENDENT RESEARCH,2,no,,UCF;UNF
EEC6205,EARLY CHILDHOOD CURRICULUM,2,no,,UF;UNF
EEC6261,THE HISTORY AND PHILOSOPHY OF EARLY CHILDHOOD EDUCATION,2,no,,FIU;UNF
EEE4309C,ELECTRONICS II,2,no,,UCF;UNF
EEL4955,STUDY ABROAD,2,no,,UCF;UNF
EEL5563,FIBER OPTICS,2,no,,FAMU;UNF
EEX3754,BUILDING FAMILY - COMMUNITY AND SCHOOL PARTNERSHIPS,2,no,,FAU;UNF
EEX4024,DISABILITY LAWS AND POLICIES,2,no,,MDC;UNF
EEX4101,LANGUAGE AND SPEECH DISORDERS,2,no,,FAU;UNF
EEX4255,CURRICULUM FOR TEACHING STUDENTS WITH EXCEPTIONALI,2,yes,queued,UNF;UWF
EEX4616,CLASSROOM MGMT OF LEARNER WITH EXCEPTIONALITIES,2,no,,FAU;UNF
EEX4840,LITERACY PRACTICUM FOR ALL LEARNERS,2,no,,FAU;UNF
EEX5619,ABA IN DEV. DISABILITIES AND AUTISM,2,no,,FIU;UNF
EEX6259,LITERACY II FOR STUDENTS WITH EXCEPTIONALITIES,2,no,,FAU;UNF
EEX6515,SPECIAL EDUCATION POLICY AND LEADERSHIP,2,no,,FAU;UNF
EEX6615,BEHAVIOR ASSESSMENT AND INTERVENTION SELECTION,2,no,,FAU;UNF
EEX6664,APPLIED BEHAVIOR ANALYSIS IN EDUCATION,2,no,,FIU;UNF
EEX6668,BEHAVIORISM,2,no,,UCF;UNF
EEX6669,ORGANIZATIONAL BEHAVIOR MANAGEMENT,2,no,,UCF;UNF
EEX6766,ASSISTIVE TECHNOLOGY FOR EDUCATORS,2,no,,FAU;UNF
EEX6841,PRACTICUM IN SPECIAL EDUCATION,2,no,,UF;UNF
EEX6848,SEMINAR IN SPECIAL EDUCATION: ISSUES AND TRENDS,2,no,,FIU;UNF
EEX6849,GRADUATE TEACHING PRACTICUM,2,no,,FAU;UNF
EEX6936,SPECIAL TOPICS,2,no,,UF;UNF
EIN4905,DIRECTED INDIVIDUAL STUDY,2,no,,UF;UNF
EIN4949,COOPERATIVE EDUCATION,2,no,,UCF;UNF
ELD4230,CURRICULUM FOR TEACHING STUDENTS WITH LD,2,no,,FIU;UNF
EMA3010,MATERIALS 1,2,no,,UF;UNF
EMA4930,SPECIAL TOPICS IN MATERIALS ENGINEERING,2,no,,FSU;UNF
EMA5504,MATERIALS CHARACTERIZATION,2,no,,UCF;UNF
EMA5814C,COMPUTATION MATERIAL PHYSICS,2,no,,FAMU;UNF
EMA6973,THESIS-SPECIALIST,2,no,,UCF;UNF
EME3044,ISSUES AND TRENDS IN EDUCATIONAL TECHNOLOGY,2,no,,UF;UNF
EME3351,ADULT LEARNING THEORY AND CURRICULUM DEVELOPMENT,2,yes,queued,UNF;UWF
EME3624,TRAINING NEEDS ASSESSMENT,2,yes,queued,UNF;UWF
EME4043,INSTRUCTIONAL TECHNOLOGY LEADERSHIP,2,yes,queued,UNF;UWF
EME4083,PROGRAM EVALUATION IN INSTRUCTIONAL DESIGN AND TECHNOLOGY,2,yes,queued,UNF;UWF
EME4674,DEVELOPMENT OF INSTRUCTIONAL MATERIALS,2,yes,queued,UNF;UWF
EME4684,LEARNING DESIGN AND TECHNOLOGY CAPSTONE,2,yes,queued,UNF;UWF
EME5403,TECHNOLOGY IN EDUCATION,2,no,,FAMU;UNF
EME6226,GAMIFICATION OF LEARNING,2,no,,UCF;UNF
EME6409,INTERACTIVE DISTANCE EDUCATION,2,no,,UNF;UWF
EME6678,EFFECTIVE TRAINING DESIGN AND DEVELOPMENT,2,no,,UNF;UWF
EME6909,RESEARCH REPORT,2,no,,UCF;UNF
EML3535C,MODERN ENGINEERING CAD,2,no,,FLPOLY;UNF
EML4301C,CONTROL OF MACHINERY,2,no,,UCF;UNF
EML4507C,FINITE ELEMENT ANALYSIS AND DESIGN,2,no,,UF;UNF
EML4541,FATIGUE AND FRACTURE MECHANICS,2,no,,FLPOLY;UNF
EML4806,ROBOTICS ENGINEERING,2,no,,FIU;UNF
EML4911,SUPERVISED UNDERGRADUATE RESEARCH,2,no,,FIU;UNF
EML4950C,FORMULA RACE CAR,2,no,,FLPOLY;UNF
EML5131,COMBUSTION,2,no,,UF;UNF
EML5808,ROBOTICS ENGINEERING II,2,no,,FIU;UNF
EML6311,ADVANCED CONTROLS,2,no,,UNF;USF
EML6972,RESEARCH FOR ENGINEERING THESIS,2,no,,UF;UNF
ENC3202,BUSINESS WRITING,2,no,,TCF;UNF
ENC3254,PROFESSIONAL AND PUBLIC WRITING,2,no,,UF;UNF
ENC3375,RHETORIC IN POPULAR CULTURE,2,no,,UCF;UNF
ENC4415,RHETORIC IN THE DIGITAL HUMANITIES,2,no,,UCF;UNF
ENC5235,GRANT WRITING,2,no,,FIU;UNF
ENC5935,SPECIAL TOPICS IN COMPOSITION,2,no,,FIU;UNF
ENC6702,COMPOSITION THEORY AND PRACTICE,2,no,,FIU;UNF
ENC6905,DIRECTED STUDY,2,no,,UNF;UWF
ENT3173,FRANCHISING,2,no,,FSU;UNF
ENT3204,SCALING VENTURES,2,no,,FGCU;UNF
ENT4183,TECHNOLOGY ENTREPRENEURSHIP,2,no,,UCF;UNF
ENT6248,CORPORATE ENTREPRENEURSHIP,2,no,,FGCU;UNF
ESC2000L,DISCOVERING EARTH SCIENCE LAB,2,yes,queued,UNF;UWF
ESE6947,PROFESSIONAL INTERNSHIP,2,no,,FIU;UNF
EUH3120,MEDIEVAL EUROPE,2,no,,FAMU;UNF
EUH3241,THE HOLOCAUST,2,no,,FGCU;UNF
EUH3462,MODERN GERMANY,2,no,,FAU;UNF
EUH3511,TUDOR AND STUART ENGLAND,2,no,,FIU;UNF
EUH4932,SPECIAL TOPICS,2,no,,UCF;UNF
EUH5125,THE CRUSADES,2,no,,FSU;UNF
EUH6905,DIRECTED STUDY,2,no,,UNF;UWF
EVR3008,ENVIRONMENTAL FOUNDATIONS,2,no,,UCF;UNF
EVR3083,ENVIRONMENTAL PROFESSIONAL PREPARATION,2,no,,FAMU;UNF
EVR3356,MARINE RESOURCES SUSTAINABILITY,2,no,,EU;UNF
EVR3905,DIRECTED STUDY,2,no,,UNF;UWF
EVR4356,COASTAL AND MARINE ENVIRONMENTAL POLICY,2,no,,FIU;UNF
EVR4957,ENVIRONMENTAL STUDY ABROAD,2,no,,FAU;UNF
EXP3104,SENSORY PROCESSES,2,no,,UF;UNF
EXP3680C,COGNITIVE PSYCHOLOGY,2,no,,SFBC;UNF
EXP6506,LEARNING AND COGNITION,2,no,,UCF;UNF
FAS5355,ADVANCED COASTAL FISHERIES MANAGEMENT,2,no,,FAMU;UNF
FIL3831,BLACK CINEMA,2,no,,UCF;UNF
FIL3832,HORROR FILMS,2,no,,FGCU;UNF
FIL3833,FILM GENRE,2,yes,queued,UNF;UWF
FIL3930,SPECIAL TOPICS,2,no,,UCF;UNF
FIL4828,INTERNATIONAL CINEMA,2,no,,FAU;UNF
FIL4839,FILM NOIR,2,no,,UNF;USF
FIL4843,ASIAN CINEMA,2,no,,FAU;UNF
FIL4945,PROFESSIONAL INTERNSHIP,2,no,,FSU;UNF
FIL6905,DIRECTED STUDY,2,no,,UNF;UWF
FIN3450,FOUNDATIONS OF FINTECH,2,no,,FSCJ;UNF
FIN4126,SEMINAR IN FINANCIAL PLANNING,2,no,,KU;UNF
FIN4540,FIXED INCOME,2,no,,FSU;UNF
FIN4901,DIRECTED STUDIES,2,no,,STU;UNF
FIN4956,STUDY ABROAD IN FINANCE,2,no,,UF;UNF
FIN6314,BANKING AND FINTECH,2,no,,UF;UNF
FIN6545,FIXED INCOME ANALYSIS,2,no,,UF;UNF
FIN6957,STUDY ABROAD IN FINANCE,2,no,,UF;UNF
FOL2952,FOREIGN LANGUAGE STUDY ABROAD,2,no,,FAU;UNF
FOS4041L,FOOD SCIENCE LABORATORY,2,no,,FIU;UNF
FRE2240,INTERMEDIATE FRENCH I,2,no,,UNF;USF
FRE3350,READINGS IN FRENCH LITERATURE,2,no,,FAMU;UNF
FRT3550,FACES OF FRANCE,2,no,,FGCU;UNF
FRT3800,FRENCH TRANSLATION SKILLS,2,no,,FGCU;UNF
FSS1202L,FOOD PRODUCTION I,2,no,,NWFSC;UNF
GEA3405,GEOGRAPHY OF LATIN AMERICA,2,no,,UF;UNF
GEB3361,INTERNATIONAL BUSINESS,2,no,,MAU;UNF
GEB4104,SMALL BUSINESS CONSULTING,2,no,,UCF;UNF
GEO4956,STUDY ABROAD IN GEOGRAPHY,2,no,,UF;UNF
GEO6936,GRADUATE SEMINAR,2,no,,UNF;UWF
GEY3503,ASSISTED LIVING FACILITY ADMINISTRATION,2,no,,UNF;USF
GEY6813,AGING CAPSTONE,2,no,,UNF;USF
GRA2108C,DESIGN STUDIO,2,no,,UNF;VC
GRA3174C,POSTER DESIGN,2,no,,FAU;UNF
GRA4119C,PACKAGE DESIGN,2,no,,UNF;USF
GRA4137C,ADVANCED WEB DESIGN,2,no,,UNF;USF
GRA4179C,SOCIAL DESIGN,2,no,,UNF;USF
GRA4884C,ADVANCED MOTION GRAPHICS,2,no,,FSCJ;UNF
GRA4915,DIRECTED INDIVIDUAL STUDY,2,no,,FAU;UNF
HIM6121C,HEALTH INFORMATION REGULATORY COMPLIANCE,2,no,,UCF;UNF
HIM6122C,SYSTEM ANALYSIS AND DESIGN,2,no,,UCF;UNF
HIM6123C,CLINICAL WORKFLOW DESIGN AND RE-ENGINEERING,2,no,,UCF;UNF
HIM6667,HEALTH INFORMATICS AND INTEROPERABILITY,2,no,,UNF;USF
HIS4491,HISTORY OF MEDICINE AND SOCIETY,2,yes,queued,UNF;UWF
HIS5077,ORAL HISTORY,2,no,,FSU;UNF
HSA3173,HEALTH CARE ACCOUNTING,2,no,,FNU;UNF
HSA4955,STUDY ABROAD,2,no,,UCF;UNF
HSA6177,HEALTH CARE FINANCE,2,no,,UF;UNF
HSA6186,HEALTHCARE LEADERSHIP AND ORGANIZATIONAL THEORY,2,no,,FIU;UNF
HSA6187,MANAGING HUMAN RESOURCES AND HEALTH PROFESSIONS,2,no,,FIU;UNF
HSA6196,HEALTHCARE DATA ANALYTICS,2,no,,UF;UNF
HSA6512,HEALTH CARE LEADERSHIP,2,no,,UCF;UNF
HSA6908,INDEPENDENT STUDY,2,no,,UCF;UNF
HSA6940,MHA INTERNSHIP,2,no,,UF;UNF
HSA6958,STUDY ABROAD,2,no,,UCF;UNF
HSA7706,RESEARCH METHODOLOGIES,2,no,,UF;UNF
HSC3301,HEALTH PROGRAM FOR ELEMENTARY SCHOOL,2,no,,FAMU;UNF
HSC3304,PUBLIC HEALTH STRATEGIES,2,no,,EWU;UNF
HSC3553,PATHOPHYSIOLOGY,2,no,,FAMU;UNF
HSC4102,ESSENTIALS OF HEALTH BEHAVIOR,2,no,,FAMU;UNF
HSC4134,EMOTIONAL HEALTH AND COUNSELING,2,no,,UF;UNF
HSC4150,IMPACTS OF SUBSTANCE ABUSE,2,no,,FGCU;UNF
HSC4238,PROMOTING PHYSICAL ACTIVITY & HEALTHY EATING,2,no,,EWU;UNF
HSC4670,GLOBAL SEXUALITY AND REPRODUCTIVE HEALTH,2,no,,EWU;UNF
HSC4674,GLOBAL HEALTH: WATER - SANITATION AND HYGIENE,2,no,,EWU;UNF
HSC4736,INTRODUCTION TO CLINICAL TRIALS,2,no,,EWU;UNF
HSC4814,COMMUNITY HEALTH PRACTICUM,2,no,,FGCU;UNF
HSC6586,HEALTH AND WELLNESS COACHING,2,no,,UCF;UNF
HSC6587,PUBLIC HEALTH PROGRAM PLANNING,2,no,,UNF;UWF
HSC6603,THEORETICAL FOUNDATIONS OF BEHAVIOR CHANGE,2,no,,UF;UNF
HSC6625,GLOBAL HEALTH,2,no,,UF;UNF
HSC6735,PUBLIC HEALTH RESEARCH,2,no,,UF;UNF
HSC6908,INDEPENDENT STUDY,2,no,,UCF;UNF
HUN6522,PUBLIC HEALTH NUTRITION,2,no,,FIU;UNF
HUN6612,NUTRITION EDUCATION AND COUNSELING,2,no,,UNF;USF
HUN6911,SUPERVISED RESEARCH,2,no,,FSU;UNF
IDC2000C,THE BEAUTY AND JOY OF COMPUTING,2,no,,UNF;USF
IDC2002,AI FOR ALL,2,no,,FIU;UNF
IDH2934,HONORS SPECIAL TOPICS,2,no,,SFSC;UNF
IDH2935,HONORS SELECTED TOPICS,2,no,,SFSC;UNF
IDH3705,HONORS FACILITATION,2,no,,FGCU;UNF
IDH4910,HONORS UNDERGRADUATE RESEARCH,2,no,,UNF;USF
IDS3053,INTERDISCIPLINARY RESEARCH METHODS,2,no,,UCF;UNF
INR4703,INTERNATIONAL POLITICAL ECON,2,no,,FGCU;UNF
INR6705,INTERNATIONAL POLITICAL ECONOMY,2,no,,FIU;UNF
INR6908,INDEPENDENT STUDY,2,no,,UCF;UNF
INR6946,INTERNSHIP,2,no,,UCF;UNF
INR6971,THESIS,2,no,,UCF;UNF
INS3003,INTRODUCTION TO INTERNATIONAL AFFAIRS,2,no,,FSU;UNF
INS4905,DIRECTED INDEPENDENT STUDY,2,no,,UF;UNF
INS4930,SENIOR RESEACH SEMINAR,2,no,,UF;UNF
INS4941,INTERNATIONAL AFFAIRS INTERNSHIP,2,no,,FSU;UNF
INT4947,INTERPRETING PRACTICUM,2,no,,UNF;USF
JOU3004,PRINCIPLES OF JOURNALISM,2,no,,UCF;UNF
JOU3109C,MULTIMEDIA WRITING,2,no,,UF;UNF
JOU3342,MEDIA CONVERGENCE,2,yes,queued,UNF;UWF
JOU4214,ADVANCED DESIGN,2,no,,UF;UNF
LAE3210,LITERACY,2,no,,KU;UNF
LAE6338,TEACHING WRITING - 6-12,2,no,,FIU;UNF
LAH3300,LATIN AMERICA,2,no,,UF;UNF
LAH4741,COLD WAR IN LATIN AMERICA,2,no,,FAU;UNF
LAH5934,TOPICS IN LATIN AMERICAN HISTORY,2,no,,UF;UNF
LAH6905,DIRECTED STUDY,2,no,,UNF;UWF
LDR3003,INTRODUCTION TO LEADERSHIP,2,no,,UNF;USF
LIS3021,LIBRARY AND ARCHIVAL FOUNDATIONS,2,no,,FSU;UNF
LIT3213,LITERARY THEORY,2,no,,FAU;UNF
LIT4243,MAJOR AUTHORS,2,no,,FAU;UNF
LIT4905,DIRECTED STUDY,2,no,,UNF;UWF
LIT4934,ADVANCED TOPICS IN CRIT THEORY,2,no,,FGCU;UNF
LIT5934,SPECIAL TOPICS,2,no,,FIU;UNF
LIT6246,MAJOR AUTHORS,2,no,,FAU;UNF
LIT6855,CULTURAL STUDIES: ISSUES,2,no,,UF;UNF
MAD6405,NUMERICAL ANALYSIS,2,no,,UNF;UWF
MAN4029,SERVICE OPERATIONS,2,no,,FAU;UNF
MAN4064,CRISIS MANAGEMENT,2,no,,FIU;UNF
MAN4312,EMPLOYEE RELATIONS,2,no,,LSSC;UNF
MAN4942,MANAGEMENT INTERNSHIP,2,no,,FAMU;UNF
MAN6501,OPERATIONS MANAGEMENT,2,no,,FAU;UNF
MAN6724,STRATEGIC MANAGEMENT,2,no,,UF;UNF
MAN6726,STRATEGIC MANAGEMENT,2,no,,FIU;UNF
MAN6789,SOCIAL MEDIA FOR MANAGERS,2,no,,FNU;UNF
MAP3170,INTRODUCTION TO ACTUARIAL MATHEMATICS,2,no,,UNF;USF
MAP6195,ANALYSIS OF LARGE DATA SETS,2,no,,UCF;UNF
MAP6336,ORDINARY DIFFERENTIAL EQUATIONS,2,no,,FAU;UNF
MAP6385,SCIENTIFIC COMPUTING,2,no,,UCF;UNF
MAS4156,(GM)VECTOR ANALYSIS,2,no,,UF;UNF
MAS4932,SPECIAL TOPICS,2,no,,UCF;UNF
MAS6218,TOPICS IN NUMBER THEORY,2,no,,FAU;UNF
MAS6938,SPECIAL TOPICS,2,no,,UCF;UNF
MCB3930C,SPECIAL TOPICS,2,no,,UCF;UNF
MGF1113,MATHEMATICS FOR TEACHERS,2,no,,FSWSC;UNF
MHS6404,THEORIES IN CLINICAL MENTAL HEALTH COUNSELING,2,no,,FGCU;UNF
MHS6405,ADVANCED COUNSELING,2,no,,FGCU;UNF
MHS6407,THEORIES OF COUNSELING,2,no,,UCF;UNF
MHS6448,GRIEF AND LOSS IN COUNSELING,2,no,,UCF;UNF
MHS6530,GROUP WORK FOR SCHOOL COUNSELING,2,no,,FGCU;UNF
MHS6780,ETHICS IN APPLIED BEHAVIOR ANALYSIS,2,no,,UNF;USF
MHS6941,CLINICAL COUNSELING SKILLS,2,no,,UNF;USF
MHS6970,THESIS,2,no,,FSU;UNF
MMC3105,MEDIA WRITING II,2,no,,EWU;UNF
MMC3614,MEDIA AND POLITICS,2,no,,UF;UNF
MMC4500,MEDIA HISTORY,2,no,,FIU;UNF
MMC5946C,JOURNALISM AND MEDIA INTERNSHIP,2,no,,FIU;UNF
MMC6206,MASS COMMUNICATIONS ETHICS,2,no,,UNF;USF
MMC6256,FOUNDATIONS OF COMMUNICATION MANAGEMENT,2,no,,FULLSAIL;UNF
MMC6421,RESEARCH METHODS IN MASS COMMUNICATIONS,2,no,,UF;UNF
MMC6426,QUALITATIVE RESEARCH,2,no,,UF;UNF
MMC6730,SOCIAL MEDIA MANAGEMENT,2,no,,UF;UNF
MUC2211,MUSIC COMPOSITION I,2,no,,FAU;UNF
MUC3620,JAZZ COMPOSITION,2,no,,FSU;UNF
MUE2410,CHORAL TECHNIQUES FOR INSTRUMENTALISTS,2,no,,FSU;UNF
MUE2442,STRING SKILLS II,2,no,,UF;UNF
MUE3693,TECHNOLOGY IN MUSIC EDUCATION,2,no,,UCF;UNF
MUE5316,ORGANIZING & TEACHING ELEM ED,2,no,,FSU;UNF
MUE6790,CAPSTONE PROJECT FOR MUSIC EDUCATION,2,no,,UF;UNF
MUG6206,APPLIED CHORAL CONDUCTING,2,no,,FAU;UNF
MUG6305,ADVANCED INSTRUMENTAL CONDUCTING,2,no,,FAU;UNF
MUG6306,CONDUCTING AND LITERATURE,2,no,,UCF;UNF
MUH2017,SURVEY OF ROCK MUSIC,2,no,,UCF;UNF
MUH3055,AFRICAN AMERICAN MUSIC HERITAGE,2,no,,EWU;UNF
MUH4371,MUSIC SINCE 1900,2,no,,FLAC;UNF
MUH4633,TOPICS IN AMERICAN MUSIC,2,no,,FLAC;UNF
MUH5635,TOPICS IN AMERICAN MUSIC,2,no,,FSU;UNF
MUH5807,EVOLUTION OF JAZZ 2,2,no,,FSU;UNF
MUL4420,STRING CHAMBER MUSIC LITERATURE,2,no,,FSU;UNF
MUL6606,VOCAL LITERATURE,2,no,,FAU;UNF
MUL6645,CHORAL LITERATURE,2,no,,UF;UNF
MUM2634C,DIGITAL AUDIO PRODUCTION,2,no,,UNF;VC
MUN2510,COLLABORATIVE PIANO I,2,no,,FSU;UNF
MUN3103,PEP BAND,2,yes,queued,UNF;UWF
MUN3413,ORCHESTRA,2,no,,FLAC;UNF
MUN3424,WOODWIND QUINTET,2,no,,UNF;USF
MUN3431,BRASS QUINTET,2,no,,UNF;USF
MUN3513,ACCOMPANYING II,2,no,,FAMU;UNF
MUN6125,CONCERT BAND,2,no,,UF;UNF
MUN6435,BRASS CHOIR,2,no,,UNF;USF
MUN6465,GRADUATE CHAMBER MUSIC,2,no,,FAU;UNF
MUS1011,CONCERT ATTENDANCE,2,no,,FAU;UNF
MUS3340,COMPUTER MIDI SCORE,2,no,,FSU;UNF
MUS3930,SPECIAL TOPICS,2,no,,UCF;UNF
MUS5325,THE MUSIC BUSINESS,2,no,,FSU;UNF
MUS5930,SPECIAL TOPICS IN MUSIC,2,no,,FSU;UNF
MUS6205,LYRIC DICTION,2,no,,FAU;UNF
MUS6960,COMPREHENSIVE EXAM,2,no,,UCF;UNF
MUT4365,JAZZ ARRANGING 1,2,no,,UF;UNF
MUT4366,JAZZ ARRANGING 2,2,no,,UF;UNF
MVB4640,BRASS PEDAGOGY,2,no,,UF;UNF
MVB6451,APPLIED TRUMPET,2,no,,UNF;USF
MVB6452,APPLIED FRENCH HORN,2,no,,UNF;USF
MVB6453,APPLIED TROMBONE,2,no,,UNF;USF
MVB6455,APPLIED TUBA,2,no,,UNF;USF
MVJ3238,SECONDARY JAZZ TROMBONE,2,no,,FIU;UNF
MVJ4348,APPLIED JAZZ BASS 4,2,no,,FIU;UNF
MVK3631,PIANO PEDAGOGY I,2,no,,FSU;UNF
MVK3632,PIANO PEDAGOGY II,2,no,,FSU;UNF
MVK4941,INTERNSHIP,2,no,,UCF;UNF
MVK4942,ACCOMPANYING INTERNSHIP I,2,no,,UNF;UWF
MVK6451,APPLIED PIANO,2,no,,UNF;USF
MVP4640,PERCUSSION PEDAGOGY,2,no,,UF;UNF
MVP6451,APPLIED PERCUSSION,2,no,,UNF;USF
MVS3530,STRING REPERTORY,2,no,,FSU;UNF
MVS4641,VIOLIN PEDAGOGY,2,no,,FSU;UNF
MVS6451,APPLIED VIOLIN,2,no,,UNF;USF
MVS6452,APPLIED VIOLA,2,no,,UNF;USF
MVS6453,APPLIED CELLO,2,no,,UNF;USF
MVS6454,APPLIED BASS,2,no,,UNF;USF
MVV6451,APPLIED VOICE,2,no,,UNF;USF
MVV6651,VOCAL PEDAGOGY,2,no,,UF;UNF
MVW4640,WOODWIND PEDAGOGY,2,no,,UF;UNF
MVW6451,APPLIED FLUTE,2,no,,UNF;USF
MVW6452,APPLIED OBOE,2,no,,UNF;USF
MVW6453,APPLIED CLARINET,2,no,,UNF;USF
MVW6455,APPLIED SAXOPHONE,2,no,,UNF;USF
NGR5957,STUDY ABROAD,2,no,,UCF;UNF
NGR6431L,ANESTHESIOLOGY NURSING PRACTICUM I,2,no,,FIU;UNF
NGR6490C,REGIONAL ANESTHESIA AND PAIN MANAGEMENT,2,no,,FIU;UNF
NGR6493,TECHNOLOGY IN ANESTHESIOLOGY NURSING,2,no,,FIU;UNF
NGR6494,ANESTHESIA FOR SPECIAL POPULATIONS I,2,no,,FIU;UNF
NGR6530,NEUROPATHOPHYSIOLOGY OF MENTAL ILLNESS FOR PMHNP,2,no,,UNF;USF
NGR6536L,ADVANCED PRACTICE IN MENTAL HEALTH NURSING CLINICAL EXPERIENCE V: PRACTICUM,2,no,,UNF;USF
NGR6662,SOCIAL DETERMINANTS OF HEALTH,2,no,,FSU;UNF
NGR6702C,INFLUENCING CHANGE IN HEALTHCARE QUALITY AND SAFETY,2,no,,FSU;UNF
NGR6729,NURSING LEADERSHIP II SEMINAR,2,no,,UNF;UWF
NGR6734C,NURSING MANAGEMENT AND LEADERSHIP PROJECT,2,no,,UNF;UWF
NGR6740,ROLE DEVELOPMENT IN ADVANCED PRACTICE NURSING,2,no,,UF;UNF
NGR6870C,NURSING INFORMATICS AND INFORMATION MGMT,2,no,,UF;UNF
NGR6875,HIT CERTIFICATE CAPSTONE,2,no,,UNF;USF
NGR6892,PUBLIC POLICY IMPLICATIONS FOR ADVANCED PRACTICE,2,no,,FAU;UNF
NGR6894,GLOBAL HEALTH CARE AND CULTURE,2,no,,FGCU;UNF
NGR6908,INDEPENDENT STUDY,2,no,,UCF;UNF
NGR7843,STATISTICAL METHODS IN NURSING RESEARCH III,2,no,,UNF;USF
NGR7850,EVIDENCE BASED PRACTICE I,2,no,,FAU;UNF
NGR7871,HEALTHCARE INFORMATICS,2,no,,FIU;UNF
NSC2212C,NAVIGATION AND NAVAL OPERATIONS I,2,no,,UNF;USF
NUR3028,ESSENTIALS OF NURSING PRACTICE,2,no,,UCF;UNF
NUR3028L,ESSENTIALS OF NURSING PRACTICE LAB,2,no,,UCF;UNF
NUR3082,PERSPECTIVES IN CHRONICITY,2,no,,NFC;UNF
NUR3118L,PRACTICUM: CONCEPTS OF HEALTH PROMOTION,2,no,,FAMU;UNF
NUR3196,PATHOPHARMACOLOGY I,2,no,,UF;UNF
NUR3215,ADULT HEALTH I CONCEPTS,2,yes,queued,UNF;UWF
NUR3215L,ADULT HEALTH I CLINICAL,2,yes,queued,UNF;UWF
NUR3684,HEALTH PROMOTION IN NURSING,2,no,,SPC;UNF
NUR4177,HOLISTIC NURSING,2,no,,UCF;UNF
NUR4815,PROFESSIONAL NURSING TRANSFORMATION,2,no,,UF;UNF
NUR4906,INDEPENDENT STUDY,2,no,,UCF;UNF
NUR4956,PORTFOLIO II,2,no,,PESC;UNF
OCB3108L,FIELD STUDIES IN MARINE SCIENCE,2,yes,queued,UNF;UWF
PAD4003,PUBLIC ADMINISTRATION,2,no,,EFSC;UNF
PAD6066,CAPSTONE SEMINAR,2,no,,EWU;UNF
PAD6106,ADMIN BEHAVIOR IN PUBLIC ORGANIZATIONS,2,no,,FAU;UNF
PAD6706,RESEARCH METHODS AND DESIGN           .,2,no,,FIU;UNF
PAD6900,DIRECTED INDEPENDENT STUDY,2,no,,FSU;UNF
PCB4707,SURVIVAL PHYSIOLOGY,2,no,,UNF;USF
PCB5313C,MARINE/ESTUARINE ECOSYSTEMS,2,no,,FAMU;UNF
PCB5845,CELL AND MOLECULAR NEUROSCIENCE,2,no,,FSU;UNF
PCB6447C,COMMUNITY ECOLOGY,2,no,,UF;UNF
PCB6685,POPULATION GENETICS,2,no,,UF;UNF
PCO4004,FOUNDATIONS OF COUNSELING,2,no,,FNU;UNF
PEO3344,TENNIS COACHING,2,no,,FAMU;UNF
PEP3304,COACHING TRACK - FIELD,2,no,,FAMU;UNF
PET3312C,BIOMECHANICS,2,no,,EWU;UNF
PET4942,INTERNSHIP IN KINESIOLOGY,2,no,,UNF;USF
PGY3276C,PROFESSIONAL PRACTICES,2,no,,UCF;UNF
PHC4468,HEALTH DISPARITIES AND DATA ANALYSIS,2,no,,EWU;UNF
PHC6149,PUBLIC HEALTH LEADERSHIP,2,no,,UF;UNF
PHC6762,GLOBAL HEALTH EPIDEMIOLOGY,2,no,,FIU;UNF
PHH3810,PHILOSOPHY OF BUDDHISM,2,no,,FIU;UNF
PHI3453,PHILOSOPHY OF PSYCHIATRY,2,no,,FAU;UNF
PHI3880,PHILOSOPHY OF FILM,2,yes,queued,UNF;UWF
PHI3940,INTERNSHIP,2,no,,UCF;UNF
PHI4941,INTERNSHIP,2,no,,UCF;UNF
PHI4970,SENIOR HONORS THESIS,2,no,,UCF;UNF
PHI5425,PHILOSOPHY OF THE SOCIAL SCIENCES,2,no,,UF;UNF
PHI6971,THESIS,2,no,,UNF;USF
PHM4100,SOCIAL PHILOSOPHY,2,no,,FAMU;UNF
PHM4340,CONTEMPORARY POLITICAL THOUGHT,2,no,,FSU;UNF
PHT6153C,HUMAN PHYSIOLOGY,2,no,,UF;UNF
PHT6161C,NEUROPLASTICITY OF HUMAN MOVEMENT,2,no,,UCF;UNF
PHT6218C,THERAPEUTIC MODALITIES,2,no,,UF;UNF
PHT6306,PATHOLOGY-PHARMACOLOGY,2,no,,UCF;UNF
PHT6941C,DPT 2A CLINICAL,2,no,,FGCU;UNF
PHT6942C,DPT 2B CLINICAL,2,no,,FGCU;UNF
PHT7114,PELVIC HEALTH,2,no,,UCF;UNF
PHT7328C,LIFESPAN: PEDIATRICS,2,no,,UNF;USF
PHT7551,LEADERSHIP IN PHYSICAL THERAPY,2,no,,UNF;USF
PHT7777,MUSCULOSKELETAL CLINICAL PROBLEM SOLVING I,2,no,,UNF;USF
PHT7936,ADVANCED SEMINAR,2,no,,UNF;USF
PHY1024,EXPLORING MAJORING IN PHYSICS,2,no,,FGCU;UNF
PHY4320,ELECTRICITY AND MAGNETISM,2,no,,FAU;UNF
PHY4912,DIRECTED INDEPENDENT RESEARCH,2,no,,UCF;UNF
PHZ3442,SEMICONDUCTOR PHYSICS,2,no,,FLPOLY;UNF
PHZ4303,NUCLEAR PHYSICS,2,no,,FAMU;UNF
POS3606,THE U.S. SUPREME COURT,2,no,,UF;UNF
POS3683,LAW AND FILM,2,no,,FSU;UNF
POS3733,DESIGNING POLITICAL SCIENCE RESEARCH,2,no,,UCF;UNF
POS4750,SURVEY RESEARCH,2,no,,UF;UNF
POS4945,EXECUTIVE INTERNSHIP,2,no,,FIU;UNF
POT4314,DEMOCRATIC THEORY,2,no,,UCF;UNF
PSB4323C,HUMAN PSYCHOPHYSIOLOGY,2,no,,FAU;UNF
PSB6930,SPECIAL TOPICS IN BEHAVIORAL NEUROSCIENCE,2,no,,FAU;UNF
PSY3810,EVOLUTIONARY PSYCHOLOGY,2,no,,FSU;UNF
PSY3832,SPORTS PSYCHOLOGY,2,no,,FGCU;UNF
PSY4935,SPECIAL TOPICS,2,no,,FAU;UNF
PSY4945,PSYCHOLOGY PRACTICUM,2,no,,EWU;UNF
PSY4956,STUDY ABROAD IN PSYCHOLOGY,2,no,,UF;UNF
PSY6908,INDEPENDENT STUDY,2,no,,UCF;UNF
PSY6972,THESIS B,2,no,,FAMU;UNF
PSY6973,THESIS C,2,no,,UCF;UNF
PUP4003,AMERICAN PUBLIC POLICY,2,no,,UCF;UNF
RED4333,CONTENT AREA READING,2,no,,UNF;USF
RED6906,DIRECTED INDIVIDUAL STUDY,2,no,,UNF;USF
REL3040,THEORIES OF RELIGIOUS STUDIES,2,no,,UNF;USF
REL3074,MYTHS AND RITUALS,2,no,,FIU;UNF
REL3101,RELIGION IN POPULAR CULTURE,2,no,,UCF;UNF
REL3127,CHURCH AND STATE,2,no,,FIU;UNF
REL3148,RELIGION & VIOLENCE,2,no,,FIU;UNF
REL3152,RELIGION - RACE - AND ETHNICITY,2,no,,FSU;UNF
REL3330,RELIGION OF INDIA,2,no,,FIU;UNF
REL3345,ZEN BUDDHISM,2,no,,FSU;UNF
REL3380,AMERICAN INDIAN RELIGIONS,2,no,,FIU;UNF
REL3460,PHILOSOPHY OF RELIGION,2,no,,FLAC;UNF
REL3490,BEHIND THE DA VINCI CODE,2,no,,FIU;UNF
RTV3260,MEDIA CONSTRUCTION,2,no,,EWU;UNF
RTV3514C,ADVANCED VIDEO PRODUCTION,2,no,,FLAC;UNF
RTV4291,NARRATIVE PRODUCTION,2,no,,FSU;UNF
RTV4930,SPECIAL TOPICS IN ELECTRONIC MEDIA,2,no,,UF;UNF
SCE6117,SCIENCE FOR ELEMENTARY TEACHERS,2,no,,UF;UNF
SCE6337,SPECIAL METHODS IN TEACHING SCIENCE,2,no,,UF;UNF
SCE6735,TRENDS IN MATH AND SCIENCE EDUCATION FOR ELEMENTARY TEACHERS,2,no,,UNF;USF
SDS4340,CAREER DEVELOPMENT,2,no,,FIU;UNF
SDS6831,SUPERVISION FOR A SPLIT INTERNSHIP,2,no,,UF;UNF
SLS2320C,COEHS CONNECTIONS,2,no,,UNF;USF
SMT6315,STEM METHODS,2,no,,UNF;USF
SOW3213,SOCIAL WELFARE POLICY,2,no,,EWU;UNF
SOW3403,SOCIAL WORK RESEARCH,2,no,,FIU;UNF
SOW4511,FIELD EDUCATION I,2,no,,EWU;UNF
SOW4512,FIELD EDUCATION II,2,no,,EWU;UNF
SOW4651,CHILDREN AND THE LAW,2,no,,FAMU;UNF
SOW4724,CHILD WELFARE,2,no,,FGCU;UNF
SOW5107,HUMAN BEHAVIOR IN THE SOCIAL ENVIRONMENT,2,no,,UCF;UNF
SOW5625,WOMEN - POWER - AND CHANGE,2,no,,FAMU;UNF
SOW5932,GENERALIST PRACTICE II,2,no,,FAMU;UNF
SOW5940,FIELD EDUCATION I,2,no,,UCF;UNF
SOW5941,FIELD EDUCATION II,2,no,,FSU;UNF
SOW6126,HEALTH - ILLNESS - AND DISABILITY,2,no,,UNF;USF
SOW6605,SOCIAL WORK IN HEALTH CARE SETTINGS,2,no,,FAU;UNF
SOW6670,CLINICAL SOCIAL WORK PRACTICE WITH LGBTQ+,2,no,,UCF;UNF
SOW6932,SPECIAL TOPICS,2,no,,FAU;UNF
SOW6945,PRACTICUM IN APPLIED RESEARCH,2,no,,FSU;UNF
SPB3603,DIVERSITY IN SPORT,2,no,,UCF;UNF
SPC3540,PERSUASION,2,no,,FIU;UNF
SPC4064C,PUBLIC SPEAKING FOR PROFESSIONALS,2,no,,TCJ;UNF
SPM3703,SPORT PERFORMANCE ANALYTICS,2,no,,UF;UNF
SPM4184,NIL & BRANDING,2,no,,UF;UNF
SPM4705,APPLIED SPORT ANALYTICS,2,no,,FSU;UNF
SPM4931,SPECIAL TOPICS IN SPORT MANAGEMENT,2,no,,FSU;UNF
SPM5158,ATHLETIC ADMINISTRATION,2,no,,FSU;UNF
SPM5605,SPORT GOVERNANCE,2,no,,FSU;UNF
SPM6106,SPORT FACILITY AND RISK MANAGEMENT,2,no,,UF;UNF
SPM6905,DIRECTED INDEPENDENT STUDY,2,no,,UF;UNF
SPN1032,ELEMENTARY MEDICAL SPANISH,2,no,,SSCF;UNF
SPN1134,ACCELERATED SPANISH REVIEW,2,no,,UF;UNF
SPN3013,SPANISH FOR BUSINESS,2,no,,FIU;UNF
SPN3392,FILM IN SPANISH,2,no,,UF;UNF
SPN3510,CULTURES OF SPAIN,2,no,,UF;UNF
SPN3530,THEATER IN SPANISH,2,no,,UF;UNF
SPN4036,SPANISH FOR HEALTH PROFESSIONS,2,no,,FSU;UNF
SSE4384C,SPECIAL METHODS: SOCIAL STUDIES,2,no,,FIU;UNF
STA4912,DIRECTED INDEPENDENT RESEARCH,2,no,,UCF;UNF
STA6205,DESIGN OF EXPERIMENTS,2,no,,UNF;USF
STA6226,SAMPLING,2,no,,UCF;UNF
STA6446,PROBABILITY,2,no,,FAU;UNF
STA6505,CATEGORICAL DATA ANALYSIS,2,no,,UF;UNF
STA6666,STATISTICAL QUALITY CONTROL,2,no,,UNF;UWF
STA6908,INDEPENDENT STUDY,2,no,,UCF;UNF
SYA3310,QUALITATIVE RESEARCH METHODS,2,no,,FGCU;UNF
SYA4654,PROGRAM EVALUATION,2,no,,FAMU;UNF
SYA5933,SPECIAL STUDY IN SOCIOLOGY,2,no,,UF;UNF
SYD4237,IMMIGRATION AND REFUGEES,2,no,,FIU;UNF
SYD4702,RACE IN GLOBAL CONTEXT,2,no,,FAU;UNF
SYO3110,SOCIOLOGY OF SEXUALITIES,2,no,,FAMU;UNF
SYO4100,SOCIOLOGY OF THE FAMILY,2,no,,FAU;UNF
SYO4461,MEDIA & POP CULTURE,2,no,,FSU;UNF
SYO4536,SOCIAL INEQUALITY,2,no,,UNF;USF
SYP3570,DEVIANCE & SOCIAL CONTROL,2,no,,FAU;UNF
TAX3721,TAX PLANNING,2,no,,FGCU;UNF
TAX6045,TAX RESEARCH & WRITING,2,no,,FGCU;UNF
THE4904,HONORS DIRECTED READING II,2,no,,UCF;UNF
THE4935,SPECIAL TOPICS IN DRAMA AND THEATER,2,no,,FSU;UNF
TRA3035,FOUNDATIONS OF TRANSPORTATION,2,no,,KU;UNF
TRA6015,GRADUATE SURVEY IN TRANSPORTATION,2,no,,FIU;UNF
TRA6905,DIRECTED INDIVIDUAL STUDY,2,no,,FIU;UNF
TSL6245,LANGUAGE PRINCIPLES FOR ESOL TEACHERS,2,no,,UF;UNF
TSL6345,METHODS OF TESOL AND BILINGUAL EDUCATION,2,no,,FAU;UNF
TSL6940,ESOL PRACTICUM,2,no,,UCF;UNF
TSL6945,INTERNSHIP,2,no,,UNF;USF
TTE4106,TRANSPORTATION PLANNING,2,no,,UF;UNF
TTE6272,INTELLIGENT TRANSPORTATION SYSTEMS,2,no,,FAU;UNF
ZOO4752,HISTOLOGY,2,no,,EWU;UNF
ZOO5514,ANIMAL BEHAVIOR,2,no,,UNF;UWF
ZOO5754,ADVANCED HISTOLOGY,2,no,,FIU;UNF
ZOO5754L,COMPARATIVE PATHOLOGY LAB,2,no,,FIU;UNF
